order_id,company_id,order_date,channel,product_category,gross_amount,fee_amount,net_amount,is_cancelled,is_returned
O10000,C001,2026-01-01,자사몰,식품,406046,24256,381790,False,False
O10001,C001,2026-01-01,자사몰,디지털,78269,2599,75670,False,False
O10002,C001,2026-01-01,자사몰,생활용품,121414,8790,112624,False,False
O10003,C001,2026-01-01,자사몰,디지털,185636,13280,172356,False,False
O10004,C001,2026-01-01,자사몰,패션잡화,374247,18594,0,True,False
O10005,C001,2026-01-01,자사몰,식품,79946,2648,77298,False,False
O10006,C001,2026-01-01,자사몰,뷰티,212674,5887,206787,False,False
O10007,C001,2026-01-01,자사몰,생활용품,337400,20984,316416,False,False
O10008,C001,2026-01-01,자사몰,생활용품,223557,16464,207093,False,False
O10009,C002,2026-01-01,오픈마켓,패션잡화,293679,9809,283870,False,True
O10010,C002,2026-01-01,오픈마켓,식품,391977,10139,381838,False,False
O10011,C002,2026-01-01,오픈마켓,뷰티,254503,17556,236947,False,False
O10012,C002,2026-01-01,오픈마켓,뷰티,84692,5537,79155,False,False
O10013,C002,2026-01-01,오픈마켓,생활용품,113788,3709,110079,False,False
O10014,C002,2026-01-01,오픈마켓,뷰티,59809,4416,55393,False,False
O10015,C002,2026-01-01,오픈마켓,생활용품,202149,9606,192543,False,True
O10016,C002,2026-01-01,오픈마켓,식품,160397,8969,151428,False,False
O10017,C002,2026-01-01,오픈마켓,패션잡화,211922,13641,198281,False,False
O10018,C002,2026-01-01,오픈마켓,생활용품,399361,15374,383987,False,False
O10019,C003,2026-01-01,라이브,패션잡화,388442,22987,365455,False,False
O10020,C003,2026-01-01,라이브,디지털,343884,13777,330107,False,False
O10021,C003,2026-01-01,라이브,생활용품,193870,9949,183921,False,False
O10022,C003,2026-01-01,라이브,패션잡화,35129,1825,33304,False,False
O10023,C003,2026-01-01,라이브,패션잡화,36892,2637,34255,False,False
O10024,C003,2026-01-01,라이브,생활용품,405533,27044,0,True,False
O10025,C003,2026-01-01,라이브,디지털,194927,10153,184774,False,False
O10026,C003,2026-01-01,라이브,패션잡화,205240,10996,194244,False,False
O10027,C003,2026-01-01,라이브,식품,291092,20271,270821,False,False
O10028,C003,2026-01-01,라이브,생활용품,273349,17110,256239,False,True
O10029,C003,2026-01-01,라이브,식품,391852,20218,371634,False,False
O10030,C003,2026-01-01,라이브,뷰티,263407,16068,247339,False,False
O10031,C003,2026-01-01,라이브,뷰티,207076,13891,193185,False,False
O10032,C004,2026-01-01,오픈마켓,패션잡화,365327,22895,342432,False,True
O10033,C004,2026-01-01,오픈마켓,디지털,286287,10909,275378,False,False
O10034,C004,2026-01-01,오픈마켓,뷰티,266293,15139,251154,False,False
O10035,C004,2026-01-01,오픈마켓,패션잡화,263125,19125,244000,False,False
O10036,C004,2026-01-01,오픈마켓,디지털,92019,3191,88828,False,False
O10037,C004,2026-01-01,오픈마켓,패션잡화,120991,3803,117188,False,False
O10038,C004,2026-01-01,오픈마켓,뷰티,133280,6420,126860,False,False
O10039,C004,2026-01-01,오픈마켓,디지털,402537,11450,391087,False,False
O10040,C004,2026-01-01,오픈마켓,생활용품,153125,11435,141690,False,False
O10041,C005,2026-01-01,자사몰,식품,269928,7928,262000,False,False
O10042,C005,2026-01-01,자사몰,뷰티,229664,11763,217901,False,False
O10043,C005,2026-01-01,자사몰,식품,39842,2516,37326,False,False
O10044,C005,2026-01-01,자사몰,패션잡화,199420,9012,190408,False,False
O10045,C005,2026-01-01,자사몰,디지털,255164,13472,241692,False,False
O10046,C005,2026-01-01,자사몰,디지털,160217,6040,154177,False,False
O10047,C005,2026-01-01,자사몰,생활용품,340282,23190,317092,False,False
O10048,C005,2026-01-01,자사몰,생활용품,192764,5520,187244,False,False
O10049,C005,2026-01-01,자사몰,패션잡화,251028,16569,234459,False,False
O10050,C005,2026-01-01,자사몰,식품,142895,5700,137195,False,False
O10051,C005,2026-01-01,자사몰,디지털,245731,14997,230734,False,False
O10052,C005,2026-01-01,자사몰,패션잡화,116399,4716,111683,False,False
O10053,C005,2026-01-01,자사몰,생활용품,276860,19373,257487,False,False
O10054,C001,2026-01-02,자사몰,생활용품,397515,28181,369334,False,False
O10055,C001,2026-01-02,자사몰,식품,262906,7772,255134,False,False
O10056,C001,2026-01-02,자사몰,패션잡화,269748,8975,260773,False,True
O10057,C001,2026-01-02,자사몰,디지털,135534,9597,125937,False,False
O10058,C001,2026-01-02,자사몰,패션잡화,222365,11878,0,True,False
O10059,C001,2026-01-02,자사몰,패션잡화,139111,3583,135528,False,False
O10060,C002,2026-01-02,오픈마켓,패션잡화,40439,1839,38600,False,False
O10061,C002,2026-01-02,오픈마켓,뷰티,363576,16831,346745,False,False
O10062,C002,2026-01-02,오픈마켓,디지털,123773,8516,115257,False,False
O10063,C002,2026-01-02,오픈마켓,패션잡화,62384,2435,59949,False,True
O10064,C002,2026-01-02,오픈마켓,패션잡화,98891,3974,94917,False,False
O10065,C003,2026-01-02,라이브,생활용품,157992,6800,151192,False,False
O10066,C003,2026-01-02,라이브,디지털,165527,12013,153514,False,False
O10067,C003,2026-01-02,라이브,생활용품,194613,7573,0,True,False
O10068,C003,2026-01-02,라이브,패션잡화,313225,23122,290103,False,False
O10069,C003,2026-01-02,라이브,뷰티,195505,6356,189149,False,False
O10070,C003,2026-01-02,라이브,뷰티,369060,22948,346112,False,False
O10071,C003,2026-01-02,라이브,디지털,256201,18216,0,True,False
O10072,C003,2026-01-02,라이브,패션잡화,121772,4896,116876,False,False
O10073,C003,2026-01-02,라이브,패션잡화,397332,16053,381279,False,False
O10074,C003,2026-01-02,라이브,디지털,230672,14029,216643,False,True
O10075,C004,2026-01-02,오픈마켓,디지털,248229,11080,237149,False,False
O10076,C004,2026-01-02,오픈마켓,뷰티,291754,12690,279064,False,False
O10077,C004,2026-01-02,오픈마켓,식품,348564,17400,331164,False,True
O10078,C004,2026-01-02,오픈마켓,패션잡화,195424,8494,186930,False,False
O10079,C004,2026-01-02,오픈마켓,생활용품,141676,10437,131239,False,False
O10080,C004,2026-01-02,오픈마켓,식품,351207,24600,326607,False,False
O10081,C004,2026-01-02,오픈마켓,생활용품,229834,7690,222144,False,False
O10082,C004,2026-01-02,오픈마켓,패션잡화,359577,23648,335929,False,False
O10083,C004,2026-01-02,오픈마켓,디지털,140726,4115,136611,False,False
O10084,C004,2026-01-02,오픈마켓,생활용품,255318,17119,238199,False,False
O10085,C004,2026-01-02,오픈마켓,생활용품,341006,16787,324219,False,False
O10086,C004,2026-01-02,오픈마켓,생활용품,359003,14722,344281,False,False
O10087,C005,2026-01-02,자사몰,생활용품,333224,12334,320890,False,False
O10088,C005,2026-01-02,자사몰,뷰티,183545,11109,172436,False,False
O10089,C005,2026-01-02,자사몰,뷰티,225841,6690,219151,False,False
O10090,C005,2026-01-02,자사몰,패션잡화,382914,17955,364959,False,False
O10091,C005,2026-01-02,자사몰,생활용품,176242,6447,169795,False,False
O10092,C005,2026-01-02,자사몰,뷰티,60234,4261,55973,False,False
O10093,C005,2026-01-02,자사몰,패션잡화,180461,12532,167929,False,False
O10094,C005,2026-01-02,자사몰,디지털,322551,12172,310379,False,False
O10095,C005,2026-01-02,자사몰,식품,372396,14624,357772,False,False
O10096,C005,2026-01-02,자사몰,생활용품,173540,6341,167199,False,False
O10097,C005,2026-01-02,자사몰,뷰티,184012,9125,174887,False,False
O10098,C001,2026-01-03,자사몰,디지털,157622,4201,153421,False,False
O10099,C001,2026-01-03,자사몰,패션잡화,161424,9954,151470,False,False
O10100,C001,2026-01-03,자사몰,생활용품,204824,13736,191088,False,False
O10101,C001,2026-01-03,자사몰,식품,362948,26639,336309,False,False
O10102,C001,2026-01-03,자사몰,뷰티,158310,4589,153721,False,False
O10103,C002,2026-01-03,오픈마켓,식품,129994,9325,120669,False,False
O10104,C002,2026-01-03,오픈마켓,뷰티,245660,15475,230185,False,False
O10105,C002,2026-01-03,오픈마켓,패션잡화,305496,12932,292564,False,False
O10106,C002,2026-01-03,오픈마켓,식품,312175,10601,301574,False,False
O10107,C002,2026-01-03,오픈마켓,생활용품,177756,7045,170711,False,False
O10108,C002,2026-01-03,오픈마켓,생활용품,253203,11571,241632,False,False
O10109,C002,2026-01-03,오픈마켓,생활용품,301249,15680,285569,False,False
O10110,C003,2026-01-03,라이브,패션잡화,129506,5804,123702,False,False
O10111,C003,2026-01-03,라이브,디지털,33366,1964,31402,False,True
O10112,C003,2026-01-03,라이브,뷰티,283488,16609,266879,False,False
O10113,C003,2026-01-03,라이브,식품,81200,2245,78955,False,False
O10114,C003,2026-01-03,라이브,디지털,217156,11131,206025,False,False
O10115,C003,2026-01-03,라이브,뷰티,151138,10670,140468,False,False
O10116,C003,2026-01-03,라이브,패션잡화,312322,23325,288997,False,False
O10117,C003,2026-01-03,라이브,디지털,347797,24731,323066,False,False
O10118,C003,2026-01-03,라이브,디지털,273803,12015,261788,False,False
O10119,C003,2026-01-03,라이브,생활용품,390312,27211,363101,False,False
O10120,C004,2026-01-03,오픈마켓,뷰티,355735,14919,340816,False,False
O10121,C004,2026-01-03,오픈마켓,생활용품,351198,17013,334185,False,False
O10122,C004,2026-01-03,오픈마켓,식품,209858,6227,203631,False,False
O10123,C004,2026-01-03,오픈마켓,디지털,384376,16023,368353,False,False
O10124,C004,2026-01-03,오픈마켓,뷰티,103381,3027,100354,False,False
O10125,C004,2026-01-03,오픈마켓,뷰티,34658,1552,33106,False,False
O10126,C004,2026-01-03,오픈마켓,패션잡화,59373,3643,55730,False,False
O10127,C004,2026-01-03,오픈마켓,디지털,198292,10770,187522,False,False
O10128,C004,2026-01-03,오픈마켓,디지털,127923,6025,121898,False,False
O10129,C004,2026-01-03,오픈마켓,생활용품,278177,9849,268328,False,False
O10130,C004,2026-01-03,오픈마켓,뷰티,69701,3154,66547,False,False
O10131,C004,2026-01-03,오픈마켓,뷰티,81156,4188,76968,False,False
O10132,C005,2026-01-03,자사몰,생활용품,384948,20721,364227,False,False
O10133,C005,2026-01-03,자사몰,생활용품,156894,4814,152080,False,False
O10134,C005,2026-01-03,자사몰,패션잡화,320564,19099,301465,False,False
O10135,C005,2026-01-03,자사몰,식품,231874,6209,225665,False,False
O10136,C005,2026-01-03,자사몰,식품,333376,11139,322237,False,False
O10137,C005,2026-01-03,자사몰,생활용품,194377,11176,183201,False,False
O10138,C005,2026-01-03,자사몰,패션잡화,183406,6746,176660,False,False
O10139,C001,2026-01-04,자사몰,식품,395420,17572,377848,False,False
O10140,C001,2026-01-04,자사몰,생활용품,251250,12785,238465,False,False
O10141,C001,2026-01-04,자사몰,뷰티,52699,3173,49526,False,False
O10142,C001,2026-01-04,자사몰,디지털,212097,6933,205164,False,False
O10143,C001,2026-01-04,자사몰,식품,173934,10208,163726,False,False
O10144,C001,2026-01-04,자사몰,생활용품,404777,17179,387598,False,False
O10145,C001,2026-01-04,자사몰,디지털,186767,12645,174122,False,False
O10146,C001,2026-01-04,자사몰,뷰티,372166,23043,349123,False,False
O10147,C001,2026-01-04,자사몰,패션잡화,310869,14943,295926,False,False
O10148,C001,2026-01-04,자사몰,뷰티,337057,17711,319346,False,False
O10149,C002,2026-01-04,오픈마켓,뷰티,280382,7072,273310,False,False
O10150,C002,2026-01-04,오픈마켓,뷰티,281402,15210,266192,False,False
O10151,C002,2026-01-04,오픈마켓,디지털,335651,9903,325748,False,False
O10152,C002,2026-01-04,오픈마켓,패션잡화,81002,5710,75292,False,False
O10153,C002,2026-01-04,오픈마켓,생활용품,36090,2135,33955,False,False
O10154,C002,2026-01-04,오픈마켓,생활용품,175006,9107,165899,False,False
O10155,C002,2026-01-04,오픈마켓,뷰티,78557,2474,76083,False,False
O10156,C002,2026-01-04,오픈마켓,생활용품,264572,16980,247592,False,False
O10157,C002,2026-01-04,오픈마켓,식품,181366,9881,171485,False,False
O10158,C002,2026-01-04,오픈마켓,패션잡화,277828,11248,266580,False,False
O10159,C002,2026-01-04,오픈마켓,디지털,34671,1714,32957,False,False
O10160,C002,2026-01-04,오픈마켓,패션잡화,307208,20128,287080,False,False
O10161,C002,2026-01-04,오픈마켓,생활용품,42375,2832,39543,False,False
O10162,C002,2026-01-04,오픈마켓,패션잡화,156404,6533,149871,False,False
O10163,C003,2026-01-04,라이브,패션잡화,85905,3596,82309,False,True
O10164,C003,2026-01-04,라이브,패션잡화,261536,17651,243885,False,False
O10165,C003,2026-01-04,라이브,식품,68801,3060,65741,False,False
O10166,C003,2026-01-04,라이브,뷰티,295272,20301,274971,False,False
O10167,C003,2026-01-04,라이브,생활용품,223006,15041,207965,False,False
O10168,C003,2026-01-04,라이브,패션잡화,315610,18739,296871,False,False
O10169,C003,2026-01-04,라이브,생활용품,415126,12656,402470,False,False
O10170,C003,2026-01-04,라이브,디지털,59892,3015,56877,False,False
O10171,C003,2026-01-04,라이브,디지털,193915,10841,183074,False,False
O10172,C003,2026-01-04,라이브,식품,112462,3460,109002,False,False
O10173,C003,2026-01-04,라이브,패션잡화,377125,22745,354380,False,True
O10174,C003,2026-01-04,라이브,패션잡화,47906,2329,0,True,False
O10175,C003,2026-01-04,라이브,뷰티,81338,5289,76049,False,False
O10176,C003,2026-01-04,라이브,뷰티,72171,3393,68778,False,False
O10177,C003,2026-01-04,라이브,식품,163198,4759,158439,False,False
O10178,C004,2026-01-04,오픈마켓,패션잡화,247132,9966,237166,False,False
O10179,C004,2026-01-04,오픈마켓,뷰티,106358,7957,98401,False,False
O10180,C004,2026-01-04,오픈마켓,생활용품,127804,9297,118507,False,False
O10181,C004,2026-01-04,오픈마켓,디지털,35417,2164,33253,False,False
O10182,C004,2026-01-04,오픈마켓,디지털,283574,8436,275138,False,False
O10183,C004,2026-01-04,오픈마켓,생활용품,62370,3102,59268,False,False
O10184,C004,2026-01-04,오픈마켓,생활용품,58583,1533,57050,False,False
O10185,C004,2026-01-04,오픈마켓,뷰티,42736,2167,0,True,False
O10186,C004,2026-01-04,오픈마켓,패션잡화,288788,15332,273456,False,False
O10187,C004,2026-01-04,오픈마켓,식품,129158,6227,122931,False,False
O10188,C005,2026-01-04,자사몰,뷰티,78995,5641,73354,False,False
O10189,C005,2026-01-04,자사몰,패션잡화,307621,22122,285499,False,False
O10190,C005,2026-01-04,자사몰,디지털,41071,1340,39731,False,False
O10191,C005,2026-01-04,자사몰,생활용품,408985,20635,388350,False,False
O10192,C005,2026-01-04,자사몰,뷰티,270601,9523,261078,False,False
O10193,C005,2026-01-04,자사몰,디지털,184862,5855,179007,False,True
O10194,C005,2026-01-04,자사몰,패션잡화,185400,7006,178394,False,False
O10195,C005,2026-01-04,자사몰,생활용품,365402,11983,353419,False,False
O10196,C005,2026-01-04,자사몰,식품,314680,19555,295125,False,False
O10197,C005,2026-01-04,자사몰,뷰티,394165,21123,373042,False,False
O10198,C005,2026-01-04,자사몰,뷰티,109103,7183,101920,False,False
O10199,C005,2026-01-04,자사몰,뷰티,266722,10890,255832,False,False
O10200,C005,2026-01-04,자사몰,패션잡화,231086,12264,218822,False,False
O10201,C005,2026-01-04,자사몰,패션잡화,235367,12961,0,True,False
O10202,C001,2026-01-05,자사몰,식품,109323,5435,0,True,False
O10203,C001,2026-01-05,자사몰,디지털,252964,15751,0,True,False
O10204,C001,2026-01-05,자사몰,디지털,157033,9826,147207,False,False
O10205,C001,2026-01-05,자사몰,생활용품,319973,20403,299570,False,False
O10206,C001,2026-01-05,자사몰,디지털,83542,3589,79953,False,False
O10207,C001,2026-01-05,자사몰,생활용품,139111,9040,130071,False,False
O10208,C001,2026-01-05,자사몰,뷰티,67005,2305,64700,False,False
O10209,C001,2026-01-05,자사몰,뷰티,76697,4156,72541,False,False
O10210,C001,2026-01-05,자사몰,식품,159302,8434,150868,False,True
O10211,C001,2026-01-05,자사몰,디지털,37299,1343,35956,False,False
O10212,C002,2026-01-05,오픈마켓,생활용품,104926,2660,102266,False,False
O10213,C002,2026-01-05,오픈마켓,생활용품,278526,20841,257685,False,False
O10214,C002,2026-01-05,오픈마켓,패션잡화,173420,11204,162216,False,False
O10215,C002,2026-01-05,오픈마켓,식품,205145,8928,196217,False,False
O10216,C002,2026-01-05,오픈마켓,디지털,93670,2624,91046,False,False
O10217,C002,2026-01-05,오픈마켓,디지털,310644,16300,294344,False,True
O10218,C002,2026-01-05,오픈마켓,생활용품,411742,30834,380908,False,False
O10219,C002,2026-01-05,오픈마켓,패션잡화,116421,6648,109773,False,False
O10220,C002,2026-01-05,오픈마켓,생활용품,185763,11167,174596,False,False
O10221,C003,2026-01-05,라이브,식품,174158,10453,163705,False,False
O10222,C003,2026-01-05,라이브,식품,231733,6350,0,True,False
O10223,C003,2026-01-05,라이브,뷰티,99118,5149,93969,False,False
O10224,C003,2026-01-05,라이브,디지털,167610,6596,161014,False,False
O10225,C003,2026-01-05,라이브,디지털,373496,18006,355490,False,False
O10226,C004,2026-01-05,오픈마켓,디지털,168482,8827,159655,False,False
O10227,C004,2026-01-05,오픈마켓,식품,63193,4420,58773,False,False
O10228,C004,2026-01-05,오픈마켓,뷰티,195208,7741,187467,False,False
O10229,C004,2026-01-05,오픈마켓,식품,37230,1372,35858,False,False
O10230,C004,2026-01-05,오픈마켓,디지털,128032,4780,123252,False,False
O10231,C004,2026-01-05,오픈마켓,생활용품,354677,24329,330348,False,False
O10232,C004,2026-01-05,오픈마켓,뷰티,378499,14687,0,True,False
O10233,C004,2026-01-05,오픈마켓,식품,54254,1762,52492,False,False
O10234,C004,2026-01-05,오픈마켓,식품,62137,3808,58329,False,False
O10235,C004,2026-01-05,오픈마켓,패션잡화,149106,10566,138540,False,False
O10236,C004,2026-01-05,오픈마켓,식품,153407,7698,145709,False,False
O10237,C004,2026-01-05,오픈마켓,디지털,384236,22393,361843,False,False
O10238,C004,2026-01-05,오픈마켓,디지털,196186,4920,191266,False,False
O10239,C004,2026-01-05,오픈마켓,뷰티,381148,14159,366989,False,True
O10240,C005,2026-01-05,자사몰,뷰티,156062,4961,151101,False,False
O10241,C005,2026-01-05,자사몰,식품,227436,13468,213968,False,True
O10242,C005,2026-01-05,자사몰,패션잡화,273553,17798,255755,False,False
O10243,C005,2026-01-05,자사몰,패션잡화,328317,23868,304449,False,False
O10244,C005,2026-01-05,자사몰,디지털,277386,15323,262063,False,False
O10245,C005,2026-01-05,자사몰,디지털,203212,12008,191204,False,False
O10246,C005,2026-01-05,자사몰,생활용품,51754,1738,50016,False,False
O10247,C005,2026-01-05,자사몰,생활용품,92399,3164,89235,False,False
O10248,C005,2026-01-05,자사몰,생활용품,35874,2091,33783,False,False
O10249,C001,2026-01-06,자사몰,뷰티,317752,13871,303881,False,False
O10250,C001,2026-01-06,자사몰,식품,216025,11447,204578,False,False
O10251,C001,2026-01-06,자사몰,식품,128202,3395,124807,False,False
O10252,C001,2026-01-06,자사몰,뷰티,171421,7096,164325,False,False
O10253,C001,2026-01-06,자사몰,디지털,92961,6352,86609,False,False
O10254,C001,2026-01-06,자사몰,디지털,389094,28680,360414,False,True
O10255,C001,2026-01-06,자사몰,패션잡화,311721,23346,288375,False,False
O10256,C001,2026-01-06,자사몰,생활용품,316443,8036,308407,False,False
O10257,C001,2026-01-06,자사몰,뷰티,83989,3261,80728,False,False
O10258,C001,2026-01-06,자사몰,식품,284517,21003,263514,False,False
O10259,C002,2026-01-06,오픈마켓,디지털,285445,19863,265582,False,False
O10260,C002,2026-01-06,오픈마켓,식품,178222,12073,166149,False,False
O10261,C002,2026-01-06,오픈마켓,패션잡화,214314,15941,198373,False,False
O10262,C002,2026-01-06,오픈마켓,식품,142142,6644,135498,False,False
O10263,C002,2026-01-06,오픈마켓,패션잡화,85194,3850,81344,False,False
O10264,C002,2026-01-06,오픈마켓,식품,170853,5817,165036,False,False
O10265,C002,2026-01-06,오픈마켓,생활용품,106486,4294,102192,False,False
O10266,C002,2026-01-06,오픈마켓,패션잡화,202967,10337,192630,False,True
O10267,C002,2026-01-06,오픈마켓,디지털,131659,4749,126910,False,False
O10268,C003,2026-01-06,라이브,디지털,407266,24394,382872,False,False
O10269,C003,2026-01-06,라이브,식품,355280,21982,333298,False,False
O10270,C003,2026-01-06,라이브,뷰티,150294,10664,139630,False,False
O10271,C003,2026-01-06,라이브,패션잡화,155230,10756,0,True,False
O10272,C003,2026-01-06,라이브,디지털,172042,9494,162548,False,False
O10273,C003,2026-01-06,라이브,패션잡화,90863,5002,85861,False,False
O10274,C003,2026-01-06,라이브,뷰티,237135,13426,223709,False,False
O10275,C003,2026-01-06,라이브,패션잡화,71031,4832,66199,False,False
O10276,C003,2026-01-06,라이브,식품,214909,10868,204041,False,False
O10277,C003,2026-01-06,라이브,식품,256299,16519,239780,False,False
O10278,C003,2026-01-06,라이브,생활용품,380078,19587,360491,False,False
O10279,C003,2026-01-06,라이브,식품,392835,11763,381072,False,False
O10280,C003,2026-01-06,라이브,디지털,395586,26353,0,True,False
O10281,C003,2026-01-06,라이브,디지털,284769,19775,264994,False,False
O10282,C003,2026-01-06,라이브,뷰티,213763,14108,199655,False,False
O10283,C004,2026-01-06,오픈마켓,생활용품,361456,21441,340015,False,False
O10284,C004,2026-01-06,오픈마켓,패션잡화,144714,7948,136766,False,False
O10285,C004,2026-01-06,오픈마켓,패션잡화,179103,11786,167317,False,False
O10286,C004,2026-01-06,오픈마켓,식품,56504,1864,54640,False,False
O10287,C004,2026-01-06,오픈마켓,식품,336801,16255,320546,False,False
O10288,C004,2026-01-06,오픈마켓,디지털,234717,12651,222066,False,False
O10289,C004,2026-01-06,오픈마켓,디지털,348253,9910,338343,False,False
O10290,C005,2026-01-06,자사몰,패션잡화,283225,20446,262779,False,False
O10291,C005,2026-01-06,자사몰,생활용품,94139,3188,90951,False,True
O10292,C005,2026-01-06,자사몰,디지털,304612,10558,294054,False,False
O10293,C005,2026-01-06,자사몰,디지털,376260,16251,360009,False,False
O10294,C005,2026-01-06,자사몰,패션잡화,215556,12489,203067,False,False
O10295,C005,2026-01-06,자사몰,식품,236566,15040,221526,False,False
O10296,C005,2026-01-06,자사몰,패션잡화,95036,2884,92152,False,False
O10297,C005,2026-01-06,자사몰,디지털,112371,7101,105270,False,True
O10298,C001,2026-01-07,자사몰,뷰티,396731,11623,385108,False,False
O10299,C001,2026-01-07,자사몰,생활용품,314099,17613,0,True,False
O10300,C001,2026-01-07,자사몰,생활용품,364194,13833,350361,False,False
O10301,C001,2026-01-07,자사몰,식품,149745,7520,142225,False,False
O10302,C001,2026-01-07,자사몰,디지털,178338,11985,166353,False,False
O10303,C001,2026-01-07,자사몰,식품,291126,11680,279446,False,False
O10304,C002,2026-01-07,오픈마켓,뷰티,46678,2807,43871,False,False
O10305,C002,2026-01-07,오픈마켓,식품,370476,27101,0,True,False
O10306,C002,2026-01-07,오픈마켓,패션잡화,307648,12970,294678,False,False
O10307,C002,2026-01-07,오픈마켓,패션잡화,72556,5249,67307,False,False
O10308,C003,2026-01-07,라이브,디지털,252032,14475,237557,False,False
O10309,C003,2026-01-07,라이브,디지털,161869,7207,154662,False,False
O10310,C003,2026-01-07,라이브,디지털,82277,5618,76659,False,False
O10311,C003,2026-01-07,라이브,생활용품,224322,7101,217221,False,False
O10312,C003,2026-01-07,라이브,패션잡화,229744,14843,214901,False,False
O10313,C003,2026-01-07,라이브,생활용품,156991,6069,150922,False,False
O10314,C003,2026-01-07,라이브,생활용품,265873,14666,251207,False,False
O10315,C003,2026-01-07,라이브,생활용품,295930,22071,0,True,False
O10316,C003,2026-01-07,라이브,생활용품,158090,11357,146733,False,False
O10317,C003,2026-01-07,라이브,디지털,149575,10797,138778,False,False
O10318,C003,2026-01-07,라이브,생활용품,60975,1781,59194,False,False
O10319,C003,2026-01-07,라이브,패션잡화,96059,4258,91801,False,False
O10320,C003,2026-01-07,라이브,식품,324494,14452,310042,False,False
O10321,C003,2026-01-07,라이브,생활용품,357676,20785,336891,False,False
O10322,C004,2026-01-07,오픈마켓,생활용품,123346,3911,119435,False,False
O10323,C004,2026-01-07,오픈마켓,패션잡화,238363,15050,223313,False,False
O10324,C004,2026-01-07,오픈마켓,생활용품,148622,10350,138272,False,False
O10325,C004,2026-01-07,오픈마켓,식품,105003,7691,97312,False,False
O10326,C004,2026-01-07,오픈마켓,식품,187729,5196,182533,False,False
O10327,C004,2026-01-07,오픈마켓,디지털,276413,16517,259896,False,False
O10328,C004,2026-01-07,오픈마켓,패션잡화,300121,20751,279370,False,False
O10329,C004,2026-01-07,오픈마켓,생활용품,145852,4624,141228,False,False
O10330,C005,2026-01-07,자사몰,생활용품,366148,9840,356308,False,False
O10331,C005,2026-01-07,자사몰,패션잡화,212066,10513,201553,False,False
O10332,C005,2026-01-07,자사몰,디지털,150570,11116,139454,False,False
O10333,C005,2026-01-07,자사몰,패션잡화,171235,10611,160624,False,False
O10334,C005,2026-01-07,자사몰,패션잡화,154470,9376,145094,False,False
O10335,C005,2026-01-07,자사몰,패션잡화,279653,17158,262495,False,False
O10336,C005,2026-01-07,자사몰,디지털,166791,11967,154824,False,True
O10337,C005,2026-01-07,자사몰,생활용품,171922,6476,165446,False,False
O10338,C005,2026-01-07,자사몰,패션잡화,356834,9495,347339,False,False
O10339,C005,2026-01-07,자사몰,식품,138372,5108,133264,False,False
O10340,C005,2026-01-07,자사몰,생활용품,328940,14679,314261,False,False
O10341,C005,2026-01-07,자사몰,디지털,283185,9052,274133,False,False
O10342,C005,2026-01-07,자사몰,식품,352807,22581,330226,False,False
O10343,C005,2026-01-07,자사몰,뷰티,94041,6856,87185,False,True
O10344,C005,2026-01-07,자사몰,생활용품,350508,19966,330542,False,False
O10345,C001,2026-01-08,자사몰,식품,261911,6954,254957,False,False
O10346,C001,2026-01-08,자사몰,식품,206606,8731,197875,False,False
O10347,C001,2026-01-08,자사몰,생활용품,182405,12858,169547,False,False
O10348,C001,2026-01-08,자사몰,뷰티,269083,10915,258168,False,False
O10349,C001,2026-01-08,자사몰,식품,236012,13995,222017,False,False
O10350,C001,2026-01-08,자사몰,생활용품,367429,11815,355614,False,False
O10351,C001,2026-01-08,자사몰,식품,382518,17025,365493,False,True
O10352,C001,2026-01-08,자사몰,디지털,318554,22580,295974,False,False
O10353,C001,2026-01-08,자사몰,생활용품,146305,4349,141956,False,False
O10354,C001,2026-01-08,자사몰,생활용품,328472,21349,0,True,False
O10355,C002,2026-01-08,오픈마켓,패션잡화,193516,5701,187815,False,False
O10356,C002,2026-01-08,오픈마켓,패션잡화,165975,8452,157523,False,False
O10357,C002,2026-01-08,오픈마켓,패션잡화,119635,5774,113861,False,False
O10358,C002,2026-01-08,오픈마켓,뷰티,364809,21323,343486,False,False
O10359,C002,2026-01-08,오픈마켓,뷰티,209434,10010,199424,False,False
O10360,C002,2026-01-08,오픈마켓,뷰티,264241,6709,257532,False,False
O10361,C002,2026-01-08,오픈마켓,뷰티,241102,7355,233747,False,False
O10362,C002,2026-01-08,오픈마켓,패션잡화,197009,12203,184806,False,False
O10363,C003,2026-01-08,라이브,생활용품,221729,8416,213313,False,False
O10364,C003,2026-01-08,라이브,패션잡화,276718,17777,258941,False,False
O10365,C003,2026-01-08,라이브,식품,157323,10992,146331,False,False
O10366,C003,2026-01-08,라이브,생활용품,339721,15618,324103,False,False
O10367,C003,2026-01-08,라이브,식품,38237,2813,35424,False,False
O10368,C003,2026-01-08,라이브,디지털,214290,10925,203365,False,False
O10369,C003,2026-01-08,라이브,디지털,76183,5128,71055,False,False
O10370,C004,2026-01-08,오픈마켓,디지털,368474,10728,357746,False,False
O10371,C004,2026-01-08,오픈마켓,식품,47903,2570,45333,False,False
O10372,C004,2026-01-08,오픈마켓,디지털,87797,3551,84246,False,False
O10373,C004,2026-01-08,오픈마켓,패션잡화,354667,18323,0,True,False
O10374,C004,2026-01-08,오픈마켓,식품,51148,2555,48593,False,False
O10375,C004,2026-01-08,오픈마켓,뷰티,396954,23795,373159,False,False
O10376,C004,2026-01-08,오픈마켓,식품,203606,13724,189882,False,False
O10377,C004,2026-01-08,오픈마켓,디지털,408567,28771,379796,False,False
O10378,C004,2026-01-08,오픈마켓,뷰티,73944,2442,71502,False,False
O10379,C004,2026-01-08,오픈마켓,식품,149257,4766,144491,False,False
O10380,C004,2026-01-08,오픈마켓,디지털,241060,8493,232567,False,False
O10381,C005,2026-01-08,자사몰,생활용품,137583,5622,131961,False,False
O10382,C005,2026-01-08,자사몰,패션잡화,122870,8266,114604,False,False
O10383,C005,2026-01-08,자사몰,식품,300645,7985,292660,False,False
O10384,C005,2026-01-08,자사몰,뷰티,405136,20237,384899,False,False
O10385,C005,2026-01-08,자사몰,뷰티,245978,11476,234502,False,False
O10386,C005,2026-01-08,자사몰,디지털,142180,8059,134121,False,False
O10387,C005,2026-01-08,자사몰,식품,257588,18498,239090,False,False
O10388,C005,2026-01-08,자사몰,식품,111810,7339,104471,False,False
O10389,C005,2026-01-08,자사몰,패션잡화,358808,25955,332853,False,False
O10390,C005,2026-01-08,자사몰,패션잡화,156745,10849,145896,False,False
O10391,C005,2026-01-08,자사몰,뷰티,191098,12424,178674,False,False
O10392,C005,2026-01-08,자사몰,생활용품,232648,7286,225362,False,False
O10393,C005,2026-01-08,자사몰,디지털,215864,10249,0,True,False
O10394,C001,2026-01-09,자사몰,뷰티,316404,14401,302003,False,False
O10395,C001,2026-01-09,자사몰,생활용품,267408,19700,247708,False,False
O10396,C001,2026-01-09,자사몰,패션잡화,291101,11989,279112,False,False
O10397,C001,2026-01-09,자사몰,디지털,143893,5148,138745,False,False
O10398,C001,2026-01-09,자사몰,생활용품,78097,5141,0,True,False
O10399,C001,2026-01-09,자사몰,식품,203806,14910,188896,False,False
O10400,C001,2026-01-09,자사몰,디지털,174531,10167,164364,False,False
O10401,C001,2026-01-09,자사몰,패션잡화,335324,17242,318082,False,False
O10402,C001,2026-01-09,자사몰,식품,395162,18539,376623,False,False
O10403,C001,2026-01-09,자사몰,생활용품,206325,14844,191481,False,False
O10404,C001,2026-01-09,자사몰,생활용품,419330,25418,393912,False,False
O10405,C001,2026-01-09,자사몰,패션잡화,91973,3468,88505,False,False
O10406,C002,2026-01-09,오픈마켓,식품,390453,16608,373845,False,False
O10407,C002,2026-01-09,오픈마켓,패션잡화,399436,28647,370789,False,False
O10408,C002,2026-01-09,오픈마켓,식품,414166,24255,389911,False,False
O10409,C002,2026-01-09,오픈마켓,뷰티,213080,9988,203092,False,False
O10410,C002,2026-01-09,오픈마켓,패션잡화,292877,20159,272718,False,False
O10411,C002,2026-01-09,오픈마켓,생활용품,263629,17317,246312,False,False
O10412,C002,2026-01-09,오픈마켓,디지털,177923,7108,170815,False,True
O10413,C002,2026-01-09,오픈마켓,디지털,353244,21401,331843,False,False
O10414,C002,2026-01-09,오픈마켓,생활용품,311602,12922,298680,False,False
O10415,C002,2026-01-09,오픈마켓,뷰티,97251,4450,92801,False,False
O10416,C003,2026-01-09,라이브,뷰티,377216,21019,356197,False,False
O10417,C003,2026-01-09,라이브,생활용품,77391,4965,72426,False,True
O10418,C003,2026-01-09,라이브,패션잡화,294239,20678,273561,False,False
O10419,C003,2026-01-09,라이브,뷰티,176941,4821,172120,False,False
O10420,C003,2026-01-09,라이브,식품,120778,7429,113349,False,False
O10421,C003,2026-01-09,라이브,식품,46522,1899,44623,False,False
O10422,C003,2026-01-09,라이브,뷰티,171132,10182,160950,False,False
O10423,C003,2026-01-09,라이브,식품,135405,5103,130302,False,False
O10424,C003,2026-01-09,라이브,뷰티,264759,17408,247351,False,False
O10425,C003,2026-01-09,라이브,식품,121094,4026,117068,False,False
O10426,C003,2026-01-09,라이브,식품,235086,8940,226146,False,False
O10427,C004,2026-01-09,오픈마켓,생활용품,376667,23579,353088,False,False
O10428,C004,2026-01-09,오픈마켓,생활용품,174002,5870,168132,False,False
O10429,C004,2026-01-09,오픈마켓,생활용품,147104,8184,138920,False,False
O10430,C004,2026-01-09,오픈마켓,식품,140385,8264,132121,False,False
O10431,C004,2026-01-09,오픈마켓,식품,407455,23397,384058,False,False
O10432,C004,2026-01-09,오픈마켓,식품,100886,6592,94294,False,False
O10433,C004,2026-01-09,오픈마켓,패션잡화,116471,8341,108130,False,False
O10434,C004,2026-01-09,오픈마켓,디지털,279132,11979,267153,False,False
O10435,C004,2026-01-09,오픈마켓,생활용품,285934,18001,267933,False,False
O10436,C004,2026-01-09,오픈마켓,디지털,337848,19687,318161,False,False
O10437,C004,2026-01-09,오픈마켓,뷰티,321431,9224,312207,False,False
O10438,C004,2026-01-09,오픈마켓,식품,208181,13531,194650,False,False
O10439,C004,2026-01-09,오픈마켓,패션잡화,131049,6619,124430,False,True
O10440,C004,2026-01-09,오픈마켓,생활용품,347493,13545,333948,False,True
O10441,C004,2026-01-09,오픈마켓,뷰티,35109,1219,33890,False,False
O10442,C004,2026-01-09,오픈마켓,생활용품,301801,11072,290729,False,False
O10443,C005,2026-01-09,자사몰,디지털,229059,6031,223028,False,False
O10444,C005,2026-01-09,자사몰,패션잡화,352033,23042,328991,False,False
O10445,C005,2026-01-09,자사몰,패션잡화,109712,7239,102473,False,False
O10446,C005,2026-01-09,자사몰,패션잡화,380422,10377,370045,False,False
O10447,C005,2026-01-09,자사몰,뷰티,419295,12537,406758,False,False
O10448,C005,2026-01-09,자사몰,패션잡화,123422,9238,114184,False,False
O10449,C005,2026-01-09,자사몰,패션잡화,280392,8747,271645,False,False
O10450,C005,2026-01-09,자사몰,패션잡화,360100,9127,350973,False,False
O10451,C005,2026-01-09,자사몰,패션잡화,85520,4983,80537,False,False
O10452,C005,2026-01-09,자사몰,뷰티,294677,21107,273570,False,False
O10453,C005,2026-01-09,자사몰,뷰티,184461,7466,176995,False,False
O10454,C005,2026-01-09,자사몰,디지털,99632,7256,92376,False,False
O10455,C005,2026-01-09,자사몰,뷰티,374856,24611,350245,False,False
O10456,C005,2026-01-09,자사몰,뷰티,145480,8979,136501,False,True
O10457,C005,2026-01-09,자사몰,패션잡화,266532,14495,252037,False,False
O10458,C001,2026-01-10,자사몰,뷰티,244348,12022,232326,False,False
O10459,C001,2026-01-10,자사몰,생활용품,97823,7255,90568,False,False
O10460,C001,2026-01-10,자사몰,패션잡화,251809,11025,240784,False,False
O10461,C001,2026-01-10,자사몰,식품,141645,6977,134668,False,False
O10462,C001,2026-01-10,자사몰,생활용품,117132,7665,109467,False,False
O10463,C001,2026-01-10,자사몰,디지털,225246,13573,211673,False,False
O10464,C001,2026-01-10,자사몰,식품,144067,8582,135485,False,False
O10465,C001,2026-01-10,자사몰,패션잡화,150598,10850,139748,False,True
O10466,C001,2026-01-10,자사몰,생활용품,65111,4719,60392,False,False
O10467,C001,2026-01-10,자사몰,뷰티,385483,26817,358666,False,True
O10468,C001,2026-01-10,자사몰,패션잡화,63294,2431,60863,False,False
O10469,C001,2026-01-10,자사몰,생활용품,299990,10602,289388,False,False
O10470,C001,2026-01-10,자사몰,패션잡화,201760,11717,190043,False,False
O10471,C002,2026-01-10,오픈마켓,디지털,201601,10508,191093,False,False
O10472,C002,2026-01-10,오픈마켓,뷰티,301480,21783,279697,False,False
O10473,C002,2026-01-10,오픈마켓,식품,124686,7761,116925,False,False
O10474,C002,2026-01-10,오픈마켓,뷰티,391063,14588,376475,False,False
O10475,C002,2026-01-10,오픈마켓,디지털,375048,10384,364664,False,True
O10476,C002,2026-01-10,오픈마켓,디지털,385704,10910,374794,False,False
O10477,C002,2026-01-10,오픈마켓,식품,411177,14266,396911,False,False
O10478,C002,2026-01-10,오픈마켓,패션잡화,291287,7358,283929,False,False
O10479,C002,2026-01-10,오픈마켓,식품,391175,16366,374809,False,False
O10480,C002,2026-01-10,오픈마켓,패션잡화,132934,3523,129411,False,False
O10481,C002,2026-01-10,오픈마켓,패션잡화,397043,11213,385830,False,False
O10482,C002,2026-01-10,오픈마켓,식품,232760,16567,216193,False,False
O10483,C002,2026-01-10,오픈마켓,식품,248125,7128,240997,False,False
O10484,C002,2026-01-10,오픈마켓,디지털,151044,8685,142359,False,False
O10485,C002,2026-01-10,오픈마켓,식품,64120,3471,60649,False,True
O10486,C002,2026-01-10,오픈마켓,생활용품,80588,3175,77413,False,False
O10487,C003,2026-01-10,라이브,식품,308505,21571,286934,False,False
O10488,C003,2026-01-10,라이브,디지털,375492,20881,354611,False,False
O10489,C003,2026-01-10,라이브,뷰티,142351,10089,132262,False,False
O10490,C003,2026-01-10,라이브,생활용품,119199,8094,111105,False,False
O10491,C003,2026-01-10,라이브,생활용품,363964,19747,344217,False,False
O10492,C003,2026-01-10,라이브,뷰티,397960,23949,0,True,False
O10493,C003,2026-01-10,라이브,디지털,50581,2418,48163,False,False
O10494,C003,2026-01-10,라이브,식품,106206,3111,0,True,False
O10495,C004,2026-01-10,오픈마켓,패션잡화,353900,14345,0,True,False
O10496,C004,2026-01-10,오픈마켓,디지털,70477,3130,67347,False,False
O10497,C004,2026-01-10,오픈마켓,뷰티,282691,13344,269347,False,False
O10498,C004,2026-01-10,오픈마켓,디지털,92980,6823,86157,False,False
O10499,C004,2026-01-10,오픈마켓,생활용품,385110,19925,365185,False,False
O10500,C004,2026-01-10,오픈마켓,식품,395367,19103,376264,False,False
O10501,C004,2026-01-10,오픈마켓,디지털,141758,10281,131477,False,False
O10502,C004,2026-01-10,오픈마켓,뷰티,190610,7792,182818,False,False
O10503,C004,2026-01-10,오픈마켓,디지털,204258,11100,193158,False,False
O10504,C005,2026-01-10,자사몰,뷰티,165181,4684,160497,False,False
O10505,C005,2026-01-10,자사몰,뷰티,182644,7555,175089,False,False
O10506,C005,2026-01-10,자사몰,생활용품,322343,14369,307974,False,False
O10507,C005,2026-01-10,자사몰,식품,217562,15335,202227,False,False
O10508,C005,2026-01-10,자사몰,뷰티,414176,19634,394542,False,False
O10509,C005,2026-01-10,자사몰,패션잡화,162377,8333,154044,False,False
O10510,C005,2026-01-10,자사몰,디지털,143545,8999,134546,False,False
O10511,C001,2026-01-11,자사몰,패션잡화,387509,21492,366017,False,False
O10512,C001,2026-01-11,자사몰,뷰티,404370,30223,374147,False,False
O10513,C001,2026-01-11,자사몰,뷰티,43348,3132,40216,False,False
O10514,C001,2026-01-11,자사몰,식품,273834,8008,265826,False,False
O10515,C002,2026-01-11,오픈마켓,뷰티,242234,13425,228809,False,False
O10516,C002,2026-01-11,오픈마켓,패션잡화,381977,18190,363787,False,False
O10517,C002,2026-01-11,오픈마켓,생활용품,409395,22918,386477,False,False
O10518,C002,2026-01-11,오픈마켓,식품,240578,14338,226240,False,False
O10519,C003,2026-01-11,라이브,패션잡화,300473,8410,292063,False,False
O10520,C003,2026-01-11,라이브,식품,36739,2513,34226,False,False
O10521,C003,2026-01-11,라이브,패션잡화,106850,5561,101289,False,False
O10522,C003,2026-01-11,라이브,생활용품,393351,27559,365792,False,False
O10523,C003,2026-01-11,라이브,생활용품,76889,5047,71842,False,False
O10524,C003,2026-01-11,라이브,디지털,226890,10508,216382,False,True
O10525,C003,2026-01-11,라이브,뷰티,49781,2268,47513,False,False
O10526,C003,2026-01-11,라이브,식품,114759,5347,109412,False,False
O10527,C003,2026-01-11,라이브,뷰티,136482,7972,128510,False,False
O10528,C003,2026-01-11,라이브,뷰티,331344,20904,310440,False,False
O10529,C003,2026-01-11,라이브,디지털,297316,19864,277452,False,False
O10530,C003,2026-01-11,라이브,식품,218019,8305,209714,False,False
O10531,C003,2026-01-11,라이브,식품,219773,6438,213335,False,False
O10532,C003,2026-01-11,라이브,디지털,59567,3903,55664,False,False
O10533,C004,2026-01-11,오픈마켓,패션잡화,178096,6863,171233,False,False
O10534,C004,2026-01-11,오픈마켓,디지털,169598,4511,165087,False,False
O10535,C004,2026-01-11,오픈마켓,디지털,85827,5564,80263,False,False
O10536,C004,2026-01-11,오픈마켓,패션잡화,315419,16042,299377,False,False
O10537,C004,2026-01-11,오픈마켓,뷰티,221875,9183,212692,False,False
O10538,C004,2026-01-11,오픈마켓,디지털,187838,7880,179958,False,False
O10539,C004,2026-01-11,오픈마켓,생활용품,73361,4518,68843,False,True
O10540,C004,2026-01-11,오픈마켓,디지털,311810,18228,293582,False,False
O10541,C004,2026-01-11,오픈마켓,디지털,197481,14268,183213,False,False
O10542,C005,2026-01-11,자사몰,뷰티,170873,9524,161349,False,False
O10543,C005,2026-01-11,자사몰,생활용품,310832,10048,300784,False,False
O10544,C005,2026-01-11,자사몰,디지털,210900,14691,196209,False,False
O10545,C005,2026-01-11,자사몰,패션잡화,282450,9217,273233,False,True
O10546,C005,2026-01-11,자사몰,식품,415593,14591,401002,False,False
O10547,C005,2026-01-11,자사몰,식품,365995,16706,349289,False,False
O10548,C005,2026-01-11,자사몰,패션잡화,125832,6790,119042,False,True
O10549,C005,2026-01-11,자사몰,디지털,43652,2200,41452,False,False
O10550,C005,2026-01-11,자사몰,패션잡화,208517,8679,199838,False,False
O10551,C005,2026-01-11,자사몰,패션잡화,258117,17616,240501,False,False
O10552,C005,2026-01-11,자사몰,식품,220130,15044,205086,False,False
O10553,C001,2026-01-12,자사몰,패션잡화,125462,5359,120103,False,False
O10554,C001,2026-01-12,자사몰,뷰티,164473,8993,155480,False,False
O10555,C001,2026-01-12,자사몰,패션잡화,219504,14251,205253,False,False
O10556,C001,2026-01-12,자사몰,패션잡화,157469,6097,151372,False,False
O10557,C001,2026-01-12,자사몰,생활용품,88837,3290,85547,False,False
O10558,C001,2026-01-12,자사몰,식품,143803,6807,136996,False,False
O10559,C001,2026-01-12,자사몰,패션잡화,324355,21906,302449,False,False
O10560,C001,2026-01-12,자사몰,뷰티,82501,4082,78419,False,False
O10561,C001,2026-01-12,자사몰,뷰티,379372,25818,353554,False,False
O10562,C001,2026-01-12,자사몰,디지털,210679,11501,199178,False,False
O10563,C001,2026-01-12,자사몰,생활용품,234134,13087,221047,False,False
O10564,C001,2026-01-12,자사몰,패션잡화,145237,10483,134754,False,False
O10565,C001,2026-01-12,자사몰,뷰티,366704,25048,341656,False,False
O10566,C002,2026-01-12,오픈마켓,생활용품,345217,10921,334296,False,False
O10567,C002,2026-01-12,오픈마켓,생활용품,305896,17119,288777,False,False
O10568,C002,2026-01-12,오픈마켓,패션잡화,248397,7412,240985,False,False
O10569,C002,2026-01-12,오픈마켓,생활용품,126583,9333,117250,False,False
O10570,C002,2026-01-12,오픈마켓,식품,383898,14326,369572,False,False
O10571,C002,2026-01-12,오픈마켓,식품,198235,11889,186346,False,False
O10572,C002,2026-01-12,오픈마켓,식품,231852,8061,223791,False,False
O10573,C003,2026-01-12,라이브,패션잡화,198621,14614,184007,False,False
O10574,C003,2026-01-12,라이브,패션잡화,253258,7067,246191,False,False
O10575,C003,2026-01-12,라이브,생활용품,296420,7776,288644,False,False
O10576,C003,2026-01-12,라이브,식품,417927,20674,397253,False,False
O10577,C003,2026-01-12,라이브,패션잡화,194949,8354,186595,False,False
O10578,C003,2026-01-12,라이브,디지털,317889,18019,299870,False,False
O10579,C003,2026-01-12,라이브,뷰티,322744,16477,306267,False,False
O10580,C003,2026-01-12,라이브,생활용품,167176,8911,158265,False,False
O10581,C003,2026-01-12,라이브,패션잡화,251825,14196,237629,False,False
O10582,C003,2026-01-12,라이브,생활용품,170178,11707,158471,False,False
O10583,C003,2026-01-12,라이브,패션잡화,205612,8007,197605,False,False
O10584,C003,2026-01-12,라이브,패션잡화,154506,5548,148958,False,False
O10585,C003,2026-01-12,라이브,생활용품,332608,16996,315612,False,False
O10586,C003,2026-01-12,라이브,패션잡화,285016,15767,269249,False,False
O10587,C003,2026-01-12,라이브,생활용품,379498,21639,357859,False,False
O10588,C004,2026-01-12,오픈마켓,생활용품,397403,25814,371589,False,False
O10589,C004,2026-01-12,오픈마켓,패션잡화,36452,2346,34106,False,False
O10590,C004,2026-01-12,오픈마켓,식품,231922,12329,219593,False,True
O10591,C004,2026-01-12,오픈마켓,디지털,218465,13623,204842,False,False
O10592,C004,2026-01-12,오픈마켓,식품,45511,2134,43377,False,False
O10593,C004,2026-01-12,오픈마켓,디지털,200879,8663,0,True,False
O10594,C004,2026-01-12,오픈마켓,패션잡화,74666,4298,70368,False,False
O10595,C004,2026-01-12,오픈마켓,생활용품,226697,6177,220520,False,False
O10596,C004,2026-01-12,오픈마켓,생활용품,308566,16127,292439,False,False
O10597,C005,2026-01-12,자사몰,뷰티,358087,17916,340171,False,False
O10598,C005,2026-01-12,자사몰,디지털,275803,6929,268874,False,False
O10599,C005,2026-01-12,자사몰,디지털,371851,12409,359442,False,False
O10600,C005,2026-01-12,자사몰,패션잡화,119346,3501,115845,False,True
O10601,C005,2026-01-12,자사몰,식품,314859,13771,301088,False,False
O10602,C001,2026-01-13,자사몰,뷰티,309094,15878,293216,False,False
O10603,C001,2026-01-13,자사몰,패션잡화,337411,17707,319704,False,False
O10604,C001,2026-01-13,자사몰,식품,226376,7814,218562,False,False
O10605,C001,2026-01-13,자사몰,패션잡화,380334,28378,351956,False,True
O10606,C001,2026-01-13,자사몰,생활용품,227866,14979,212887,False,False
O10607,C001,2026-01-13,자사몰,생활용품,51829,2547,49282,False,False
O10608,C001,2026-01-13,자사몰,식품,380873,20649,0,True,False
O10609,C002,2026-01-13,오픈마켓,패션잡화,330050,17602,312448,False,False
O10610,C002,2026-01-13,오픈마켓,디지털,146022,9689,136333,False,False
O10611,C002,2026-01-13,오픈마켓,패션잡화,74869,3338,71531,False,False
O10612,C002,2026-01-13,오픈마켓,생활용품,118010,5149,0,True,False
O10613,C002,2026-01-13,오픈마켓,패션잡화,54322,3120,51202,False,False
O10614,C002,2026-01-13,오픈마켓,디지털,373498,10680,362818,False,False
O10615,C002,2026-01-13,오픈마켓,뷰티,354208,13664,340544,False,False
O10616,C002,2026-01-13,오픈마켓,생활용품,245814,11460,234354,False,False
O10617,C002,2026-01-13,오픈마켓,식품,406915,24262,382653,False,False
O10618,C002,2026-01-13,오픈마켓,생활용품,291014,18531,272483,False,False
O10619,C002,2026-01-13,오픈마켓,생활용품,233547,16444,217103,False,True
O10620,C003,2026-01-13,라이브,뷰티,166940,7271,159669,False,False
O10621,C003,2026-01-13,라이브,식품,334002,22120,311882,False,False
O10622,C003,2026-01-13,라이브,생활용품,138610,6511,132099,False,False
O10623,C003,2026-01-13,라이브,식품,229660,7657,222003,False,True
O10624,C003,2026-01-13,라이브,패션잡화,347716,18153,329563,False,False
O10625,C003,2026-01-13,라이브,디지털,125526,5781,119745,False,False
O10626,C003,2026-01-13,라이브,식품,354439,17446,336993,False,False
O10627,C003,2026-01-13,라이브,패션잡화,343929,16575,327354,False,False
O10628,C003,2026-01-13,라이브,생활용품,185269,8524,176745,False,False
O10629,C003,2026-01-13,라이브,패션잡화,276411,17813,258598,False,False
O10630,C003,2026-01-13,라이브,디지털,76956,2679,74277,False,False
O10631,C003,2026-01-13,라이브,디지털,254959,16306,238653,False,False
O10632,C003,2026-01-13,라이브,식품,367827,10157,357670,False,False
O10633,C003,2026-01-13,라이브,생활용품,103805,5008,98797,False,False
O10634,C003,2026-01-13,라이브,뷰티,142663,7950,134713,False,False
O10635,C003,2026-01-13,라이브,생활용품,86676,4125,82551,False,False
O10636,C004,2026-01-13,오픈마켓,생활용품,43332,2098,41234,False,False
O10637,C004,2026-01-13,오픈마켓,생활용품,325919,9304,316615,False,False
O10638,C004,2026-01-13,오픈마켓,패션잡화,318309,8100,310209,False,True
O10639,C004,2026-01-13,오픈마켓,식품,188345,10341,178004,False,False
O10640,C004,2026-01-13,오픈마켓,디지털,56221,2557,53664,False,False
O10641,C004,2026-01-13,오픈마켓,생활용품,241830,13862,227968,False,False
O10642,C004,2026-01-13,오픈마켓,생활용품,115247,6901,108346,False,False
O10643,C004,2026-01-13,오픈마켓,식품,142258,10247,132011,False,False
O10644,C004,2026-01-13,오픈마켓,패션잡화,204074,11869,192205,False,False
O10645,C004,2026-01-13,오픈마켓,뷰티,257061,14066,242995,False,False
O10646,C004,2026-01-13,오픈마켓,생활용품,207811,13801,194010,False,False
O10647,C004,2026-01-13,오픈마켓,식품,242757,9119,233638,False,False
O10648,C004,2026-01-13,오픈마켓,패션잡화,331019,10004,321015,False,False
O10649,C004,2026-01-13,오픈마켓,디지털,238059,14137,223922,False,False
O10650,C004,2026-01-13,오픈마켓,디지털,371475,16404,355071,False,False
O10651,C004,2026-01-13,오픈마켓,패션잡화,84638,6000,78638,False,False
O10652,C005,2026-01-13,자사몰,식품,333204,22263,310941,False,False
O10653,C005,2026-01-13,자사몰,디지털,93189,6009,87180,False,True
O10654,C005,2026-01-13,자사몰,식품,42306,1254,41052,False,False
O10655,C005,2026-01-13,자사몰,디지털,382269,28504,353765,False,False
O10656,C005,2026-01-13,자사몰,식품,337570,10329,327241,False,False
O10657,C005,2026-01-13,자사몰,식품,177221,6197,0,True,False
O10658,C005,2026-01-13,자사몰,패션잡화,368541,10555,357986,False,False
O10659,C001,2026-01-14,자사몰,디지털,341827,20008,321819,False,False
O10660,C001,2026-01-14,자사몰,뷰티,370653,23806,346847,False,False
O10661,C001,2026-01-14,자사몰,뷰티,314568,16808,297760,False,False
O10662,C001,2026-01-14,자사몰,패션잡화,181425,8372,173053,False,False
O10663,C001,2026-01-14,자사몰,식품,146145,9229,136916,False,False
O10664,C001,2026-01-14,자사몰,식품,349223,20627,328596,False,False
O10665,C001,2026-01-14,자사몰,생활용품,373003,21948,351055,False,False
O10666,C001,2026-01-14,자사몰,디지털,88380,5054,83326,False,False
O10667,C001,2026-01-14,자사몰,식품,234703,5945,228758,False,False
O10668,C001,2026-01-14,자사몰,식품,189672,6461,183211,False,False
O10669,C001,2026-01-14,자사몰,식품,308296,10190,298106,False,False
O10670,C001,2026-01-14,자사몰,식품,103232,5424,97808,False,False
O10671,C001,2026-01-14,자사몰,디지털,160123,11467,148656,False,False
O10672,C001,2026-01-14,자사몰,디지털,96246,6245,90001,False,False
O10673,C001,2026-01-14,자사몰,디지털,136288,8946,127342,False,False
O10674,C001,2026-01-14,자사몰,패션잡화,339626,14604,325022,False,False
O10675,C002,2026-01-14,오픈마켓,뷰티,285834,10198,275636,False,False
O10676,C002,2026-01-14,오픈마켓,뷰티,138815,8993,129822,False,True
O10677,C002,2026-01-14,오픈마켓,디지털,384193,15828,368365,False,False
O10678,C002,2026-01-14,오픈마켓,뷰티,144925,7317,137608,False,True
O10679,C002,2026-01-14,오픈마켓,식품,256748,14309,242439,False,False
O10680,C002,2026-01-14,오픈마켓,식품,200037,5826,194211,False,False
O10681,C002,2026-01-14,오픈마켓,패션잡화,194226,7604,186622,False,True
O10682,C002,2026-01-14,오픈마켓,디지털,385437,28777,356660,False,False
O10683,C002,2026-01-14,오픈마켓,뷰티,113235,8004,105231,False,False
O10684,C002,2026-01-14,오픈마켓,디지털,102771,4880,97891,False,False
O10685,C002,2026-01-14,오픈마켓,디지털,82745,4270,78475,False,False
O10686,C002,2026-01-14,오픈마켓,뷰티,354810,14358,340452,False,False
O10687,C002,2026-01-14,오픈마켓,패션잡화,353638,25648,327990,False,False
O10688,C002,2026-01-14,오픈마켓,생활용품,108376,6130,102246,False,False
O10689,C002,2026-01-14,오픈마켓,디지털,379242,15591,363651,False,False
O10690,C002,2026-01-14,오픈마켓,식품,150719,6202,144517,False,False
O10691,C003,2026-01-14,라이브,패션잡화,400572,16254,384318,False,False
O10692,C003,2026-01-14,라이브,생활용품,45910,2119,43791,False,False
O10693,C003,2026-01-14,라이브,디지털,376833,16032,360801,False,False
O10694,C003,2026-01-14,라이브,패션잡화,95919,5674,90245,False,False
O10695,C003,2026-01-14,라이브,패션잡화,86635,2531,84104,False,False
O10696,C003,2026-01-14,라이브,생활용품,219049,12786,206263,False,False
O10697,C003,2026-01-14,라이브,생활용품,35536,1525,34011,False,False
O10698,C003,2026-01-14,라이브,패션잡화,39833,1455,38378,False,False
O10699,C003,2026-01-14,라이브,생활용품,393261,20280,372981,False,False
O10700,C004,2026-01-14,오픈마켓,생활용품,64643,3789,60854,False,True
O10701,C004,2026-01-14,오픈마켓,패션잡화,319315,14729,304586,False,True
O10702,C004,2026-01-14,오픈마켓,디지털,265754,8615,257139,False,False
O10703,C004,2026-01-14,오픈마켓,식품,154126,6145,147981,False,False
O10704,C004,2026-01-14,오픈마켓,디지털,89767,2901,86866,False,False
O10705,C004,2026-01-14,오픈마켓,뷰티,38746,1816,0,True,False
O10706,C004,2026-01-14,오픈마켓,생활용품,52757,2490,50267,False,False
O10707,C004,2026-01-14,오픈마켓,생활용품,122662,6317,116345,False,False
O10708,C004,2026-01-14,오픈마켓,디지털,406837,15747,391090,False,False
O10709,C004,2026-01-14,오픈마켓,디지털,207500,14214,193286,False,False
O10710,C004,2026-01-14,오픈마켓,디지털,204607,14524,190083,False,False
O10711,C004,2026-01-14,오픈마켓,뷰티,195607,7574,188033,False,True
O10712,C005,2026-01-14,자사몰,패션잡화,86483,2721,83762,False,False
O10713,C005,2026-01-14,자사몰,생활용품,52050,2872,49178,False,False
O10714,C005,2026-01-14,자사몰,디지털,286467,15658,270809,False,False
O10715,C005,2026-01-14,자사몰,디지털,333022,23324,309698,False,False
O10716,C005,2026-01-14,자사몰,뷰티,33087,1203,31884,False,False
O10717,C005,2026-01-14,자사몰,패션잡화,77268,5756,71512,False,False
O10718,C005,2026-01-14,자사몰,디지털,309467,16094,293373,False,False
O10719,C005,2026-01-14,자사몰,식품,375965,24049,351916,False,False
O10720,C005,2026-01-14,자사몰,뷰티,290266,19869,270397,False,False
O10721,C005,2026-01-14,자사몰,뷰티,380915,25553,355362,False,False
O10722,C005,2026-01-14,자사몰,생활용품,401064,17728,0,True,False
O10723,C005,2026-01-14,자사몰,식품,401652,16630,385022,False,False
O10724,C005,2026-01-14,자사몰,디지털,334623,14200,320423,False,False
O10725,C005,2026-01-14,자사몰,식품,408260,30109,378151,False,False
O10726,C005,2026-01-14,자사몰,패션잡화,408663,13147,395516,False,False
O10727,C005,2026-01-14,자사몰,생활용품,149530,7930,141600,False,True
O10728,C001,2026-01-15,자사몰,뷰티,253993,9445,0,True,False
O10729,C001,2026-01-15,자사몰,식품,134386,7484,126902,False,False
O10730,C001,2026-01-15,자사몰,디지털,318242,14264,303978,False,False
O10731,C001,2026-01-15,자사몰,디지털,52709,2647,50062,False,False
O10732,C001,2026-01-15,자사몰,뷰티,381056,25661,355395,False,False
O10733,C001,2026-01-15,자사몰,생활용품,213504,6144,207360,False,False
O10734,C001,2026-01-15,자사몰,디지털,256395,9965,246430,False,False
O10735,C001,2026-01-15,자사몰,패션잡화,246650,8294,238356,False,False
O10736,C001,2026-01-15,자사몰,생활용품,53481,2733,50748,False,False
O10737,C001,2026-01-15,자사몰,패션잡화,142162,10216,131946,False,False
O10738,C001,2026-01-15,자사몰,뷰티,134203,8602,125601,False,False
O10739,C001,2026-01-15,자사몰,패션잡화,313217,12939,300278,False,False
O10740,C002,2026-01-15,오픈마켓,생활용품,55318,2374,52944,False,False
O10741,C002,2026-01-15,오픈마켓,디지털,313219,13890,299329,False,False
O10742,C002,2026-01-15,오픈마켓,디지털,316397,10815,305582,False,False
O10743,C002,2026-01-15,오픈마켓,디지털,106084,5201,100883,False,False
O10744,C002,2026-01-15,오픈마켓,디지털,408216,18391,389825,False,False
O10745,C002,2026-01-15,오픈마켓,패션잡화,145101,10305,134796,False,False
O10746,C002,2026-01-15,오픈마켓,뷰티,388562,22758,365804,False,False
O10747,C002,2026-01-15,오픈마켓,뷰티,363654,26176,337478,False,False
O10748,C003,2026-01-15,라이브,디지털,210064,11169,198895,False,False
O10749,C003,2026-01-15,라이브,식품,142417,4319,138098,False,False
O10750,C003,2026-01-15,라이브,생활용품,390854,15982,374872,False,False
O10751,C003,2026-01-15,라이브,식품,100591,5726,94865,False,False
O10752,C003,2026-01-15,라이브,패션잡화,370460,22925,347535,False,True
O10753,C003,2026-01-15,라이브,패션잡화,102496,2650,99846,False,False
O10754,C003,2026-01-15,라이브,패션잡화,386573,16945,0,True,False
O10755,C003,2026-01-15,라이브,패션잡화,139899,3681,136218,False,True
O10756,C003,2026-01-15,라이브,패션잡화,381139,18544,0,True,False
O10757,C004,2026-01-15,오픈마켓,생활용품,356224,12951,343273,False,False
O10758,C004,2026-01-15,오픈마켓,생활용품,392044,29137,362907,False,False
O10759,C004,2026-01-15,오픈마켓,생활용품,179528,9732,169796,False,False
O10760,C004,2026-01-15,오픈마켓,생활용품,334322,14289,320033,False,False
O10761,C004,2026-01-15,오픈마켓,디지털,58231,3612,54619,False,False
O10762,C004,2026-01-15,오픈마켓,패션잡화,156692,7112,149580,False,False
O10763,C004,2026-01-15,오픈마켓,디지털,100673,3775,96898,False,False
O10764,C004,2026-01-15,오픈마켓,패션잡화,225606,12553,213053,False,False
O10765,C005,2026-01-15,자사몰,패션잡화,201718,7060,194658,False,False
O10766,C005,2026-01-15,자사몰,뷰티,208246,9187,199059,False,True
O10767,C005,2026-01-15,자사몰,패션잡화,381750,21990,359760,False,False
O10768,C005,2026-01-15,자사몰,식품,174551,11957,162594,False,False
O10769,C005,2026-01-15,자사몰,패션잡화,40033,1863,38170,False,False
O10770,C005,2026-01-15,자사몰,뷰티,34458,2127,32331,False,False
O10771,C005,2026-01-15,자사몰,생활용품,378795,23668,355127,False,False
O10772,C005,2026-01-15,자사몰,패션잡화,92468,6593,85875,False,False
O10773,C005,2026-01-15,자사몰,디지털,401665,15620,386045,False,False
O10774,C005,2026-01-15,자사몰,식품,85991,6401,79590,False,False
O10775,C005,2026-01-15,자사몰,디지털,64721,2591,62130,False,False
O10776,C005,2026-01-15,자사몰,디지털,104840,5673,0,True,False
O10777,C005,2026-01-15,자사몰,패션잡화,104625,4819,99806,False,False
O10778,C005,2026-01-15,자사몰,생활용품,90195,5805,84390,False,False
O10779,C005,2026-01-15,자사몰,식품,278293,19782,258511,False,True
O10780,C001,2026-01-16,자사몰,패션잡화,86424,6452,79972,False,False
O10781,C001,2026-01-16,자사몰,패션잡화,152094,10629,141465,False,False
O10782,C001,2026-01-16,자사몰,패션잡화,150133,7182,0,True,False
O10783,C001,2026-01-16,자사몰,식품,44649,2468,42181,False,False
O10784,C001,2026-01-16,자사몰,뷰티,267364,6913,260451,False,False
O10785,C001,2026-01-16,자사몰,패션잡화,340986,9585,331401,False,False
O10786,C001,2026-01-16,자사몰,디지털,297731,22186,275545,False,False
O10787,C001,2026-01-16,자사몰,생활용품,379520,10490,369030,False,False
O10788,C001,2026-01-16,자사몰,식품,328237,12003,316234,False,False
O10789,C001,2026-01-16,자사몰,패션잡화,377781,25653,352128,False,False
O10790,C001,2026-01-16,자사몰,패션잡화,43307,2038,41269,False,True
O10791,C001,2026-01-16,자사몰,생활용품,61742,2274,59468,False,False
O10792,C001,2026-01-16,자사몰,패션잡화,299586,17811,281775,False,False
O10793,C001,2026-01-16,자사몰,뷰티,106094,6170,99924,False,False
O10794,C001,2026-01-16,자사몰,패션잡화,386212,27182,0,True,False
O10795,C002,2026-01-16,오픈마켓,생활용품,167404,10341,157063,False,True
O10796,C002,2026-01-16,오픈마켓,뷰티,150699,7470,143229,False,True
O10797,C002,2026-01-16,오픈마켓,식품,368344,14246,354098,False,True
O10798,C002,2026-01-16,오픈마켓,식품,230972,11126,219846,False,False
O10799,C002,2026-01-16,오픈마켓,생활용품,397076,29298,367778,False,False
O10800,C002,2026-01-16,오픈마켓,디지털,398158,28695,369463,False,True
O10801,C002,2026-01-16,오픈마켓,디지털,262696,9486,253210,False,False
O10802,C002,2026-01-16,오픈마켓,패션잡화,78345,5037,73308,False,False
O10803,C002,2026-01-16,오픈마켓,패션잡화,399530,17571,381959,False,False
O10804,C002,2026-01-16,오픈마켓,패션잡화,229785,15240,214545,False,False
O10805,C002,2026-01-16,오픈마켓,뷰티,200110,7493,192617,False,False
O10806,C003,2026-01-16,라이브,뷰티,41079,2571,38508,False,False
O10807,C003,2026-01-16,라이브,식품,310193,13447,296746,False,False
O10808,C003,2026-01-16,라이브,패션잡화,60574,3432,57142,False,False
O10809,C003,2026-01-16,라이브,디지털,236334,13934,222400,False,False
O10810,C003,2026-01-16,라이브,식품,354665,17027,337638,False,False
O10811,C003,2026-01-16,라이브,뷰티,192747,12910,179837,False,False
O10812,C003,2026-01-16,라이브,생활용품,228237,10636,217601,False,False
O10813,C003,2026-01-16,라이브,디지털,196790,10482,186308,False,True
O10814,C003,2026-01-16,라이브,패션잡화,149555,10038,139517,False,False
O10815,C003,2026-01-16,라이브,패션잡화,242148,13302,228846,False,False
O10816,C003,2026-01-16,라이브,생활용품,190830,7368,183462,False,False
O10817,C003,2026-01-16,라이브,생활용품,149842,5579,144263,False,False
O10818,C003,2026-01-16,라이브,패션잡화,65855,3289,62566,False,False
O10819,C004,2026-01-16,오픈마켓,생활용품,123878,6098,117780,False,True
O10820,C004,2026-01-16,오픈마켓,식품,39531,1509,38022,False,False
O10821,C004,2026-01-16,오픈마켓,생활용품,236857,11717,225140,False,False
O10822,C004,2026-01-16,오픈마켓,디지털,237446,12331,225115,False,False
O10823,C005,2026-01-16,자사몰,식품,386427,20557,365870,False,False
O10824,C005,2026-01-16,자사몰,식품,217436,15816,201620,False,False
O10825,C005,2026-01-16,자사몰,패션잡화,78510,2523,75987,False,False
O10826,C005,2026-01-16,자사몰,디지털,214889,7168,207721,False,False
O10827,C005,2026-01-16,자사몰,뷰티,345421,8666,336755,False,False
O10828,C005,2026-01-16,자사몰,생활용품,209262,10070,199192,False,False
O10829,C005,2026-01-16,자사몰,생활용품,175373,6483,168890,False,False
O10830,C005,2026-01-16,자사몰,뷰티,135261,4970,130291,False,False
O10831,C005,2026-01-16,자사몰,식품,169367,7129,162238,False,False
O10832,C005,2026-01-16,자사몰,생활용품,242047,7203,234844,False,False
O10833,C005,2026-01-16,자사몰,생활용품,96588,3690,92898,False,False
O10834,C005,2026-01-16,자사몰,생활용품,103360,7002,96358,False,False
O10835,C001,2026-01-17,자사몰,디지털,197962,7411,190551,False,False
O10836,C001,2026-01-17,자사몰,패션잡화,280415,11844,268571,False,False
O10837,C001,2026-01-17,자사몰,식품,347713,11665,336048,False,False
O10838,C001,2026-01-17,자사몰,디지털,242854,18172,224682,False,False
O10839,C001,2026-01-17,자사몰,식품,93602,3583,90019,False,True
O10840,C001,2026-01-17,자사몰,패션잡화,32802,1485,31317,False,False
O10841,C001,2026-01-17,자사몰,생활용품,32771,2200,30571,False,False
O10842,C001,2026-01-17,자사몰,디지털,385232,15436,369796,False,False
O10843,C001,2026-01-17,자사몰,식품,142892,6624,136268,False,False
O10844,C001,2026-01-17,자사몰,식품,184721,5034,179687,False,False
O10845,C001,2026-01-17,자사몰,패션잡화,393807,15659,378148,False,False
O10846,C001,2026-01-17,자사몰,생활용품,97838,4710,93128,False,False
O10847,C002,2026-01-17,오픈마켓,디지털,336877,8826,328051,False,False
O10848,C002,2026-01-17,오픈마켓,디지털,409318,16001,393317,False,False
O10849,C002,2026-01-17,오픈마켓,생활용품,149651,4119,145532,False,False
O10850,C002,2026-01-17,오픈마켓,뷰티,157357,4917,152440,False,False
O10851,C002,2026-01-17,오픈마켓,뷰티,249157,11011,238146,False,False
O10852,C003,2026-01-17,라이브,생활용품,87483,4656,82827,False,False
O10853,C003,2026-01-17,라이브,디지털,89800,3600,86200,False,True
O10854,C003,2026-01-17,라이브,식품,354677,15819,338858,False,False
O10855,C003,2026-01-17,라이브,뷰티,46753,2112,44641,False,False
O10856,C003,2026-01-17,라이브,패션잡화,305104,22194,282910,False,False
O10857,C003,2026-01-17,라이브,패션잡화,288849,13762,275087,False,False
O10858,C003,2026-01-17,라이브,생활용품,411664,17852,393812,False,False
O10859,C003,2026-01-17,라이브,뷰티,219011,7873,211138,False,False
O10860,C003,2026-01-17,라이브,패션잡화,318922,22027,296895,False,False
O10861,C003,2026-01-17,라이브,생활용품,168238,11086,0,True,False
O10862,C003,2026-01-17,라이브,생활용품,318342,19714,298628,False,False
O10863,C003,2026-01-17,라이브,패션잡화,313519,21928,291591,False,False
O10864,C003,2026-01-17,라이브,디지털,152914,10151,142763,False,False
O10865,C003,2026-01-17,라이브,뷰티,273604,7866,265738,False,False
O10866,C003,2026-01-17,라이브,디지털,371652,25955,345697,False,False
O10867,C003,2026-01-17,라이브,생활용품,76267,4066,72201,False,False
O10868,C004,2026-01-17,오픈마켓,식품,244116,10825,233291,False,False
O10869,C004,2026-01-17,오픈마켓,뷰티,243159,9838,233321,False,True
O10870,C004,2026-01-17,오픈마켓,패션잡화,261367,18184,243183,False,False
O10871,C004,2026-01-17,오픈마켓,생활용품,148931,9251,139680,False,False
O10872,C005,2026-01-17,자사몰,패션잡화,351714,12045,339669,False,False
O10873,C005,2026-01-17,자사몰,패션잡화,179354,7847,171507,False,False
O10874,C005,2026-01-17,자사몰,디지털,169431,5226,164205,False,False
O10875,C005,2026-01-17,자사몰,패션잡화,289528,11331,278197,False,False
O10876,C005,2026-01-17,자사몰,생활용품,320476,8019,312457,False,False
O10877,C005,2026-01-17,자사몰,패션잡화,99033,7310,91723,False,False
O10878,C005,2026-01-17,자사몰,식품,372874,21294,351580,False,False
O10879,C005,2026-01-17,자사몰,디지털,52607,2918,49689,False,False
O10880,C005,2026-01-17,자사몰,생활용품,291088,10267,280821,False,False
O10881,C005,2026-01-17,자사몰,생활용품,311266,21856,289410,False,False
O10882,C005,2026-01-17,자사몰,패션잡화,128767,5094,0,True,False
O10883,C005,2026-01-17,자사몰,뷰티,384400,17448,0,True,False
O10884,C005,2026-01-17,자사몰,식품,176755,7295,169460,False,False
O10885,C001,2026-01-18,자사몰,디지털,275638,14783,260855,False,False
O10886,C001,2026-01-18,자사몰,식품,133957,6621,127336,False,True
O10887,C001,2026-01-18,자사몰,생활용품,191091,9639,181452,False,False
O10888,C001,2026-01-18,자사몰,뷰티,239391,14598,224793,False,False
O10889,C001,2026-01-18,자사몰,생활용품,373209,18446,354763,False,False
O10890,C001,2026-01-18,자사몰,뷰티,332034,21406,310628,False,False
O10891,C002,2026-01-18,오픈마켓,뷰티,287658,17283,270375,False,False
O10892,C002,2026-01-18,오픈마켓,디지털,112566,3552,109014,False,False
O10893,C002,2026-01-18,오픈마켓,식품,327968,14257,313711,False,False
O10894,C002,2026-01-18,오픈마켓,디지털,146964,4868,142096,False,False
O10895,C002,2026-01-18,오픈마켓,뷰티,247115,8166,238949,False,False
O10896,C002,2026-01-18,오픈마켓,뷰티,152327,7324,0,True,False
O10897,C002,2026-01-18,오픈마켓,뷰티,212334,14926,197408,False,False
O10898,C003,2026-01-18,라이브,뷰티,326103,9017,317086,False,False
O10899,C003,2026-01-18,라이브,식품,362315,23140,339175,False,False
O10900,C003,2026-01-18,라이브,식품,43026,1555,41471,False,False
O10901,C003,2026-01-18,라이브,식품,277584,14998,262586,False,False
O10902,C003,2026-01-18,라이브,패션잡화,385228,26751,358477,False,False
O10903,C003,2026-01-18,라이브,식품,92168,4964,87204,False,False
O10904,C003,2026-01-18,라이브,패션잡화,375962,17905,358057,False,False
O10905,C003,2026-01-18,라이브,디지털,198474,10471,188003,False,False
O10906,C003,2026-01-18,라이브,식품,280772,11165,269607,False,False
O10907,C003,2026-01-18,라이브,뷰티,92367,6782,85585,False,True
O10908,C004,2026-01-18,오픈마켓,패션잡화,61332,3880,57452,False,False
O10909,C004,2026-01-18,오픈마켓,식품,74341,4357,69984,False,False
O10910,C004,2026-01-18,오픈마켓,디지털,394330,27804,366526,False,False
O10911,C004,2026-01-18,오픈마켓,디지털,84131,5363,78768,False,False
O10912,C004,2026-01-18,오픈마켓,생활용품,127420,8689,118731,False,False
O10913,C004,2026-01-18,오픈마켓,생활용품,65399,2890,62509,False,False
O10914,C004,2026-01-18,오픈마켓,생활용품,291144,11219,279925,False,False
O10915,C004,2026-01-18,오픈마켓,식품,181288,10045,171243,False,False
O10916,C004,2026-01-18,오픈마켓,디지털,264895,9059,255836,False,False
O10917,C004,2026-01-18,오픈마켓,패션잡화,260188,7119,253069,False,True
O10918,C004,2026-01-18,오픈마켓,생활용품,278489,17917,260572,False,False
O10919,C004,2026-01-18,오픈마켓,패션잡화,94628,6057,88571,False,False
O10920,C004,2026-01-18,오픈마켓,식품,318572,14632,303940,False,False
O10921,C004,2026-01-18,오픈마켓,식품,161984,5355,156629,False,False
O10922,C005,2026-01-18,자사몰,뷰티,356502,12849,343653,False,True
O10923,C005,2026-01-18,자사몰,생활용품,342051,10667,331384,False,False
O10924,C005,2026-01-18,자사몰,패션잡화,229012,15521,213491,False,True
O10925,C005,2026-01-18,자사몰,패션잡화,404425,19939,384486,False,False
O10926,C001,2026-01-19,자사몰,식품,66609,3974,62635,False,False
O10927,C001,2026-01-19,자사몰,식품,267177,12558,254619,False,False
O10928,C001,2026-01-19,자사몰,식품,321433,15746,305687,False,False
O10929,C001,2026-01-19,자사몰,뷰티,153271,5252,148019,False,False
O10930,C001,2026-01-19,자사몰,패션잡화,152424,5069,147355,False,False
O10931,C001,2026-01-19,자사몰,디지털,36672,2422,0,True,False
O10932,C001,2026-01-19,자사몰,생활용품,58079,2662,55417,False,False
O10933,C001,2026-01-19,자사몰,디지털,414817,24880,389937,False,False
O10934,C001,2026-01-19,자사몰,패션잡화,243820,6556,237264,False,False
O10935,C001,2026-01-19,자사몰,식품,76402,2735,73667,False,False
O10936,C001,2026-01-19,자사몰,식품,118397,7315,111082,False,False
O10937,C001,2026-01-19,자사몰,식품,153289,5921,0,True,False
O10938,C001,2026-01-19,자사몰,식품,251193,10389,240804,False,False
O10939,C002,2026-01-19,오픈마켓,패션잡화,207781,7574,200207,False,False
O10940,C002,2026-01-19,오픈마켓,디지털,260336,7656,252680,False,False
O10941,C002,2026-01-19,오픈마켓,생활용품,76423,4974,71449,False,False
O10942,C002,2026-01-19,오픈마켓,식품,393280,13461,379819,False,False
O10943,C002,2026-01-19,오픈마켓,디지털,329467,19546,309921,False,False
O10944,C003,2026-01-19,라이브,식품,295660,8046,287614,False,False
O10945,C003,2026-01-19,라이브,패션잡화,163131,8992,154139,False,False
O10946,C003,2026-01-19,라이브,생활용품,61142,3593,57549,False,True
O10947,C003,2026-01-19,라이브,패션잡화,299831,12575,287256,False,True
O10948,C003,2026-01-19,라이브,식품,137699,4102,133597,False,False
O10949,C003,2026-01-19,라이브,디지털,375930,11319,364611,False,False
O10950,C003,2026-01-19,라이브,식품,37529,1916,35613,False,False
O10951,C004,2026-01-19,오픈마켓,생활용품,139361,9209,130152,False,False
O10952,C004,2026-01-19,오픈마켓,생활용품,124870,5454,119416,False,False
O10953,C004,2026-01-19,오픈마켓,디지털,111554,6335,105219,False,False
O10954,C004,2026-01-19,오픈마켓,패션잡화,120196,5826,114370,False,False
O10955,C004,2026-01-19,오픈마켓,생활용품,187943,7744,180199,False,False
O10956,C004,2026-01-19,오픈마켓,디지털,406930,23931,382999,False,False
O10957,C004,2026-01-19,오픈마켓,뷰티,272406,15401,257005,False,False
O10958,C004,2026-01-19,오픈마켓,패션잡화,310895,8596,302299,False,False
O10959,C004,2026-01-19,오픈마켓,뷰티,181587,5295,176292,False,False
O10960,C004,2026-01-19,오픈마켓,패션잡화,96851,4391,92460,False,False
O10961,C004,2026-01-19,오픈마켓,패션잡화,312732,23444,289288,False,False
O10962,C004,2026-01-19,오픈마켓,뷰티,220073,14531,205542,False,False
O10963,C004,2026-01-19,오픈마켓,디지털,352057,12030,340027,False,False
O10964,C004,2026-01-19,오픈마켓,생활용품,173345,10937,162408,False,False
O10965,C005,2026-01-19,자사몰,패션잡화,225357,8433,216924,False,True
O10966,C005,2026-01-19,자사몰,생활용품,248029,11258,236771,False,False
O10967,C005,2026-01-19,자사몰,패션잡화,375320,9885,365435,False,False
O10968,C005,2026-01-19,자사몰,뷰티,73661,4802,68859,False,False
O10969,C001,2026-01-20,자사몰,생활용품,61097,1821,59276,False,False
O10970,C001,2026-01-20,자사몰,식품,212650,12537,200113,False,False
O10971,C001,2026-01-20,자사몰,생활용품,319357,21659,297698,False,False
O10972,C001,2026-01-20,자사몰,생활용품,106579,5591,100988,False,False
O10973,C001,2026-01-20,자사몰,식품,283419,16529,266890,False,False
O10974,C001,2026-01-20,자사몰,패션잡화,110781,4485,106296,False,False
O10975,C001,2026-01-20,자사몰,디지털,117844,7064,110780,False,False
O10976,C001,2026-01-20,자사몰,디지털,176990,12124,164866,False,False
O10977,C001,2026-01-20,자사몰,생활용품,63971,2458,61513,False,False
O10978,C001,2026-01-20,자사몰,패션잡화,170603,7036,163567,False,False
O10979,C001,2026-01-20,자사몰,뷰티,290510,19862,270648,False,False
O10980,C001,2026-01-20,자사몰,패션잡화,56939,2595,54344,False,False
O10981,C001,2026-01-20,자사몰,디지털,366219,14207,352012,False,False
O10982,C001,2026-01-20,자사몰,디지털,257112,8129,248983,False,False
O10983,C001,2026-01-20,자사몰,생활용품,98897,2822,96075,False,False
O10984,C002,2026-01-20,오픈마켓,식품,158816,4752,154064,False,False
O10985,C002,2026-01-20,오픈마켓,생활용품,166326,10577,155749,False,False
O10986,C002,2026-01-20,오픈마켓,패션잡화,291544,15286,276258,False,False
O10987,C002,2026-01-20,오픈마켓,식품,364467,17361,347106,False,False
O10988,C002,2026-01-20,오픈마켓,생활용품,153010,9301,143709,False,False
O10989,C002,2026-01-20,오픈마켓,뷰티,227572,11775,0,True,False
O10990,C002,2026-01-20,오픈마켓,디지털,60276,2586,57690,False,False
O10991,C002,2026-01-20,오픈마켓,패션잡화,216671,11304,205367,False,False
O10992,C002,2026-01-20,오픈마켓,디지털,64064,4751,59313,False,False
O10993,C002,2026-01-20,오픈마켓,뷰티,125697,8725,116972,False,False
O10994,C002,2026-01-20,오픈마켓,식품,321673,10661,311012,False,False
O10995,C002,2026-01-20,오픈마켓,디지털,149895,8538,141357,False,False
O10996,C002,2026-01-20,오픈마켓,패션잡화,129883,7256,122627,False,False
O10997,C002,2026-01-20,오픈마켓,식품,166761,4789,161972,False,False
O10998,C002,2026-01-20,오픈마켓,생활용품,138163,5823,132340,False,False
O10999,C002,2026-01-20,오픈마켓,패션잡화,175282,11394,163888,False,False
O11000,C003,2026-01-20,라이브,뷰티,209399,11946,197453,False,False
O11001,C003,2026-01-20,라이브,디지털,377749,13071,364678,False,False
O11002,C003,2026-01-20,라이브,패션잡화,410425,16049,394376,False,False
O11003,C003,2026-01-20,라이브,패션잡화,231561,14970,216591,False,False
O11004,C003,2026-01-20,라이브,식품,315726,18413,297313,False,False
O11005,C003,2026-01-20,라이브,패션잡화,117766,3182,114584,False,False
O11006,C003,2026-01-20,라이브,생활용품,84226,3698,80528,False,False
O11007,C003,2026-01-20,라이브,식품,274609,11334,263275,False,False
O11008,C003,2026-01-20,라이브,패션잡화,396088,14885,381203,False,False
O11009,C003,2026-01-20,라이브,식품,360073,26212,333861,False,False
O11010,C003,2026-01-20,라이브,디지털,45743,2220,43523,False,True
O11011,C003,2026-01-20,라이브,패션잡화,175281,10623,164658,False,False
O11012,C003,2026-01-20,라이브,패션잡화,236672,12948,223724,False,False
O11013,C003,2026-01-20,라이브,디지털,411011,30053,380958,False,False
O11014,C004,2026-01-20,오픈마켓,식품,312658,10191,302467,False,False
O11015,C004,2026-01-20,오픈마켓,식품,307789,9410,298379,False,False
O11016,C004,2026-01-20,오픈마켓,패션잡화,177690,13256,164434,False,False
O11017,C004,2026-01-20,오픈마켓,식품,345567,22526,323041,False,False
O11018,C005,2026-01-20,자사몰,패션잡화,216908,10391,206517,False,False
O11019,C005,2026-01-20,자사몰,생활용품,255586,17256,238330,False,False
O11020,C005,2026-01-20,자사몰,식품,399517,26418,373099,False,False
O11021,C005,2026-01-20,자사몰,패션잡화,258893,10576,248317,False,True
O11022,C005,2026-01-20,자사몰,식품,199695,8919,190776,False,False
O11023,C005,2026-01-20,자사몰,패션잡화,299571,8873,290698,False,False
O11024,C005,2026-01-20,자사몰,디지털,300251,18708,281543,False,False
O11025,C005,2026-01-20,자사몰,생활용품,113788,6125,107663,False,False
O11026,C005,2026-01-20,자사몰,디지털,90918,4755,86163,False,False
O11027,C005,2026-01-20,자사몰,뷰티,278354,13321,265033,False,False
O11028,C005,2026-01-20,자사몰,식품,283911,20242,263669,False,False
O11029,C005,2026-01-20,자사몰,뷰티,176545,7478,169067,False,False
O11030,C005,2026-01-20,자사몰,디지털,60176,3715,56461,False,False
O11031,C005,2026-01-20,자사몰,디지털,355125,25778,329347,False,False
O11032,C005,2026-01-20,자사몰,식품,310570,17979,292591,False,False
O11033,C001,2026-01-21,자사몰,패션잡화,389110,27289,361821,False,False
O11034,C001,2026-01-21,자사몰,패션잡화,354804,22018,332786,False,False
O11035,C001,2026-01-21,자사몰,디지털,383319,11925,371394,False,False
O11036,C001,2026-01-21,자사몰,패션잡화,161879,8792,153087,False,False
O11037,C001,2026-01-21,자사몰,뷰티,378958,10276,368682,False,False
O11038,C001,2026-01-21,자사몰,디지털,305992,17839,288153,False,False
O11039,C001,2026-01-21,자사몰,뷰티,330761,10134,320627,False,False
O11040,C001,2026-01-21,자사몰,패션잡화,119935,8532,111403,False,False
O11041,C001,2026-01-21,자사몰,디지털,51110,3397,47713,False,False
O11042,C001,2026-01-21,자사몰,디지털,364103,12653,351450,False,False
O11043,C001,2026-01-21,자사몰,뷰티,83192,3635,79557,False,False
O11044,C001,2026-01-21,자사몰,뷰티,184686,10668,174018,False,False
O11045,C002,2026-01-21,오픈마켓,생활용품,221355,8863,212492,False,False
O11046,C002,2026-01-21,오픈마켓,생활용품,253301,7923,245378,False,False
O11047,C002,2026-01-21,오픈마켓,생활용품,250919,17080,233839,False,False
O11048,C002,2026-01-21,오픈마켓,생활용품,334778,15061,319717,False,False
O11049,C002,2026-01-21,오픈마켓,뷰티,97467,5518,91949,False,False
O11050,C002,2026-01-21,오픈마켓,생활용품,160211,11313,148898,False,False
O11051,C002,2026-01-21,오픈마켓,패션잡화,138878,6192,132686,False,False
O11052,C002,2026-01-21,오픈마켓,뷰티,107530,2943,104587,False,False
O11053,C002,2026-01-21,오픈마켓,패션잡화,147730,4554,143176,False,False
O11054,C002,2026-01-21,오픈마켓,생활용품,382118,20667,361451,False,False
O11055,C003,2026-01-21,라이브,생활용품,360603,20286,340317,False,False
O11056,C003,2026-01-21,라이브,식품,224186,16665,207521,False,False
O11057,C003,2026-01-21,라이브,생활용품,306933,10004,296929,False,False
O11058,C003,2026-01-21,라이브,패션잡화,293076,13564,279512,False,False
O11059,C004,2026-01-21,오픈마켓,생활용품,359385,11163,348222,False,False
O11060,C004,2026-01-21,오픈마켓,뷰티,39684,2653,37031,False,False
O11061,C004,2026-01-21,오픈마켓,생활용품,408459,27628,380831,False,False
O11062,C004,2026-01-21,오픈마켓,패션잡화,77448,4924,72524,False,False
O11063,C004,2026-01-21,오픈마켓,생활용품,287295,21055,266240,False,False
O11064,C004,2026-01-21,오픈마켓,식품,312632,20844,291788,False,False
O11065,C004,2026-01-21,오픈마켓,생활용품,81883,4739,77144,False,False
O11066,C004,2026-01-21,오픈마켓,패션잡화,102064,4831,97233,False,False
O11067,C004,2026-01-21,오픈마켓,디지털,334219,15505,318714,False,False
O11068,C004,2026-01-21,오픈마켓,생활용품,234078,11590,222488,False,False
O11069,C004,2026-01-21,오픈마켓,뷰티,171296,4755,166541,False,False
O11070,C004,2026-01-21,오픈마켓,식품,132471,8177,124294,False,False
O11071,C004,2026-01-21,오픈마켓,패션잡화,395421,13051,382370,False,False
O11072,C005,2026-01-21,자사몰,디지털,348896,17955,330941,False,False
O11073,C005,2026-01-21,자사몰,패션잡화,88451,3533,84918,False,False
O11074,C005,2026-01-21,자사몰,식품,94889,5454,89435,False,False
O11075,C005,2026-01-21,자사몰,생활용품,106602,4807,101795,False,False
O11076,C005,2026-01-21,자사몰,생활용품,173210,7297,165913,False,False
O11077,C005,2026-01-21,자사몰,뷰티,331949,18141,313808,False,False
O11078,C005,2026-01-21,자사몰,뷰티,166046,11602,154444,False,False
O11079,C005,2026-01-21,자사몰,생활용품,211446,15718,195728,False,False
O11080,C005,2026-01-21,자사몰,식품,122406,6379,116027,False,False
O11081,C005,2026-01-21,자사몰,디지털,383747,25987,0,True,False
O11082,C005,2026-01-21,자사몰,식품,310209,18290,291919,False,False
O11083,C005,2026-01-21,자사몰,디지털,221481,6166,215315,False,False
O11084,C001,2026-01-22,자사몰,생활용품,382669,27990,354679,False,False
O11085,C001,2026-01-22,자사몰,디지털,366580,11200,355380,False,False
O11086,C001,2026-01-22,자사몰,식품,199806,5940,193866,False,False
O11087,C001,2026-01-22,자사몰,디지털,359776,20780,338996,False,True
O11088,C001,2026-01-22,자사몰,디지털,251349,11590,239759,False,False
O11089,C002,2026-01-22,오픈마켓,뷰티,257508,9277,248231,False,False
O11090,C002,2026-01-22,오픈마켓,디지털,101482,4651,96831,False,False
O11091,C002,2026-01-22,오픈마켓,패션잡화,248520,12959,235561,False,False
O11092,C002,2026-01-22,오픈마켓,패션잡화,263052,16896,0,True,False
O11093,C002,2026-01-22,오픈마켓,디지털,274864,13859,261005,False,False
O11094,C002,2026-01-22,오픈마켓,패션잡화,43582,1656,41926,False,False
O11095,C002,2026-01-22,오픈마켓,뷰티,319442,23012,296430,False,True
O11096,C002,2026-01-22,오픈마켓,디지털,414047,25721,388326,False,False
O11097,C002,2026-01-22,오픈마켓,식품,241669,14361,227308,False,False
O11098,C002,2026-01-22,오픈마켓,뷰티,162062,4762,157300,False,False
O11099,C002,2026-01-22,오픈마켓,디지털,409279,15844,393435,False,False
O11100,C003,2026-01-22,라이브,식품,217226,9407,207819,False,False
O11101,C003,2026-01-22,라이브,뷰티,124360,4224,120136,False,False
O11102,C003,2026-01-22,라이브,뷰티,289018,17570,271448,False,False
O11103,C003,2026-01-22,라이브,식품,286500,11509,274991,False,False
O11104,C003,2026-01-22,라이브,생활용품,340322,22290,318032,False,False
O11105,C003,2026-01-22,라이브,생활용품,164757,11534,153223,False,False
O11106,C003,2026-01-22,라이브,생활용품,56205,3305,52900,False,True
O11107,C003,2026-01-22,라이브,생활용품,261045,9686,251359,False,False
O11108,C003,2026-01-22,라이브,식품,365694,10166,355528,False,False
O11109,C003,2026-01-22,라이브,디지털,382790,27518,355272,False,False
O11110,C003,2026-01-22,라이브,뷰티,122053,8759,113294,False,False
O11111,C004,2026-01-22,오픈마켓,디지털,296338,21068,275270,False,False
O11112,C004,2026-01-22,오픈마켓,생활용품,53327,2809,50518,False,False
O11113,C004,2026-01-22,오픈마켓,디지털,60824,3735,57089,False,False
O11114,C004,2026-01-22,오픈마켓,식품,40829,3040,37789,False,False
O11115,C004,2026-01-22,오픈마켓,뷰티,209804,6775,203029,False,False
O11116,C004,2026-01-22,오픈마켓,디지털,233477,9932,223545,False,False
O11117,C004,2026-01-22,오픈마켓,패션잡화,48720,2146,46574,False,False
O11118,C004,2026-01-22,오픈마켓,패션잡화,70193,2950,67243,False,False
O11119,C004,2026-01-22,오픈마켓,패션잡화,107299,7748,99551,False,False
O11120,C004,2026-01-22,오픈마켓,뷰티,177320,6272,171048,False,False
O11121,C005,2026-01-22,자사몰,디지털,89844,5806,84038,False,False
O11122,C005,2026-01-22,자사몰,뷰티,309892,20237,289655,False,False
O11123,C005,2026-01-22,자사몰,디지털,374424,12948,361476,False,False
O11124,C005,2026-01-22,자사몰,패션잡화,204137,9009,195128,False,False
O11125,C005,2026-01-22,자사몰,식품,308386,22560,285826,False,False
O11126,C005,2026-01-22,자사몰,뷰티,142405,9809,132596,False,False
O11127,C005,2026-01-22,자사몰,패션잡화,415721,16245,399476,False,False
O11128,C005,2026-01-22,자사몰,패션잡화,410063,28633,381430,False,False
O11129,C005,2026-01-22,자사몰,뷰티,329417,11577,0,True,False
O11130,C005,2026-01-22,자사몰,뷰티,218046,15527,202519,False,False
O11131,C005,2026-01-22,자사몰,패션잡화,414776,18272,396504,False,False
O11132,C005,2026-01-22,자사몰,패션잡화,109344,6477,102867,False,False
O11133,C001,2026-01-23,자사몰,생활용품,338836,13784,325052,False,False
O11134,C001,2026-01-23,자사몰,뷰티,185457,12421,173036,False,False
O11135,C001,2026-01-23,자사몰,뷰티,118160,7480,110680,False,False
O11136,C001,2026-01-23,자사몰,뷰티,160102,10808,149294,False,False
O11137,C001,2026-01-23,자사몰,생활용품,268132,18449,0,True,False
O11138,C001,2026-01-23,자사몰,식품,206095,8070,198025,False,False
O11139,C001,2026-01-23,자사몰,식품,226993,16258,210735,False,False
O11140,C001,2026-01-23,자사몰,식품,48433,1955,46478,False,False
O11141,C001,2026-01-23,자사몰,생활용품,308534,19445,289089,False,False
O11142,C001,2026-01-23,자사몰,생활용품,260161,18727,241434,False,False
O11143,C001,2026-01-23,자사몰,식품,203860,9992,193868,False,False
O11144,C001,2026-01-23,자사몰,생활용품,304660,7859,296801,False,False
O11145,C002,2026-01-23,오픈마켓,뷰티,198529,9912,188617,False,True
O11146,C002,2026-01-23,오픈마켓,생활용품,73988,5196,68792,False,False
O11147,C002,2026-01-23,오픈마켓,디지털,404645,10234,394411,False,False
O11148,C002,2026-01-23,오픈마켓,뷰티,366334,12991,353343,False,False
O11149,C002,2026-01-23,오픈마켓,식품,48168,2923,45245,False,False
O11150,C002,2026-01-23,오픈마켓,뷰티,293447,12379,281068,False,False
O11151,C003,2026-01-23,라이브,식품,356258,10080,346178,False,False
O11152,C003,2026-01-23,라이브,디지털,263735,17850,245885,False,True
O11153,C003,2026-01-23,라이브,패션잡화,154296,7906,146390,False,False
O11154,C003,2026-01-23,라이브,디지털,323624,13504,310120,False,False
O11155,C003,2026-01-23,라이브,뷰티,379995,20437,359558,False,False
O11156,C003,2026-01-23,라이브,식품,83437,2121,81316,False,False
O11157,C003,2026-01-23,라이브,뷰티,178779,10499,168280,False,False
O11158,C003,2026-01-23,라이브,식품,133172,6010,127162,False,True
O11159,C004,2026-01-23,오픈마켓,디지털,183377,7337,176040,False,False
O11160,C004,2026-01-23,오픈마켓,식품,99600,2536,97064,False,False
O11161,C004,2026-01-23,오픈마켓,패션잡화,33903,1220,32683,False,False
O11162,C004,2026-01-23,오픈마켓,디지털,168665,5221,163444,False,False
O11163,C004,2026-01-23,오픈마켓,뷰티,285679,15739,269940,False,False
O11164,C004,2026-01-23,오픈마켓,생활용품,336791,9233,327558,False,False
O11165,C004,2026-01-23,오픈마켓,패션잡화,193534,5957,187577,False,True
O11166,C004,2026-01-23,오픈마켓,생활용품,246142,9075,237067,False,False
O11167,C004,2026-01-23,오픈마켓,식품,172978,7366,165612,False,False
O11168,C004,2026-01-23,오픈마켓,식품,376678,10343,366335,False,False
O11169,C004,2026-01-23,오픈마켓,디지털,133891,5999,127892,False,False
O11170,C004,2026-01-23,오픈마켓,디지털,177293,11551,165742,False,False
O11171,C004,2026-01-23,오픈마켓,패션잡화,298817,9342,289475,False,True
O11172,C004,2026-01-23,오픈마켓,뷰티,61862,4380,57482,False,False
O11173,C004,2026-01-23,오픈마켓,디지털,165196,11373,153823,False,False
O11174,C004,2026-01-23,오픈마켓,뷰티,155545,8585,146960,False,True
O11175,C005,2026-01-23,자사몰,뷰티,101716,3664,98052,False,False
O11176,C005,2026-01-23,자사몰,디지털,333871,10056,323815,False,False
O11177,C005,2026-01-23,자사몰,패션잡화,250072,11509,238563,False,False
O11178,C005,2026-01-23,자사몰,뷰티,237929,16756,221173,False,False
O11179,C005,2026-01-23,자사몰,뷰티,154501,5425,149076,False,False
O11180,C005,2026-01-23,자사몰,식품,185322,7327,177995,False,False
O11181,C005,2026-01-23,자사몰,뷰티,415396,15414,399982,False,False
O11182,C005,2026-01-23,자사몰,생활용품,229796,10460,219336,False,False
O11183,C005,2026-01-23,자사몰,디지털,235182,8913,226269,False,True
O11184,C005,2026-01-23,자사몰,뷰티,91470,3284,88186,False,False
O11185,C005,2026-01-23,자사몰,디지털,77502,4524,72978,False,False
O11186,C001,2026-01-24,자사몰,패션잡화,51512,1297,50215,False,False
O11187,C001,2026-01-24,자사몰,생활용품,385468,25411,360057,False,False
O11188,C001,2026-01-24,자사몰,생활용품,356937,13525,0,True,False
O11189,C001,2026-01-24,자사몰,생활용품,378609,18705,359904,False,False
O11190,C001,2026-01-24,자사몰,식품,284640,8478,276162,False,False
O11191,C002,2026-01-24,오픈마켓,디지털,371178,19572,351606,False,False
O11192,C002,2026-01-24,오픈마켓,식품,278973,17235,261738,False,False
O11193,C002,2026-01-24,오픈마켓,패션잡화,338282,15815,322467,False,False
O11194,C002,2026-01-24,오픈마켓,뷰티,57790,3425,54365,False,False
O11195,C002,2026-01-24,오픈마켓,패션잡화,157480,9515,147965,False,False
O11196,C002,2026-01-24,오픈마켓,패션잡화,320538,10128,310410,False,False
O11197,C002,2026-01-24,오픈마켓,패션잡화,165708,4340,161368,False,False
O11198,C002,2026-01-24,오픈마켓,뷰티,88546,4437,84109,False,False
O11199,C002,2026-01-24,오픈마켓,생활용품,251913,7155,244758,False,False
O11200,C003,2026-01-24,라이브,식품,181056,7275,173781,False,False
O11201,C003,2026-01-24,라이브,디지털,418062,28183,389879,False,False
O11202,C003,2026-01-24,라이브,식품,68341,4034,64307,False,False
O11203,C003,2026-01-24,라이브,디지털,201886,9726,192160,False,False
O11204,C003,2026-01-24,라이브,패션잡화,93925,3762,90163,False,False
O11205,C003,2026-01-24,라이브,뷰티,208028,10810,197218,False,False
O11206,C003,2026-01-24,라이브,뷰티,405661,23922,381739,False,False
O11207,C003,2026-01-24,라이브,식품,359458,12635,346823,False,False
O11208,C003,2026-01-24,라이브,패션잡화,230938,12144,218794,False,False
O11209,C003,2026-01-24,라이브,패션잡화,136574,7913,128661,False,False
O11210,C003,2026-01-24,라이브,식품,419921,12467,0,True,False
O11211,C003,2026-01-24,라이브,패션잡화,340903,19471,321432,False,False
O11212,C003,2026-01-24,라이브,뷰티,318686,10365,308321,False,False
O11213,C003,2026-01-24,라이브,패션잡화,281330,8998,272332,False,True
O11214,C003,2026-01-24,라이브,디지털,69811,2212,67599,False,False
O11215,C004,2026-01-24,오픈마켓,패션잡화,318305,8863,309442,False,False
O11216,C004,2026-01-24,오픈마켓,뷰티,73358,2501,70857,False,False
O11217,C004,2026-01-24,오픈마켓,생활용품,346183,23365,322818,False,False
O11218,C004,2026-01-24,오픈마켓,디지털,208566,14130,194436,False,False
O11219,C004,2026-01-24,오픈마켓,식품,294082,20903,273179,False,False
O11220,C005,2026-01-24,자사몰,뷰티,145576,5843,139733,False,False
O11221,C005,2026-01-24,자사몰,패션잡화,322640,8068,314572,False,False
O11222,C005,2026-01-24,자사몰,디지털,279846,20443,259403,False,False
O11223,C005,2026-01-24,자사몰,뷰티,346156,9245,336911,False,False
O11224,C005,2026-01-24,자사몰,패션잡화,154622,5989,148633,False,False
O11225,C005,2026-01-24,자사몰,생활용품,262110,11332,0,True,False
O11226,C005,2026-01-24,자사몰,생활용품,367482,26860,340622,False,False
O11227,C005,2026-01-24,자사몰,패션잡화,337800,23924,313876,False,False
O11228,C005,2026-01-24,자사몰,생활용품,379778,14963,364815,False,False
O11229,C005,2026-01-24,자사몰,패션잡화,181309,10588,170721,False,False
O11230,C005,2026-01-24,자사몰,생활용품,398843,14648,384195,False,False
O11231,C005,2026-01-24,자사몰,식품,305243,11656,293587,False,False
O11232,C005,2026-01-24,자사몰,뷰티,117235,7444,109791,False,False
O11233,C005,2026-01-24,자사몰,뷰티,88923,3062,85861,False,False
O11234,C001,2026-01-25,자사몰,패션잡화,410001,10823,399178,False,False
O11235,C001,2026-01-25,자사몰,디지털,247869,10116,237753,False,False
O11236,C001,2026-01-25,자사몰,생활용품,223407,8827,214580,False,False
O11237,C001,2026-01-25,자사몰,뷰티,124209,3343,120866,False,False
O11238,C001,2026-01-25,자사몰,생활용품,34226,1248,0,True,False
O11239,C001,2026-01-25,자사몰,패션잡화,80731,5471,75260,False,True
O11240,C001,2026-01-25,자사몰,생활용품,175316,7048,168268,False,False
O11241,C001,2026-01-25,자사몰,디지털,111543,4628,106915,False,False
O11242,C001,2026-01-25,자사몰,디지털,359057,18050,0,True,False
O11243,C001,2026-01-25,자사몰,생활용품,334437,11668,322769,False,False
O11244,C001,2026-01-25,자사몰,패션잡화,46256,2886,43370,False,True
O11245,C002,2026-01-25,오픈마켓,생활용품,384758,26486,358272,False,False
O11246,C002,2026-01-25,오픈마켓,패션잡화,200887,14999,185888,False,False
O11247,C002,2026-01-25,오픈마켓,패션잡화,152559,4633,147926,False,False
O11248,C002,2026-01-25,오픈마켓,뷰티,142131,8367,133764,False,False
O11249,C002,2026-01-25,오픈마켓,뷰티,302325,17839,284486,False,False
O11250,C002,2026-01-25,오픈마켓,뷰티,120290,6330,113960,False,False
O11251,C002,2026-01-25,오픈마켓,뷰티,130326,5353,124973,False,False
O11252,C002,2026-01-25,오픈마켓,뷰티,78826,5792,73034,False,False
O11253,C002,2026-01-25,오픈마켓,뷰티,363445,10561,352884,False,False
O11254,C002,2026-01-25,오픈마켓,뷰티,232832,8790,224042,False,False
O11255,C002,2026-01-25,오픈마켓,디지털,275551,19462,256089,False,False
O11256,C002,2026-01-25,오픈마켓,패션잡화,274321,16894,257427,False,False
O11257,C002,2026-01-25,오픈마켓,식품,183153,9534,173619,False,False
O11258,C002,2026-01-25,오픈마켓,식품,369897,19927,349970,False,False
O11259,C003,2026-01-25,라이브,뷰티,142631,7205,135426,False,True
O11260,C003,2026-01-25,라이브,패션잡화,368832,13015,355817,False,False
O11261,C003,2026-01-25,라이브,생활용품,321465,16621,304844,False,False
O11262,C003,2026-01-25,라이브,디지털,198569,9804,188765,False,False
O11263,C003,2026-01-25,라이브,식품,164617,10279,154338,False,False
O11264,C003,2026-01-25,라이브,패션잡화,316166,23574,292592,False,False
O11265,C003,2026-01-25,라이브,디지털,405351,17359,387992,False,False
O11266,C003,2026-01-25,라이브,패션잡화,82444,5403,77041,False,False
O11267,C004,2026-01-25,오픈마켓,생활용품,358762,23175,335587,False,False
O11268,C004,2026-01-25,오픈마켓,식품,171243,4710,166533,False,False
O11269,C004,2026-01-25,오픈마켓,생활용품,186613,9022,177591,False,False
O11270,C004,2026-01-25,오픈마켓,패션잡화,120747,8747,112000,False,False
O11271,C004,2026-01-25,오픈마켓,뷰티,333850,9424,324426,False,False
O11272,C004,2026-01-25,오픈마켓,식품,298439,15374,283065,False,False
O11273,C004,2026-01-25,오픈마켓,식품,195815,7024,0,True,False
O11274,C004,2026-01-25,오픈마켓,패션잡화,349652,19298,330354,False,False
O11275,C004,2026-01-25,오픈마켓,식품,287406,10741,276665,False,False
O11276,C004,2026-01-25,오픈마켓,패션잡화,121757,4252,117505,False,False
O11277,C004,2026-01-25,오픈마켓,뷰티,52726,3915,48811,False,False
O11278,C004,2026-01-25,오픈마켓,생활용품,336146,15932,320214,False,False
O11279,C004,2026-01-25,오픈마켓,뷰티,227364,8694,218670,False,False
O11280,C004,2026-01-25,오픈마켓,디지털,397760,22401,375359,False,False
O11281,C004,2026-01-25,오픈마켓,생활용품,165142,9823,155319,False,False
O11282,C005,2026-01-25,자사몰,식품,182264,7668,174596,False,False
O11283,C005,2026-01-25,자사몰,생활용품,171718,5406,166312,False,False
O11284,C005,2026-01-25,자사몰,식품,267071,8644,258427,False,False
O11285,C005,2026-01-25,자사몰,디지털,76136,5026,71110,False,False
O11286,C005,2026-01-25,자사몰,패션잡화,417362,30783,386579,False,False
O11287,C001,2026-01-26,자사몰,식품,334994,21210,313784,False,False
O11288,C001,2026-01-26,자사몰,패션잡화,115838,6423,109415,False,False
O11289,C001,2026-01-26,자사몰,뷰티,353013,10666,342347,False,False
O11290,C001,2026-01-26,자사몰,디지털,102053,4856,97197,False,False
O11291,C001,2026-01-26,자사몰,패션잡화,283853,8857,274996,False,False
O11292,C001,2026-01-26,자사몰,디지털,223701,8921,214780,False,False
O11293,C001,2026-01-26,자사몰,뷰티,147856,9324,138532,False,False
O11294,C001,2026-01-26,자사몰,뷰티,315338,22102,293236,False,False
O11295,C001,2026-01-26,자사몰,뷰티,199216,11409,187807,False,False
O11296,C001,2026-01-26,자사몰,식품,285472,8907,276565,False,False
O11297,C001,2026-01-26,자사몰,생활용품,150797,8803,141994,False,False
O11298,C001,2026-01-26,자사몰,뷰티,404361,22333,382028,False,False
O11299,C001,2026-01-26,자사몰,식품,415774,14756,401018,False,False
O11300,C001,2026-01-26,자사몰,패션잡화,146423,7285,139138,False,False
O11301,C002,2026-01-26,오픈마켓,식품,131270,7996,0,True,False
O11302,C002,2026-01-26,오픈마켓,패션잡화,355660,14857,340803,False,True
O11303,C002,2026-01-26,오픈마켓,뷰티,176218,5217,171001,False,False
O11304,C002,2026-01-26,오픈마켓,뷰티,175198,4504,170694,False,False
O11305,C002,2026-01-26,오픈마켓,패션잡화,228374,8250,220124,False,False
O11306,C002,2026-01-26,오픈마켓,식품,131930,6902,125028,False,False
O11307,C002,2026-01-26,오픈마켓,생활용품,90034,2668,87366,False,False
O11308,C002,2026-01-26,오픈마켓,생활용품,112474,6918,105556,False,False
O11309,C002,2026-01-26,오픈마켓,식품,341799,16581,325218,False,True
O11310,C003,2026-01-26,라이브,생활용품,164398,10096,154302,False,False
O11311,C003,2026-01-26,라이브,디지털,384000,25420,358580,False,False
O11312,C003,2026-01-26,라이브,뷰티,72700,4462,68238,False,False
O11313,C003,2026-01-26,라이브,식품,279301,8469,270832,False,False
O11314,C003,2026-01-26,라이브,뷰티,256119,12550,243569,False,False
O11315,C003,2026-01-26,라이브,디지털,316139,20704,295435,False,False
O11316,C003,2026-01-26,라이브,패션잡화,199582,14451,185131,False,False
O11317,C003,2026-01-26,라이브,뷰티,402564,28378,374186,False,False
O11318,C003,2026-01-26,라이브,디지털,318577,8964,309613,False,False
O11319,C004,2026-01-26,오픈마켓,식품,315778,19699,296079,False,False
O11320,C004,2026-01-26,오픈마켓,뷰티,217208,6115,0,True,False
O11321,C004,2026-01-26,오픈마켓,생활용품,379163,18591,360572,False,False
O11322,C004,2026-01-26,오픈마켓,패션잡화,226193,14828,211365,False,False
O11323,C004,2026-01-26,오픈마켓,식품,115561,6402,109159,False,False
O11324,C004,2026-01-26,오픈마켓,식품,163394,11185,152209,False,False
O11325,C004,2026-01-26,오픈마켓,뷰티,236152,10462,225690,False,False
O11326,C004,2026-01-26,오픈마켓,뷰티,292729,11004,281725,False,False
O11327,C004,2026-01-26,오픈마켓,패션잡화,330978,24178,306800,False,False
O11328,C004,2026-01-26,오픈마켓,식품,328687,12928,315759,False,False
O11329,C004,2026-01-26,오픈마켓,식품,307377,11401,0,True,False
O11330,C004,2026-01-26,오픈마켓,패션잡화,37250,2590,34660,False,False
O11331,C005,2026-01-26,자사몰,패션잡화,323807,14926,308881,False,False
O11332,C005,2026-01-26,자사몰,디지털,387311,25111,362200,False,False
O11333,C005,2026-01-26,자사몰,뷰티,61867,4115,57752,False,False
O11334,C005,2026-01-26,자사몰,생활용품,367537,10743,356794,False,False
O11335,C005,2026-01-26,자사몰,식품,305796,16074,0,True,False
O11336,C001,2026-01-27,자사몰,패션잡화,65365,2656,62709,False,False
O11337,C001,2026-01-27,자사몰,뷰티,45374,1378,43996,False,False
O11338,C001,2026-01-27,자사몰,식품,289875,15989,273886,False,False
O11339,C001,2026-01-27,자사몰,패션잡화,350605,23789,326816,False,False
O11340,C001,2026-01-27,자사몰,식품,121546,8039,113507,False,False
O11341,C001,2026-01-27,자사몰,디지털,271231,10559,260672,False,False
O11342,C001,2026-01-27,자사몰,디지털,268781,13744,255037,False,False
O11343,C001,2026-01-27,자사몰,패션잡화,162960,8103,0,True,False
O11344,C001,2026-01-27,자사몰,식품,262799,19228,243571,False,False
O11345,C001,2026-01-27,자사몰,패션잡화,163138,10192,152946,False,False
O11346,C001,2026-01-27,자사몰,패션잡화,46194,2305,43889,False,False
O11347,C001,2026-01-27,자사몰,패션잡화,108443,4944,103499,False,False
O11348,C001,2026-01-27,자사몰,뷰티,407018,11164,0,True,False
O11349,C001,2026-01-27,자사몰,뷰티,242920,7214,235706,False,False
O11350,C001,2026-01-27,자사몰,식품,401790,15517,386273,False,False
O11351,C002,2026-01-27,오픈마켓,패션잡화,150567,6288,144279,False,True
O11352,C002,2026-01-27,오픈마켓,식품,187914,9384,178530,False,False
O11353,C002,2026-01-27,오픈마켓,뷰티,94751,5388,89363,False,False
O11354,C002,2026-01-27,오픈마켓,생활용품,343080,11366,331714,False,False
O11355,C002,2026-01-27,오픈마켓,식품,63417,4579,58838,False,False
O11356,C002,2026-01-27,오픈마켓,식품,211119,5599,205520,False,False
O11357,C002,2026-01-27,오픈마켓,뷰티,391374,13609,377765,False,False
O11358,C002,2026-01-27,오픈마켓,디지털,290496,12261,278235,False,False
O11359,C003,2026-01-27,라이브,생활용품,150869,5074,0,True,False
O11360,C003,2026-01-27,라이브,디지털,253049,15420,237629,False,False
O11361,C003,2026-01-27,라이브,디지털,53537,2831,50706,False,False
O11362,C003,2026-01-27,라이브,패션잡화,165135,8199,156936,False,False
O11363,C003,2026-01-27,라이브,디지털,212076,15516,196560,False,False
O11364,C003,2026-01-27,라이브,디지털,255495,6542,248953,False,False
O11365,C003,2026-01-27,라이브,패션잡화,120102,8892,111210,False,True
O11366,C003,2026-01-27,라이브,패션잡화,196644,13766,182878,False,False
O11367,C003,2026-01-27,라이브,패션잡화,376689,26063,350626,False,False
O11368,C003,2026-01-27,라이브,생활용품,263548,12761,250787,False,False
O11369,C004,2026-01-27,오픈마켓,생활용품,252095,13782,238313,False,False
O11370,C004,2026-01-27,오픈마켓,뷰티,97801,4688,93113,False,False
O11371,C004,2026-01-27,오픈마켓,패션잡화,308719,17610,291109,False,False
O11372,C004,2026-01-27,오픈마켓,생활용품,137618,3910,133708,False,False
O11373,C004,2026-01-27,오픈마켓,디지털,40259,1749,38510,False,False
O11374,C004,2026-01-27,오픈마켓,뷰티,308301,11790,296511,False,True
O11375,C004,2026-01-27,오픈마켓,식품,313977,22660,291317,False,False
O11376,C004,2026-01-27,오픈마켓,뷰티,309523,15898,293625,False,False
O11377,C004,2026-01-27,오픈마켓,패션잡화,365049,15344,349705,False,False
O11378,C005,2026-01-27,자사몰,생활용품,213679,7103,206576,False,False
O11379,C005,2026-01-27,자사몰,패션잡화,325767,15858,309909,False,False
O11380,C005,2026-01-27,자사몰,패션잡화,106655,5780,100875,False,True
O11381,C005,2026-01-27,자사몰,생활용품,258181,15868,242313,False,False
O11382,C005,2026-01-27,자사몰,패션잡화,88883,5457,83426,False,False
O11383,C005,2026-01-27,자사몰,식품,147953,8103,139850,False,False
O11384,C005,2026-01-27,자사몰,디지털,78958,3516,75442,False,False
O11385,C005,2026-01-27,자사몰,디지털,161901,8950,152951,False,False
O11386,C005,2026-01-27,자사몰,생활용품,202775,5093,197682,False,False
O11387,C005,2026-01-27,자사몰,식품,170698,6618,164080,False,False
O11388,C005,2026-01-27,자사몰,디지털,325918,15817,310101,False,False
O11389,C005,2026-01-27,자사몰,뷰티,402783,13596,389187,False,False
O11390,C005,2026-01-27,자사몰,생활용품,407295,30340,376955,False,False
O11391,C005,2026-01-27,자사몰,식품,161233,6926,154307,False,False
O11392,C005,2026-01-27,자사몰,뷰티,297739,19181,278558,False,False
O11393,C001,2026-01-28,자사몰,패션잡화,179970,7680,172290,False,False
O11394,C001,2026-01-28,자사몰,뷰티,74870,2133,72737,False,False
O11395,C001,2026-01-28,자사몰,생활용품,69095,3183,65912,False,False
O11396,C001,2026-01-28,자사몰,생활용품,237556,15113,222443,False,False
O11397,C002,2026-01-28,오픈마켓,디지털,419375,16863,402512,False,False
O11398,C002,2026-01-28,오픈마켓,생활용품,153484,7166,146318,False,False
O11399,C002,2026-01-28,오픈마켓,패션잡화,97345,5254,92091,False,False
O11400,C002,2026-01-28,오픈마켓,식품,96251,3194,93057,False,False
O11401,C002,2026-01-28,오픈마켓,패션잡화,355541,9305,346236,False,False
O11402,C002,2026-01-28,오픈마켓,패션잡화,57682,2903,54779,False,False
O11403,C002,2026-01-28,오픈마켓,디지털,64889,3913,60976,False,False
O11404,C003,2026-01-28,라이브,뷰티,152522,5760,146762,False,False
O11405,C003,2026-01-28,라이브,디지털,139706,8605,131101,False,False
O11406,C003,2026-01-28,라이브,뷰티,388270,11348,376922,False,False
O11407,C003,2026-01-28,라이브,뷰티,363886,18069,0,True,False
O11408,C003,2026-01-28,라이브,생활용품,369917,24548,345369,False,False
O11409,C003,2026-01-28,라이브,식품,254009,10968,243041,False,False
O11410,C003,2026-01-28,라이브,식품,174177,9763,164414,False,False
O11411,C003,2026-01-28,라이브,디지털,216542,10030,206512,False,False
O11412,C003,2026-01-28,라이브,뷰티,380074,15356,364718,False,False
O11413,C003,2026-01-28,라이브,생활용품,379513,21398,358115,False,False
O11414,C003,2026-01-28,라이브,패션잡화,416631,23498,393133,False,False
O11415,C003,2026-01-28,라이브,뷰티,288377,19577,268800,False,False
O11416,C003,2026-01-28,라이브,디지털,316028,14431,301597,False,False
O11417,C003,2026-01-28,라이브,뷰티,51024,2655,48369,False,False
O11418,C003,2026-01-28,라이브,식품,33103,958,32145,False,False
O11419,C004,2026-01-28,오픈마켓,패션잡화,142961,8556,134405,False,False
O11420,C004,2026-01-28,오픈마켓,디지털,95355,3440,91915,False,False
O11421,C004,2026-01-28,오픈마켓,디지털,295038,19299,275739,False,False
O11422,C004,2026-01-28,오픈마켓,생활용품,199191,5740,193451,False,False
O11423,C004,2026-01-28,오픈마켓,뷰티,370168,26344,343824,False,False
O11424,C004,2026-01-28,오픈마켓,생활용품,216034,12751,203283,False,False
O11425,C004,2026-01-28,오픈마켓,패션잡화,82828,6102,76726,False,False
O11426,C004,2026-01-28,오픈마켓,식품,267725,13748,253977,False,False
O11427,C004,2026-01-28,오픈마켓,식품,404184,12090,392094,False,False
O11428,C004,2026-01-28,오픈마켓,식품,90512,6574,83938,False,False
O11429,C004,2026-01-28,오픈마켓,식품,196627,6266,190361,False,False
O11430,C004,2026-01-28,오픈마켓,생활용품,369932,18928,351004,False,False
O11431,C004,2026-01-28,오픈마켓,디지털,222381,16187,206194,False,False
O11432,C004,2026-01-28,오픈마켓,패션잡화,208145,10228,197917,False,False
O11433,C004,2026-01-28,오픈마켓,패션잡화,361018,9656,351362,False,False
O11434,C005,2026-01-28,자사몰,뷰티,207446,11140,196306,False,False
O11435,C005,2026-01-28,자사몰,식품,32064,2098,29966,False,False
O11436,C005,2026-01-28,자사몰,뷰티,150001,4476,145525,False,False
O11437,C005,2026-01-28,자사몰,뷰티,272735,10640,262095,False,False
O11438,C005,2026-01-28,자사몰,패션잡화,385790,10784,375006,False,False
O11439,C005,2026-01-28,자사몰,뷰티,60420,4400,56020,False,False
O11440,C005,2026-01-28,자사몰,패션잡화,404454,15720,388734,False,False
O11441,C005,2026-01-28,자사몰,생활용품,87225,2839,84386,False,False
O11442,C005,2026-01-28,자사몰,패션잡화,112923,4797,108126,False,False
O11443,C005,2026-01-28,자사몰,디지털,87804,3099,84705,False,False
O11444,C001,2026-01-29,자사몰,생활용품,74110,2708,71402,False,False
O11445,C001,2026-01-29,자사몰,패션잡화,292757,11353,281404,False,False
O11446,C001,2026-01-29,자사몰,생활용품,148034,9061,138973,False,False
O11447,C001,2026-01-29,자사몰,식품,208996,10123,198873,False,True
O11448,C001,2026-01-29,자사몰,패션잡화,276986,12620,264366,False,False
O11449,C001,2026-01-29,자사몰,생활용품,201038,11669,189369,False,True
O11450,C001,2026-01-29,자사몰,패션잡화,44793,2546,42247,False,False
O11451,C001,2026-01-29,자사몰,식품,98373,4991,93382,False,False
O11452,C001,2026-01-29,자사몰,생활용품,236402,7073,229329,False,False
O11453,C001,2026-01-29,자사몰,패션잡화,312771,10210,302561,False,False
O11454,C001,2026-01-29,자사몰,생활용품,288924,14375,274549,False,False
O11455,C001,2026-01-29,자사몰,뷰티,202241,8558,193683,False,False
O11456,C002,2026-01-29,오픈마켓,패션잡화,86910,3496,83414,False,False
O11457,C002,2026-01-29,오픈마켓,생활용품,141687,10263,131424,False,False
O11458,C002,2026-01-29,오픈마켓,식품,49204,2632,46572,False,False
O11459,C002,2026-01-29,오픈마켓,패션잡화,311162,16935,0,True,False
O11460,C002,2026-01-29,오픈마켓,패션잡화,182012,8503,173509,False,False
O11461,C002,2026-01-29,오픈마켓,생활용품,341901,19479,322422,False,False
O11462,C003,2026-01-29,라이브,패션잡화,404098,19899,384199,False,False
O11463,C003,2026-01-29,라이브,패션잡화,192097,4857,187240,False,False
O11464,C003,2026-01-29,라이브,패션잡화,128225,6745,121480,False,False
O11465,C003,2026-01-29,라이브,식품,270855,9939,260916,False,False
O11466,C003,2026-01-29,라이브,패션잡화,36555,980,35575,False,False
O11467,C003,2026-01-29,라이브,디지털,393305,15169,378136,False,False
O11468,C003,2026-01-29,라이브,생활용품,164462,12221,0,True,False
O11469,C003,2026-01-29,라이브,뷰티,337174,10583,326591,False,False
O11470,C003,2026-01-29,라이브,식품,278975,8575,270400,False,False
O11471,C003,2026-01-29,라이브,뷰티,297123,11488,285635,False,False
O11472,C003,2026-01-29,라이브,식품,221867,15414,206453,False,False
O11473,C004,2026-01-29,오픈마켓,뷰티,240240,16515,223725,False,True
O11474,C004,2026-01-29,오픈마켓,식품,329539,18758,310781,False,False
O11475,C004,2026-01-29,오픈마켓,식품,174848,10778,164070,False,False
O11476,C004,2026-01-29,오픈마켓,디지털,117614,4302,113312,False,False
O11477,C004,2026-01-29,오픈마켓,식품,401584,18364,383220,False,False
O11478,C004,2026-01-29,오픈마켓,식품,312095,20246,291849,False,True
O11479,C004,2026-01-29,오픈마켓,뷰티,236505,14955,221550,False,False
O11480,C004,2026-01-29,오픈마켓,뷰티,166546,8673,157873,False,False
O11481,C004,2026-01-29,오픈마켓,디지털,345438,11608,333830,False,False
O11482,C004,2026-01-29,오픈마켓,패션잡화,171127,5950,165177,False,False
O11483,C004,2026-01-29,오픈마켓,뷰티,174568,9108,0,True,False
O11484,C004,2026-01-29,오픈마켓,생활용품,316398,8278,308120,False,False
O11485,C004,2026-01-29,오픈마켓,생활용품,109726,4049,105677,False,False
O11486,C004,2026-01-29,오픈마켓,생활용품,210316,7007,203309,False,False
O11487,C005,2026-01-29,자사몰,패션잡화,276955,11745,265210,False,False
O11488,C005,2026-01-29,자사몰,패션잡화,267311,19087,248224,False,False
O11489,C005,2026-01-29,자사몰,생활용품,290202,8147,282055,False,False
O11490,C005,2026-01-29,자사몰,식품,92891,2809,90082,False,False
O11491,C005,2026-01-29,자사몰,생활용품,276876,20045,256831,False,True
O11492,C005,2026-01-29,자사몰,생활용품,338646,11779,326867,False,False
O11493,C005,2026-01-29,자사몰,패션잡화,243724,10883,232841,False,False
O11494,C005,2026-01-29,자사몰,뷰티,35361,2155,33206,False,False
O11495,C001,2026-01-30,자사몰,생활용품,242365,16328,226037,False,False
O11496,C001,2026-01-30,자사몰,생활용품,185849,13214,172635,False,False
O11497,C001,2026-01-30,자사몰,뷰티,181729,6380,175349,False,False
O11498,C001,2026-01-30,자사몰,디지털,294259,18878,275381,False,False
O11499,C001,2026-01-30,자사몰,생활용품,51992,3849,48143,False,False
O11500,C001,2026-01-30,자사몰,디지털,111311,8217,103094,False,False
O11501,C001,2026-01-30,자사몰,뷰티,175676,5930,169746,False,False
O11502,C001,2026-01-30,자사몰,뷰티,243193,13089,230104,False,False
O11503,C001,2026-01-30,자사몰,디지털,357384,20006,337378,False,False
O11504,C001,2026-01-30,자사몰,생활용품,55557,1866,53691,False,True
O11505,C001,2026-01-30,자사몰,디지털,334695,17719,316976,False,False
O11506,C001,2026-01-30,자사몰,생활용품,174808,6785,168023,False,False
O11507,C001,2026-01-30,자사몰,뷰티,76093,4354,71739,False,False
O11508,C001,2026-01-30,자사몰,생활용품,324343,20982,303361,False,False
O11509,C001,2026-01-30,자사몰,식품,364845,18478,346367,False,False
O11510,C002,2026-01-30,오픈마켓,디지털,184812,8231,176581,False,True
O11511,C002,2026-01-30,오픈마켓,디지털,77451,3569,73882,False,False
O11512,C002,2026-01-30,오픈마켓,디지털,38892,1892,37000,False,False
O11513,C002,2026-01-30,오픈마켓,디지털,346698,12018,334680,False,False
O11514,C002,2026-01-30,오픈마켓,식품,173477,7346,166131,False,True
O11515,C003,2026-01-30,라이브,식품,312936,13097,299839,False,False
O11516,C003,2026-01-30,라이브,생활용품,403502,26111,377391,False,False
O11517,C003,2026-01-30,라이브,생활용품,133505,4897,128608,False,False
O11518,C003,2026-01-30,라이브,뷰티,227301,7806,219495,False,False
O11519,C003,2026-01-30,라이브,식품,176957,7526,169431,False,False
O11520,C003,2026-01-30,라이브,생활용품,222454,7013,215441,False,False
O11521,C003,2026-01-30,라이브,식품,191852,7008,184844,False,False
O11522,C004,2026-01-30,오픈마켓,뷰티,238142,17160,220982,False,False
O11523,C004,2026-01-30,오픈마켓,뷰티,188218,7216,181002,False,False
O11524,C004,2026-01-30,오픈마켓,패션잡화,248740,13988,234752,False,False
O11525,C004,2026-01-30,오픈마켓,디지털,410489,23764,386725,False,False
O11526,C004,2026-01-30,오픈마켓,뷰티,236396,12351,224045,False,False
O11527,C004,2026-01-30,오픈마켓,식품,133340,9680,123660,False,False
O11528,C004,2026-01-30,오픈마켓,생활용품,273427,15544,257883,False,False
O11529,C004,2026-01-30,오픈마켓,식품,84340,4787,79553,False,False
O11530,C004,2026-01-30,오픈마켓,생활용품,34891,2373,32518,False,False
O11531,C004,2026-01-30,오픈마켓,디지털,360547,20452,340095,False,False
O11532,C004,2026-01-30,오픈마켓,패션잡화,119785,4441,0,True,False
O11533,C004,2026-01-30,오픈마켓,생활용품,395054,10134,384920,False,False
O11534,C005,2026-01-30,자사몰,뷰티,68424,3615,64809,False,False
O11535,C005,2026-01-30,자사몰,생활용품,218179,12938,205241,False,False
O11536,C005,2026-01-30,자사몰,패션잡화,89743,6208,83535,False,False
O11537,C005,2026-01-30,자사몰,디지털,252586,9024,243562,False,False
O11538,C005,2026-01-30,자사몰,뷰티,405726,28073,377653,False,True
O11539,C005,2026-01-30,자사몰,패션잡화,132971,7481,125490,False,False
O11540,C005,2026-01-30,자사몰,디지털,371562,11624,359938,False,False
O11541,C005,2026-01-30,자사몰,뷰티,264256,19551,244705,False,False
O11542,C005,2026-01-30,자사몰,디지털,390734,23454,367280,False,False
O11543,C005,2026-01-30,자사몰,생활용품,342307,16834,0,True,False
O11544,C005,2026-01-30,자사몰,뷰티,245500,6399,239101,False,False
O11545,C005,2026-01-30,자사몰,패션잡화,35719,1179,34540,False,False
O11546,C005,2026-01-30,자사몰,식품,390880,12426,0,True,False
O11547,C005,2026-01-30,자사몰,식품,177392,7958,169434,False,False
O11548,C005,2026-01-30,자사몰,디지털,216508,13670,202838,False,True
O11549,C001,2026-01-31,자사몰,디지털,278473,15495,262978,False,False
O11550,C001,2026-01-31,자사몰,식품,205964,15377,190587,False,False
O11551,C001,2026-01-31,자사몰,생활용품,221427,14719,206708,False,False
O11552,C001,2026-01-31,자사몰,생활용품,255074,10333,244741,False,True
O11553,C001,2026-01-31,자사몰,식품,298743,20566,278177,False,False
O11554,C001,2026-01-31,자사몰,디지털,336876,9984,326892,False,False
O11555,C001,2026-01-31,자사몰,패션잡화,138777,6986,131791,False,False
O11556,C001,2026-01-31,자사몰,식품,63491,3198,0,True,False
O11557,C001,2026-01-31,자사몰,뷰티,228676,10637,218039,False,False
O11558,C002,2026-01-31,오픈마켓,뷰티,345317,23028,322289,False,False
O11559,C002,2026-01-31,오픈마켓,식품,357559,12207,345352,False,False
O11560,C002,2026-01-31,오픈마켓,디지털,91625,3485,88140,False,False
O11561,C002,2026-01-31,오픈마켓,뷰티,206497,15313,191184,False,False
O11562,C002,2026-01-31,오픈마켓,디지털,33615,2488,31127,False,False
O11563,C002,2026-01-31,오픈마켓,식품,34760,1340,33420,False,False
O11564,C002,2026-01-31,오픈마켓,뷰티,254682,9601,245081,False,False
O11565,C002,2026-01-31,오픈마켓,식품,216973,9742,207231,False,False
O11566,C002,2026-01-31,오픈마켓,디지털,198853,8099,0,True,False
O11567,C002,2026-01-31,오픈마켓,식품,314391,8231,306160,False,False
O11568,C002,2026-01-31,오픈마켓,생활용품,248952,16892,232060,False,False
O11569,C002,2026-01-31,오픈마켓,생활용품,76093,5418,70675,False,False
O11570,C002,2026-01-31,오픈마켓,디지털,181998,10598,171400,False,False
O11571,C003,2026-01-31,라이브,패션잡화,353909,25980,327929,False,False
O11572,C003,2026-01-31,라이브,뷰티,73582,3611,69971,False,False
O11573,C003,2026-01-31,라이브,패션잡화,154753,9501,145252,False,False
O11574,C003,2026-01-31,라이브,뷰티,191535,7984,183551,False,False
O11575,C003,2026-01-31,라이브,패션잡화,353162,14302,0,True,False
O11576,C003,2026-01-31,라이브,뷰티,103921,4019,99902,False,False
O11577,C003,2026-01-31,라이브,디지털,184633,9399,175234,False,False
O11578,C003,2026-01-31,라이브,생활용품,318001,9052,308949,False,False
O11579,C003,2026-01-31,라이브,패션잡화,367783,14086,353697,False,False
O11580,C003,2026-01-31,라이브,디지털,384743,13897,370846,False,False
O11581,C003,2026-01-31,라이브,식품,298141,14979,283162,False,False
O11582,C004,2026-01-31,오픈마켓,디지털,203435,7529,195906,False,False
O11583,C004,2026-01-31,오픈마켓,뷰티,177879,12493,165386,False,False
O11584,C004,2026-01-31,오픈마켓,식품,53359,1763,51596,False,False
O11585,C004,2026-01-31,오픈마켓,디지털,419461,25697,393764,False,False
O11586,C004,2026-01-31,오픈마켓,식품,374093,11691,362402,False,False
O11587,C004,2026-01-31,오픈마켓,식품,40575,2214,38361,False,True
O11588,C004,2026-01-31,오픈마켓,디지털,201704,12142,189562,False,False
O11589,C004,2026-01-31,오픈마켓,패션잡화,265028,19178,0,True,False
O11590,C004,2026-01-31,오픈마켓,뷰티,109421,2818,106603,False,False
O11591,C004,2026-01-31,오픈마켓,식품,80690,4723,75967,False,False
O11592,C004,2026-01-31,오픈마켓,식품,116858,3244,0,True,False
O11593,C005,2026-01-31,자사몰,패션잡화,401240,13641,387599,False,False
O11594,C005,2026-01-31,자사몰,패션잡화,326410,20437,305973,False,False
O11595,C005,2026-01-31,자사몰,패션잡화,338852,23313,315539,False,False
O11596,C005,2026-01-31,자사몰,패션잡화,278220,13222,264998,False,False
O11597,C005,2026-01-31,자사몰,생활용품,214997,13613,201384,False,False
O11598,C005,2026-01-31,자사몰,생활용품,97262,5363,91899,False,False
O11599,C005,2026-01-31,자사몰,생활용품,259611,15457,244154,False,False
O11600,C005,2026-01-31,자사몰,디지털,243304,12390,230914,False,False
O11601,C005,2026-01-31,자사몰,식품,323251,14518,308733,False,False
O11602,C005,2026-01-31,자사몰,뷰티,283455,14912,268543,False,False
O11603,C005,2026-01-31,자사몰,뷰티,276135,17877,0,True,False
O11604,C005,2026-01-31,자사몰,생활용품,186574,11815,174759,False,False
O11605,C005,2026-01-31,자사몰,뷰티,365436,11536,353900,False,False
O11606,C005,2026-01-31,자사몰,디지털,154942,5545,149397,False,False
O11607,C001,2026-02-01,자사몰,식품,288793,12212,276581,False,False
O11608,C001,2026-02-01,자사몰,뷰티,288277,11059,277218,False,False
O11609,C001,2026-02-01,자사몰,식품,32656,1213,31443,False,False
O11610,C001,2026-02-01,자사몰,디지털,353331,10943,342388,False,False
O11611,C001,2026-02-01,자사몰,생활용품,410570,14129,396441,False,False
O11612,C001,2026-02-01,자사몰,디지털,325414,14803,310611,False,False
O11613,C001,2026-02-01,자사몰,생활용품,373452,26801,346651,False,False
O11614,C001,2026-02-01,자사몰,뷰티,127280,4561,122719,False,False
O11615,C002,2026-02-01,오픈마켓,뷰티,48201,3328,44873,False,False
O11616,C002,2026-02-01,오픈마켓,뷰티,122148,6801,115347,False,False
O11617,C002,2026-02-01,오픈마켓,디지털,153475,6341,147134,False,False
O11618,C002,2026-02-01,오픈마켓,식품,383502,14077,369425,False,False
O11619,C002,2026-02-01,오픈마켓,디지털,308023,11728,296295,False,False
O11620,C002,2026-02-01,오픈마켓,패션잡화,222637,11078,211559,False,False
O11621,C002,2026-02-01,오픈마켓,패션잡화,319569,16813,302756,False,False
O11622,C002,2026-02-01,오픈마켓,뷰티,377719,20491,357228,False,False
O11623,C002,2026-02-01,오픈마켓,디지털,170645,7146,163499,False,False
O11624,C002,2026-02-01,오픈마켓,식품,364099,22567,341532,False,False
O11625,C002,2026-02-01,오픈마켓,생활용품,281328,8491,272837,False,False
O11626,C002,2026-02-01,오픈마켓,식품,417745,10813,406932,False,False
O11627,C002,2026-02-01,오픈마켓,뷰티,255803,13216,242587,False,False
O11628,C002,2026-02-01,오픈마켓,생활용품,229231,15622,213609,False,True
O11629,C002,2026-02-01,오픈마켓,뷰티,325338,22449,302889,False,False
O11630,C002,2026-02-01,오픈마켓,뷰티,202468,7029,195439,False,False
O11631,C003,2026-02-01,라이브,뷰티,260881,11114,249767,False,False
O11632,C003,2026-02-01,라이브,디지털,240169,7000,233169,False,False
O11633,C003,2026-02-01,라이브,생활용품,117807,8787,109020,False,False
O11634,C003,2026-02-01,라이브,식품,358974,20255,0,True,False
O11635,C003,2026-02-01,라이브,생활용품,355425,18005,337420,False,False
O11636,C004,2026-02-01,오픈마켓,디지털,384913,24446,360467,False,False
O11637,C004,2026-02-01,오픈마켓,패션잡화,165275,4726,160549,False,False
O11638,C004,2026-02-01,오픈마켓,디지털,163230,10042,153188,False,False
O11639,C004,2026-02-01,오픈마켓,디지털,296360,18948,277412,False,False
O11640,C004,2026-02-01,오픈마켓,뷰티,285784,16926,268858,False,False
O11641,C004,2026-02-01,오픈마켓,식품,99363,3169,96194,False,False
O11642,C004,2026-02-01,오픈마켓,패션잡화,316269,17160,299109,False,False
O11643,C004,2026-02-01,오픈마켓,디지털,69113,2016,67097,False,False
O11644,C005,2026-02-01,자사몰,디지털,348250,10729,337521,False,False
O11645,C005,2026-02-01,자사몰,뷰티,302250,13187,289063,False,False
O11646,C005,2026-02-01,자사몰,뷰티,120769,4137,116632,False,False
O11647,C005,2026-02-01,자사몰,식품,233800,12328,221472,False,False
O11648,C005,2026-02-01,자사몰,생활용품,401162,21159,380003,False,False
O11649,C005,2026-02-01,자사몰,생활용품,339123,17786,321337,False,False
O11650,C005,2026-02-01,자사몰,디지털,245885,9592,236293,False,False
O11651,C005,2026-02-01,자사몰,식품,203493,11080,192413,False,False
O11652,C005,2026-02-01,자사몰,생활용품,158460,9037,149423,False,False
O11653,C005,2026-02-01,자사몰,뷰티,172517,11936,160581,False,False
O11654,C005,2026-02-01,자사몰,뷰티,290720,21287,269433,False,False
O11655,C005,2026-02-01,자사몰,디지털,398663,14430,384233,False,False
O11656,C005,2026-02-01,자사몰,생활용품,404102,21669,382433,False,False
O11657,C001,2026-02-02,자사몰,디지털,377836,12659,365177,False,False
O11658,C001,2026-02-02,자사몰,패션잡화,94012,3933,90079,False,False
O11659,C001,2026-02-02,자사몰,식품,384244,25259,358985,False,True
O11660,C001,2026-02-02,자사몰,생활용품,311986,22332,289654,False,False
O11661,C001,2026-02-02,자사몰,뷰티,188782,7408,181374,False,False
O11662,C001,2026-02-02,자사몰,식품,230895,9757,221138,False,False
O11663,C001,2026-02-02,자사몰,뷰티,231118,16605,214513,False,False
O11664,C001,2026-02-02,자사몰,패션잡화,366973,10097,356876,False,False
O11665,C001,2026-02-02,자사몰,뷰티,304687,16704,287983,False,False
O11666,C001,2026-02-02,자사몰,생활용품,195302,5040,190262,False,False
O11667,C001,2026-02-02,자사몰,생활용품,218274,11890,206384,False,False
O11668,C001,2026-02-02,자사몰,뷰티,413833,18445,395388,False,False
O11669,C001,2026-02-02,자사몰,디지털,148090,10996,137094,False,False
O11670,C001,2026-02-02,자사몰,식품,37707,2657,35050,False,True
O11671,C002,2026-02-02,오픈마켓,생활용품,380481,10876,369605,False,False
O11672,C002,2026-02-02,오픈마켓,패션잡화,322322,15314,307008,False,False
O11673,C002,2026-02-02,오픈마켓,생활용품,304634,11007,293627,False,False
O11674,C002,2026-02-02,오픈마켓,식품,397750,15759,381991,False,False
O11675,C002,2026-02-02,오픈마켓,식품,140120,3875,136245,False,False
O11676,C002,2026-02-02,오픈마켓,생활용품,244549,17159,227390,False,False
O11677,C002,2026-02-02,오픈마켓,뷰티,349940,22611,0,True,False
O11678,C002,2026-02-02,오픈마켓,식품,227813,8282,219531,False,False
O11679,C002,2026-02-02,오픈마켓,패션잡화,343759,12463,331296,False,False
O11680,C002,2026-02-02,오픈마켓,생활용품,323930,8638,315292,False,False
O11681,C003,2026-02-02,라이브,생활용품,73709,4755,68954,False,False
O11682,C003,2026-02-02,라이브,생활용품,386292,24964,361328,False,False
O11683,C003,2026-02-02,라이브,식품,251509,15707,235802,False,False
O11684,C003,2026-02-02,라이브,뷰티,401794,20798,380996,False,False
O11685,C003,2026-02-02,라이브,패션잡화,253764,14064,239700,False,False
O11686,C004,2026-02-02,오픈마켓,생활용품,62083,1842,60241,False,False
O11687,C004,2026-02-02,오픈마켓,패션잡화,172475,8204,164271,False,False
O11688,C004,2026-02-02,오픈마켓,식품,411138,10432,400706,False,False
O11689,C004,2026-02-02,오픈마켓,생활용품,368265,21872,0,True,False
O11690,C004,2026-02-02,오픈마켓,생활용품,292198,13404,0,True,False
O11691,C005,2026-02-02,자사몰,디지털,342510,9063,333447,False,False
O11692,C005,2026-02-02,자사몰,식품,213840,9108,204732,False,True
O11693,C005,2026-02-02,자사몰,디지털,388218,15073,373145,False,False
O11694,C005,2026-02-02,자사몰,뷰티,270738,20037,250701,False,False
O11695,C005,2026-02-02,자사몰,디지털,394629,27873,366756,False,False
O11696,C005,2026-02-02,자사몰,패션잡화,412842,15075,397767,False,False
O11697,C005,2026-02-02,자사몰,식품,94220,3528,90692,False,False
O11698,C005,2026-02-02,자사몰,식품,93377,4344,89033,False,False
O11699,C001,2026-02-03,자사몰,생활용품,52205,3818,48387,False,False
O11700,C001,2026-02-03,자사몰,생활용품,92544,3629,88915,False,False
O11701,C001,2026-02-03,자사몰,식품,63471,4669,58802,False,False
O11702,C001,2026-02-03,자사몰,패션잡화,149130,5595,143535,False,False
O11703,C001,2026-02-03,자사몰,디지털,36900,1715,35185,False,False
O11704,C001,2026-02-03,자사몰,생활용품,99988,3556,96432,False,False
O11705,C001,2026-02-03,자사몰,식품,208787,7930,200857,False,False
O11706,C001,2026-02-03,자사몰,디지털,74923,3402,71521,False,False
O11707,C001,2026-02-03,자사몰,생활용품,183766,10999,172767,False,False
O11708,C001,2026-02-03,자사몰,디지털,194672,13664,181008,False,False
O11709,C001,2026-02-03,자사몰,뷰티,366952,14652,352300,False,False
O11710,C001,2026-02-03,자사몰,디지털,88485,2283,86202,False,False
O11711,C001,2026-02-03,자사몰,생활용품,141491,9106,132385,False,False
O11712,C002,2026-02-03,오픈마켓,생활용품,183226,12448,170778,False,False
O11713,C002,2026-02-03,오픈마켓,뷰티,347032,20491,326541,False,False
O11714,C002,2026-02-03,오픈마켓,식품,228096,11879,216217,False,False
O11715,C002,2026-02-03,오픈마켓,뷰티,258560,13334,245226,False,False
O11716,C002,2026-02-03,오픈마켓,생활용품,41100,1429,39671,False,False
O11717,C003,2026-02-03,라이브,디지털,108908,4148,104760,False,False
O11718,C003,2026-02-03,라이브,뷰티,148798,9601,139197,False,False
O11719,C003,2026-02-03,라이브,패션잡화,367203,13432,353771,False,False
O11720,C003,2026-02-03,라이브,뷰티,416714,11290,0,True,False
O11721,C003,2026-02-03,라이브,디지털,317129,20654,296475,False,False
O11722,C003,2026-02-03,라이브,생활용품,198974,14684,184290,False,False
O11723,C003,2026-02-03,라이브,뷰티,136492,5591,130901,False,False
O11724,C003,2026-02-03,라이브,뷰티,96150,4952,91198,False,False
O11725,C003,2026-02-03,라이브,디지털,143477,10498,132979,False,False
O11726,C003,2026-02-03,라이브,뷰티,130057,8160,0,True,False
O11727,C003,2026-02-03,라이브,생활용품,411390,22226,389164,False,False
O11728,C003,2026-02-03,라이브,패션잡화,329234,19493,309741,False,False
O11729,C003,2026-02-03,라이브,뷰티,410838,12553,398285,False,False
O11730,C003,2026-02-03,라이브,생활용품,129413,7298,122115,False,False
O11731,C004,2026-02-03,오픈마켓,생활용품,166822,9507,157315,False,False
O11732,C004,2026-02-03,오픈마켓,디지털,89968,4071,85897,False,False
O11733,C004,2026-02-03,오픈마켓,식품,297568,15870,0,True,False
O11734,C004,2026-02-03,오픈마켓,생활용품,170160,10879,159281,False,False
O11735,C004,2026-02-03,오픈마켓,디지털,263664,12122,251542,False,False
O11736,C004,2026-02-03,오픈마켓,디지털,294242,21302,272940,False,False
O11737,C004,2026-02-03,오픈마켓,식품,277963,13032,264931,False,False
O11738,C004,2026-02-03,오픈마켓,패션잡화,398563,26744,371819,False,False
O11739,C004,2026-02-03,오픈마켓,생활용품,121869,5259,116610,False,False
O11740,C004,2026-02-03,오픈마켓,디지털,390368,18974,371394,False,False
O11741,C004,2026-02-03,오픈마켓,디지털,214474,7683,206791,False,False
O11742,C004,2026-02-03,오픈마켓,디지털,132187,3804,128383,False,False
O11743,C004,2026-02-03,오픈마켓,패션잡화,233792,9469,224323,False,False
O11744,C004,2026-02-03,오픈마켓,식품,242321,6814,235507,False,False
O11745,C004,2026-02-03,오픈마켓,뷰티,339496,24259,315237,False,False
O11746,C004,2026-02-03,오픈마켓,식품,112773,4548,108225,False,False
O11747,C005,2026-02-03,자사몰,디지털,106727,6896,99831,False,False
O11748,C005,2026-02-03,자사몰,뷰티,211923,10125,201798,False,False
O11749,C005,2026-02-03,자사몰,식품,196376,6856,189520,False,False
O11750,C005,2026-02-03,자사몰,식품,235823,12773,223050,False,False
O11751,C005,2026-02-03,자사몰,디지털,358591,18305,340286,False,False
O11752,C005,2026-02-03,자사몰,생활용품,253684,10433,243251,False,False
O11753,C005,2026-02-03,자사몰,생활용품,371016,26801,344215,False,False
O11754,C005,2026-02-03,자사몰,뷰티,372461,22732,349729,False,False
O11755,C005,2026-02-03,자사몰,뷰티,86262,3545,0,True,False
O11756,C005,2026-02-03,자사몰,뷰티,287203,10382,276821,False,False
O11757,C005,2026-02-03,자사몰,생활용품,196312,7537,0,True,False
O11758,C005,2026-02-03,자사몰,패션잡화,403689,23518,380171,False,False
O11759,C005,2026-02-03,자사몰,식품,371554,14595,356959,False,False
O11760,C001,2026-02-04,자사몰,뷰티,124220,5253,118967,False,False
O11761,C001,2026-02-04,자사몰,패션잡화,323773,10068,313705,False,False
O11762,C001,2026-02-04,자사몰,패션잡화,34019,896,33123,False,False
O11763,C001,2026-02-04,자사몰,생활용품,205952,11957,193995,False,False
O11764,C001,2026-02-04,자사몰,생활용품,366652,11003,355649,False,False
O11765,C001,2026-02-04,자사몰,디지털,97678,4018,93660,False,True
O11766,C001,2026-02-04,자사몰,식품,140940,6141,134799,False,False
O11767,C001,2026-02-04,자사몰,디지털,292908,20835,272073,False,False
O11768,C001,2026-02-04,자사몰,패션잡화,145879,7369,138510,False,False
O11769,C001,2026-02-04,자사몰,뷰티,328968,21350,307618,False,False
O11770,C002,2026-02-04,오픈마켓,생활용품,201611,12997,188614,False,False
O11771,C002,2026-02-04,오픈마켓,패션잡화,71820,2173,69647,False,False
O11772,C002,2026-02-04,오픈마켓,생활용품,139330,7976,131354,False,False
O11773,C002,2026-02-04,오픈마켓,패션잡화,408647,20009,388638,False,False
O11774,C002,2026-02-04,오픈마켓,디지털,315445,21992,293453,False,True
O11775,C002,2026-02-04,오픈마켓,패션잡화,294271,17467,276804,False,False
O11776,C002,2026-02-04,오픈마켓,식품,340715,17836,322879,False,False
O11777,C002,2026-02-04,오픈마켓,디지털,176736,8753,167983,False,False
O11778,C002,2026-02-04,오픈마켓,디지털,289822,16371,273451,False,False
O11779,C002,2026-02-04,오픈마켓,생활용품,388540,23762,364778,False,False
O11780,C002,2026-02-04,오픈마켓,디지털,89838,3391,86447,False,False
O11781,C002,2026-02-04,오픈마켓,뷰티,238892,8966,229926,False,False
O11782,C003,2026-02-04,라이브,패션잡화,311712,18059,293653,False,False
O11783,C003,2026-02-04,라이브,디지털,380108,19610,360498,False,False
O11784,C003,2026-02-04,라이브,패션잡화,108119,6509,101610,False,False
O11785,C003,2026-02-04,라이브,생활용품,185748,12835,172913,False,False
O11786,C003,2026-02-04,라이브,뷰티,98313,3595,94718,False,False
O11787,C003,2026-02-04,라이브,디지털,137898,7354,130544,False,False
O11788,C003,2026-02-04,라이브,식품,74933,3737,71196,False,False
O11789,C003,2026-02-04,라이브,식품,116791,7269,109522,False,False
O11790,C003,2026-02-04,라이브,디지털,77707,4530,73177,False,False
O11791,C003,2026-02-04,라이브,디지털,59976,2667,57309,False,False
O11792,C004,2026-02-04,오픈마켓,뷰티,110861,6174,104687,False,False
O11793,C004,2026-02-04,오픈마켓,패션잡화,242259,16144,226115,False,False
O11794,C004,2026-02-04,오픈마켓,생활용품,46376,3264,43112,False,False
O11795,C004,2026-02-04,오픈마켓,생활용품,116171,6352,109819,False,False
O11796,C004,2026-02-04,오픈마켓,식품,258198,14551,243647,False,False
O11797,C004,2026-02-04,오픈마켓,생활용품,369454,17567,351887,False,False
O11798,C004,2026-02-04,오픈마켓,생활용품,352900,15104,337796,False,False
O11799,C004,2026-02-04,오픈마켓,생활용품,203979,14828,189151,False,True
O11800,C004,2026-02-04,오픈마켓,식품,59082,2531,56551,False,False
O11801,C004,2026-02-04,오픈마켓,디지털,96868,5642,91226,False,False
O11802,C004,2026-02-04,오픈마켓,생활용품,253759,11744,242015,False,False
O11803,C004,2026-02-04,오픈마켓,식품,324844,14752,310092,False,False
O11804,C004,2026-02-04,오픈마켓,생활용품,232278,6840,0,True,False
O11805,C004,2026-02-04,오픈마켓,디지털,390169,23128,367041,False,False
O11806,C004,2026-02-04,오픈마켓,패션잡화,300751,12001,0,True,False
O11807,C005,2026-02-04,자사몰,디지털,103809,6059,97750,False,False
O11808,C005,2026-02-04,자사몰,생활용품,390379,27799,362580,False,False
O11809,C005,2026-02-04,자사몰,뷰티,166141,11097,155044,False,False
O11810,C005,2026-02-04,자사몰,뷰티,284198,7930,276268,False,False
O11811,C005,2026-02-04,자사몰,식품,138590,6321,132269,False,False
O11812,C005,2026-02-04,자사몰,생활용품,393271,11629,381642,False,False
O11813,C005,2026-02-04,자사몰,디지털,366785,12830,353955,False,False
O11814,C005,2026-02-04,자사몰,디지털,52602,2317,50285,False,True
O11815,C005,2026-02-04,자사몰,식품,133619,5595,0,True,False
O11816,C005,2026-02-04,자사몰,생활용품,195216,10016,185200,False,False
O11817,C005,2026-02-04,자사몰,디지털,368691,21432,347259,False,False
O11818,C005,2026-02-04,자사몰,뷰티,55839,1974,53865,False,False
O11819,C001,2026-02-05,자사몰,뷰티,205254,9372,195882,False,False
O11820,C001,2026-02-05,자사몰,생활용품,69683,3857,65826,False,False
O11821,C001,2026-02-05,자사몰,생활용품,196738,12291,184447,False,False
O11822,C001,2026-02-05,자사몰,생활용품,215881,14324,201557,False,False
O11823,C001,2026-02-05,자사몰,뷰티,338487,23227,315260,False,False
O11824,C002,2026-02-05,오픈마켓,뷰티,387081,14056,373025,False,False
O11825,C002,2026-02-05,오픈마켓,뷰티,87867,5059,82808,False,False
O11826,C002,2026-02-05,오픈마켓,생활용품,171181,12194,158987,False,False
O11827,C002,2026-02-05,오픈마켓,뷰티,382297,9855,372442,False,False
O11828,C002,2026-02-05,오픈마켓,뷰티,185264,12156,173108,False,False
O11829,C002,2026-02-05,오픈마켓,뷰티,390928,23760,367168,False,False
O11830,C002,2026-02-05,오픈마켓,뷰티,81524,5418,76106,False,False
O11831,C002,2026-02-05,오픈마켓,뷰티,35448,2525,0,True,False
O11832,C002,2026-02-05,오픈마켓,생활용품,102997,3808,99189,False,False
O11833,C002,2026-02-05,오픈마켓,패션잡화,234289,15538,218751,False,False
O11834,C002,2026-02-05,오픈마켓,패션잡화,413687,10913,402774,False,False
O11835,C002,2026-02-05,오픈마켓,뷰티,216990,6069,210921,False,False
O11836,C002,2026-02-05,오픈마켓,디지털,145012,6785,0,True,False
O11837,C002,2026-02-05,오픈마켓,패션잡화,386674,11435,375239,False,False
O11838,C003,2026-02-05,라이브,패션잡화,238010,6991,0,True,False
O11839,C003,2026-02-05,라이브,뷰티,264012,9512,254500,False,False
O11840,C003,2026-02-05,라이브,패션잡화,344425,19391,325034,False,False
O11841,C003,2026-02-05,라이브,디지털,174797,6843,167954,False,False
O11842,C003,2026-02-05,라이브,뷰티,49647,3576,46071,False,False
O11843,C003,2026-02-05,라이브,식품,369482,20104,349378,False,False
O11844,C003,2026-02-05,라이브,뷰티,152757,8362,144395,False,False
O11845,C004,2026-02-05,오픈마켓,생활용품,147080,7245,139835,False,False
O11846,C004,2026-02-05,오픈마켓,식품,369478,22523,346955,False,False
O11847,C004,2026-02-05,오픈마켓,식품,103901,3784,100117,False,False
O11848,C004,2026-02-05,오픈마켓,뷰티,163868,6068,157800,False,False
O11849,C004,2026-02-05,오픈마켓,디지털,78390,2007,76383,False,False
O11850,C004,2026-02-05,오픈마켓,디지털,329509,22723,306786,False,False
O11851,C004,2026-02-05,오픈마켓,생활용품,232019,16006,216013,False,False
O11852,C004,2026-02-05,오픈마켓,뷰티,375568,20625,354943,False,False
O11853,C004,2026-02-05,오픈마켓,생활용품,189797,5184,184613,False,True
O11854,C004,2026-02-05,오픈마켓,생활용품,222757,14872,207885,False,True
O11855,C004,2026-02-05,오픈마켓,식품,293660,8704,284956,False,False
O11856,C004,2026-02-05,오픈마켓,식품,356428,13621,342807,False,False
O11857,C005,2026-02-05,자사몰,디지털,145679,8195,137484,False,False
O11858,C005,2026-02-05,자사몰,패션잡화,195013,7989,187024,False,False
O11859,C005,2026-02-05,자사몰,디지털,177681,6988,170693,False,True
O11860,C005,2026-02-05,자사몰,생활용품,233567,9516,224051,False,False
O11861,C005,2026-02-05,자사몰,뷰티,376644,20285,356359,False,False
O11862,C001,2026-02-06,자사몰,식품,175094,6735,168359,False,False
O11863,C001,2026-02-06,자사몰,디지털,125296,5907,119389,False,False
O11864,C001,2026-02-06,자사몰,뷰티,234010,13689,220321,False,False
O11865,C001,2026-02-06,자사몰,디지털,190277,11869,178408,False,False
O11866,C001,2026-02-06,자사몰,디지털,265057,17806,247251,False,False
O11867,C001,2026-02-06,자사몰,뷰티,92282,6665,85617,False,False
O11868,C001,2026-02-06,자사몰,생활용품,379649,23437,0,True,False
O11869,C002,2026-02-06,오픈마켓,뷰티,411993,12286,399707,False,False
O11870,C002,2026-02-06,오픈마켓,디지털,260055,9211,250844,False,False
O11871,C002,2026-02-06,오픈마켓,식품,387746,24210,363536,False,False
O11872,C002,2026-02-06,오픈마켓,생활용품,150607,9029,141578,False,False
O11873,C002,2026-02-06,오픈마켓,생활용품,316247,8079,308168,False,False
O11874,C002,2026-02-06,오픈마켓,식품,168009,8339,159670,False,False
O11875,C002,2026-02-06,오픈마켓,뷰티,221360,8785,212575,False,False
O11876,C003,2026-02-06,라이브,생활용품,36208,2310,33898,False,False
O11877,C003,2026-02-06,라이브,생활용품,80171,5331,74840,False,False
O11878,C003,2026-02-06,라이브,식품,384420,24372,360048,False,False
O11879,C003,2026-02-06,라이브,식품,124843,6036,118807,False,False
O11880,C003,2026-02-06,라이브,패션잡화,147093,8333,138760,False,False
O11881,C003,2026-02-06,라이브,패션잡화,134282,9240,125042,False,False
O11882,C003,2026-02-06,라이브,생활용품,331887,14729,317158,False,False
O11883,C003,2026-02-06,라이브,디지털,367859,24061,343798,False,False
O11884,C003,2026-02-06,라이브,디지털,376527,12170,364357,False,True
O11885,C003,2026-02-06,라이브,생활용품,308848,18003,290845,False,False
O11886,C003,2026-02-06,라이브,생활용품,290276,10098,0,True,False
O11887,C003,2026-02-06,라이브,디지털,408648,17913,390735,False,False
O11888,C003,2026-02-06,라이브,디지털,322888,11015,311873,False,False
O11889,C003,2026-02-06,라이브,뷰티,108614,3310,105304,False,False
O11890,C004,2026-02-06,오픈마켓,디지털,290195,21603,268592,False,False
O11891,C004,2026-02-06,오픈마켓,뷰티,273871,11590,262281,False,False
O11892,C004,2026-02-06,오픈마켓,패션잡화,245900,9259,236641,False,False
O11893,C004,2026-02-06,오픈마켓,패션잡화,47793,1448,46345,False,False
O11894,C004,2026-02-06,오픈마켓,식품,94626,4174,90452,False,False
O11895,C004,2026-02-06,오픈마켓,식품,87721,2314,85407,False,False
O11896,C004,2026-02-06,오픈마켓,디지털,200587,14773,185814,False,False
O11897,C004,2026-02-06,오픈마켓,식품,318070,15391,302679,False,False
O11898,C004,2026-02-06,오픈마켓,패션잡화,300289,18538,281751,False,False
O11899,C004,2026-02-06,오픈마켓,디지털,356648,23675,332973,False,False
O11900,C004,2026-02-06,오픈마켓,뷰티,273109,12808,260301,False,True
O11901,C004,2026-02-06,오픈마켓,디지털,169727,11059,158668,False,False
O11902,C004,2026-02-06,오픈마켓,식품,404295,29607,374688,False,False
O11903,C004,2026-02-06,오픈마켓,생활용품,50814,1666,49148,False,True
O11904,C004,2026-02-06,오픈마켓,생활용품,280847,10098,270749,False,False
O11905,C005,2026-02-06,자사몰,패션잡화,49482,1524,47958,False,False
O11906,C005,2026-02-06,자사몰,패션잡화,368729,25166,343563,False,False
O11907,C005,2026-02-06,자사몰,생활용품,370901,12500,358401,False,False
O11908,C005,2026-02-06,자사몰,식품,244130,10595,233535,False,False
O11909,C005,2026-02-06,자사몰,디지털,127835,9364,118471,False,False
O11910,C005,2026-02-06,자사몰,생활용품,156106,7843,148263,False,False
O11911,C005,2026-02-06,자사몰,패션잡화,164671,4663,160008,False,False
O11912,C005,2026-02-06,자사몰,식품,291616,12984,0,True,False
O11913,C005,2026-02-06,자사몰,식품,216615,10002,206613,False,False
O11914,C005,2026-02-06,자사몰,패션잡화,311864,14081,297783,False,False
O11915,C005,2026-02-06,자사몰,패션잡화,411126,21799,389327,False,False
O11916,C005,2026-02-06,자사몰,생활용품,138649,7692,130957,False,False
O11917,C001,2026-02-07,자사몰,디지털,45961,2541,43420,False,False
O11918,C001,2026-02-07,자사몰,생활용품,190257,9059,181198,False,False
O11919,C001,2026-02-07,자사몰,생활용품,279015,17573,261442,False,False
O11920,C001,2026-02-07,자사몰,식품,305774,12837,292937,False,False
O11921,C001,2026-02-07,자사몰,패션잡화,43521,2526,40995,False,False
O11922,C001,2026-02-07,자사몰,생활용품,330105,15026,315079,False,False
O11923,C001,2026-02-07,자사몰,패션잡화,381967,25517,356450,False,False
O11924,C001,2026-02-07,자사몰,뷰티,118105,6248,111857,False,False
O11925,C001,2026-02-07,자사몰,디지털,303993,17709,286284,False,False
O11926,C001,2026-02-07,자사몰,식품,373436,12091,361345,False,False
O11927,C001,2026-02-07,자사몰,생활용품,284418,11854,272564,False,False
O11928,C001,2026-02-07,자사몰,패션잡화,221990,8508,213482,False,False
O11929,C001,2026-02-07,자사몰,뷰티,208502,14309,194193,False,False
O11930,C001,2026-02-07,자사몰,식품,95913,5648,90265,False,False
O11931,C001,2026-02-07,자사몰,뷰티,288735,12142,276593,False,False
O11932,C001,2026-02-07,자사몰,디지털,122787,9171,113616,False,False
O11933,C002,2026-02-07,오픈마켓,패션잡화,121821,3973,117848,False,False
O11934,C002,2026-02-07,오픈마켓,뷰티,324105,21062,303043,False,False
O11935,C002,2026-02-07,오픈마켓,식품,252464,7271,245193,False,False
O11936,C002,2026-02-07,오픈마켓,뷰티,146600,8016,138584,False,False
O11937,C002,2026-02-07,오픈마켓,디지털,137486,9108,128378,False,True
O11938,C002,2026-02-07,오픈마켓,디지털,222353,13938,208415,False,True
O11939,C003,2026-02-07,라이브,뷰티,383528,28282,355246,False,False
O11940,C003,2026-02-07,라이브,식품,100344,3010,97334,False,False
O11941,C003,2026-02-07,라이브,식품,326744,20978,305766,False,False
O11942,C003,2026-02-07,라이브,생활용품,246239,16247,229992,False,True
O11943,C003,2026-02-07,라이브,디지털,137336,6831,130505,False,False
O11944,C003,2026-02-07,라이브,식품,386271,24001,362270,False,False
O11945,C003,2026-02-07,라이브,생활용품,284913,16255,268658,False,False
O11946,C003,2026-02-07,라이브,패션잡화,289662,15174,274488,False,False
O11947,C003,2026-02-07,라이브,디지털,312691,19878,292813,False,False
O11948,C004,2026-02-07,오픈마켓,디지털,188048,6462,181586,False,False
O11949,C004,2026-02-07,오픈마켓,생활용품,78128,5701,72427,False,False
O11950,C004,2026-02-07,오픈마켓,패션잡화,209581,14779,194802,False,False
O11951,C004,2026-02-07,오픈마켓,생활용품,378617,15122,363495,False,False
O11952,C004,2026-02-07,오픈마켓,디지털,292518,7370,285148,False,False
O11953,C004,2026-02-07,오픈마켓,뷰티,195294,13218,182076,False,False
O11954,C004,2026-02-07,오픈마켓,식품,178815,7504,171311,False,False
O11955,C004,2026-02-07,오픈마켓,뷰티,383395,13525,369870,False,False
O11956,C004,2026-02-07,오픈마켓,패션잡화,227388,9480,217908,False,False
O11957,C004,2026-02-07,오픈마켓,생활용품,172110,6346,165764,False,False
O11958,C004,2026-02-07,오픈마켓,생활용품,126729,7133,119596,False,False
O11959,C005,2026-02-07,자사몰,식품,296561,10957,285604,False,False
O11960,C005,2026-02-07,자사몰,패션잡화,209266,6266,203000,False,False
O11961,C005,2026-02-07,자사몰,디지털,168531,4675,163856,False,False
O11962,C005,2026-02-07,자사몰,디지털,140840,7625,133215,False,False
O11963,C005,2026-02-07,자사몰,식품,138686,7021,131665,False,False
O11964,C005,2026-02-07,자사몰,식품,73978,2150,71828,False,False
O11965,C001,2026-02-08,자사몰,식품,412317,23062,389255,False,False
O11966,C001,2026-02-08,자사몰,디지털,99005,5448,93557,False,False
O11967,C001,2026-02-08,자사몰,식품,260229,13604,246625,False,False
O11968,C001,2026-02-08,자사몰,뷰티,122676,4576,118100,False,False
O11969,C001,2026-02-08,자사몰,뷰티,257527,17548,239979,False,False
O11970,C001,2026-02-08,자사몰,패션잡화,221907,10475,211432,False,False
O11971,C001,2026-02-08,자사몰,디지털,414650,24798,389852,False,False
O11972,C001,2026-02-08,자사몰,패션잡화,188340,5745,182595,False,False
O11973,C002,2026-02-08,오픈마켓,디지털,194236,14377,179859,False,False
O11974,C002,2026-02-08,오픈마켓,디지털,379677,25596,354081,False,False
O11975,C002,2026-02-08,오픈마켓,디지털,408232,19699,0,True,False
O11976,C002,2026-02-08,오픈마켓,생활용품,197493,12610,184883,False,False
O11977,C003,2026-02-08,라이브,식품,333346,12920,320426,False,False
O11978,C003,2026-02-08,라이브,식품,145304,3948,141356,False,False
O11979,C003,2026-02-08,라이브,생활용품,276139,10733,265406,False,False
O11980,C003,2026-02-08,라이브,생활용품,52470,3273,0,True,False
O11981,C003,2026-02-08,라이브,생활용품,208591,10798,197793,False,False
O11982,C003,2026-02-08,라이브,식품,371159,19256,351903,False,False
O11983,C003,2026-02-08,라이브,식품,59543,3691,55852,False,False
O11984,C003,2026-02-08,라이브,디지털,334020,19854,314166,False,False
O11985,C003,2026-02-08,라이브,디지털,408998,25772,383226,False,False
O11986,C003,2026-02-08,라이브,식품,399043,27735,371308,False,True
O11987,C003,2026-02-08,라이브,생활용품,412384,11855,400529,False,False
O11988,C004,2026-02-08,오픈마켓,디지털,141053,4993,136060,False,False
O11989,C004,2026-02-08,오픈마켓,디지털,389115,16121,372994,False,False
O11990,C004,2026-02-08,오픈마켓,뷰티,371439,15835,355604,False,False
O11991,C004,2026-02-08,오픈마켓,뷰티,307837,21604,286233,False,False
O11992,C004,2026-02-08,오픈마켓,식품,57110,3095,54015,False,False
O11993,C004,2026-02-08,오픈마켓,식품,327822,9109,318713,False,False
O11994,C004,2026-02-08,오픈마켓,패션잡화,382990,21963,361027,False,False
O11995,C005,2026-02-08,자사몰,디지털,93789,5630,88159,False,False
O11996,C005,2026-02-08,자사몰,식품,117858,6457,111401,False,False
O11997,C005,2026-02-08,자사몰,패션잡화,255851,13814,242037,False,False
O11998,C005,2026-02-08,자사몰,패션잡화,403431,12343,391088,False,False
O11999,C001,2026-02-09,자사몰,뷰티,35595,1667,33928,False,False
O12000,C001,2026-02-09,자사몰,뷰티,274725,9750,264975,False,True
O12001,C001,2026-02-09,자사몰,뷰티,188894,7529,181365,False,False
O12002,C001,2026-02-09,자사몰,식품,417216,15020,402196,False,False
O12003,C001,2026-02-09,자사몰,식품,179172,7381,171791,False,False
O12004,C001,2026-02-09,자사몰,디지털,315628,23193,292435,False,True
O12005,C002,2026-02-09,오픈마켓,식품,181232,9747,171485,False,False
O12006,C002,2026-02-09,오픈마켓,뷰티,175046,6511,168535,False,False
O12007,C002,2026-02-09,오픈마켓,식품,315778,22716,293062,False,False
O12008,C002,2026-02-09,오픈마켓,패션잡화,195957,14558,181399,False,False
O12009,C003,2026-02-09,라이브,생활용품,69929,4405,65524,False,False
O12010,C003,2026-02-09,라이브,디지털,282916,13938,268978,False,False
O12011,C003,2026-02-09,라이브,생활용품,114677,8308,106369,False,False
O12012,C003,2026-02-09,라이브,패션잡화,119937,7320,112617,False,True
O12013,C003,2026-02-09,라이브,생활용품,152554,9820,142734,False,False
O12014,C003,2026-02-09,라이브,식품,402428,11941,390487,False,False
O12015,C003,2026-02-09,라이브,뷰티,188530,13051,175479,False,False
O12016,C003,2026-02-09,라이브,식품,166665,5321,161344,False,False
O12017,C003,2026-02-09,라이브,패션잡화,33564,2379,31185,False,False
O12018,C003,2026-02-09,라이브,식품,331443,17182,314261,False,False
O12019,C003,2026-02-09,라이브,생활용품,357499,9003,348496,False,False
O12020,C003,2026-02-09,라이브,식품,398938,20544,378394,False,False
O12021,C003,2026-02-09,라이브,디지털,197422,12632,184790,False,False
O12022,C003,2026-02-09,라이브,디지털,93733,3274,90459,False,False
O12023,C003,2026-02-09,라이브,디지털,89067,5335,83732,False,False
O12024,C003,2026-02-09,라이브,패션잡화,370101,12498,357603,False,False
O12025,C004,2026-02-09,오픈마켓,패션잡화,343318,15406,327912,False,False
O12026,C004,2026-02-09,오픈마켓,생활용품,311028,9575,301453,False,False
O12027,C004,2026-02-09,오픈마켓,생활용품,52071,1813,50258,False,False
O12028,C004,2026-02-09,오픈마켓,뷰티,377966,17721,360245,False,False
O12029,C004,2026-02-09,오픈마켓,식품,294114,10276,283838,False,False
O12030,C004,2026-02-09,오픈마켓,식품,330302,20895,309407,False,True
O12031,C005,2026-02-09,자사몰,식품,195202,11103,184099,False,False
O12032,C005,2026-02-09,자사몰,생활용품,318638,10615,308023,False,True
O12033,C005,2026-02-09,자사몰,생활용품,120614,7508,113106,False,False
O12034,C005,2026-02-09,자사몰,디지털,83453,3453,80000,False,False
O12035,C005,2026-02-09,자사몰,패션잡화,292536,17264,275272,False,False
O12036,C005,2026-02-09,자사몰,식품,72791,2128,70663,False,False
O12037,C005,2026-02-09,자사몰,디지털,304891,9725,295166,False,False
O12038,C005,2026-02-09,자사몰,디지털,389646,11032,378614,False,True
O12039,C005,2026-02-09,자사몰,생활용품,131033,8680,122353,False,False
O12040,C005,2026-02-09,자사몰,생활용품,328654,10580,318074,False,False
O12041,C005,2026-02-09,자사몰,패션잡화,386578,21727,364851,False,False
O12042,C005,2026-02-09,자사몰,디지털,82172,5666,76506,False,False
O12043,C001,2026-02-10,자사몰,패션잡화,94604,2441,92163,False,False
O12044,C001,2026-02-10,자사몰,식품,52323,1776,0,True,False
O12045,C001,2026-02-10,자사몰,생활용품,130870,9332,121538,False,False
O12046,C001,2026-02-10,자사몰,생활용품,307527,13677,293850,False,False
O12047,C001,2026-02-10,자사몰,생활용품,132392,9899,122493,False,False
O12048,C001,2026-02-10,자사몰,생활용품,52440,2605,49835,False,False
O12049,C001,2026-02-10,자사몰,식품,312270,15225,297045,False,False
O12050,C001,2026-02-10,자사몰,식품,206384,11051,195333,False,False
O12051,C001,2026-02-10,자사몰,뷰티,299509,14518,284991,False,False
O12052,C001,2026-02-10,자사몰,생활용품,126518,3235,123283,False,False
O12053,C001,2026-02-10,자사몰,패션잡화,219504,12714,206790,False,False
O12054,C001,2026-02-10,자사몰,뷰티,153404,11168,142236,False,True
O12055,C001,2026-02-10,자사몰,디지털,243969,7206,236763,False,True
O12056,C001,2026-02-10,자사몰,생활용품,267806,9534,258272,False,True
O12057,C002,2026-02-10,오픈마켓,식품,138804,4441,134363,False,False
O12058,C002,2026-02-10,오픈마켓,디지털,264871,6656,258215,False,False
O12059,C002,2026-02-10,오픈마켓,패션잡화,276693,20668,256025,False,False
O12060,C002,2026-02-10,오픈마켓,뷰티,291077,16564,274513,False,False
O12061,C002,2026-02-10,오픈마켓,패션잡화,59290,2951,56339,False,False
O12062,C002,2026-02-10,오픈마켓,디지털,374141,15319,358822,False,False
O12063,C002,2026-02-10,오픈마켓,패션잡화,277033,16848,260185,False,False
O12064,C002,2026-02-10,오픈마켓,패션잡화,261552,7592,253960,False,False
O12065,C002,2026-02-10,오픈마켓,디지털,60499,3161,57338,False,False
O12066,C002,2026-02-10,오픈마켓,생활용품,43267,2438,40829,False,True
O12067,C003,2026-02-10,라이브,식품,324532,23746,300786,False,False
O12068,C003,2026-02-10,라이브,뷰티,93066,4525,88541,False,False
O12069,C003,2026-02-10,라이브,생활용품,252561,7449,245112,False,False
O12070,C003,2026-02-10,라이브,디지털,98016,7340,90676,False,False
O12071,C003,2026-02-10,라이브,생활용품,89060,3143,85917,False,False
O12072,C003,2026-02-10,라이브,식품,414984,25518,389466,False,False
O12073,C003,2026-02-10,라이브,생활용품,398907,12205,386702,False,False
O12074,C004,2026-02-10,오픈마켓,패션잡화,346349,16157,330192,False,False
O12075,C004,2026-02-10,오픈마켓,생활용품,329119,13609,315510,False,False
O12076,C004,2026-02-10,오픈마켓,패션잡화,205841,10828,195013,False,False
O12077,C004,2026-02-10,오픈마켓,생활용품,38278,1435,36843,False,False
O12078,C004,2026-02-10,오픈마켓,디지털,204042,9742,194300,False,False
O12079,C004,2026-02-10,오픈마켓,디지털,114659,7648,107011,False,False
O12080,C004,2026-02-10,오픈마켓,생활용품,172912,7063,165849,False,False
O12081,C004,2026-02-10,오픈마켓,생활용품,262888,10957,251931,False,False
O12082,C004,2026-02-10,오픈마켓,뷰티,270509,15597,254912,False,False
O12083,C004,2026-02-10,오픈마켓,패션잡화,295581,8687,286894,False,False
O12084,C004,2026-02-10,오픈마켓,패션잡화,146950,7511,139439,False,True
O12085,C004,2026-02-10,오픈마켓,생활용품,380383,13785,366598,False,False
O12086,C005,2026-02-10,자사몰,디지털,307170,10476,296694,False,False
O12087,C005,2026-02-10,자사몰,뷰티,369694,25656,344038,False,False
O12088,C005,2026-02-10,자사몰,생활용품,408381,23509,384872,False,False
O12089,C005,2026-02-10,자사몰,뷰티,121268,5812,115456,False,False
O12090,C005,2026-02-10,자사몰,뷰티,222572,8651,213921,False,False
O12091,C005,2026-02-10,자사몰,패션잡화,385639,19848,365791,False,False
O12092,C005,2026-02-10,자사몰,생활용품,125708,8537,117171,False,False
O12093,C005,2026-02-10,자사몰,패션잡화,121003,7924,113079,False,False
O12094,C005,2026-02-10,자사몰,뷰티,237430,13609,223821,False,False
O12095,C005,2026-02-10,자사몰,뷰티,79898,2973,76925,False,False
O12096,C005,2026-02-10,자사몰,식품,210771,15660,195111,False,False
O12097,C005,2026-02-10,자사몰,식품,319921,15969,303952,False,False
O12098,C001,2026-02-11,자사몰,디지털,335619,21084,314535,False,False
O12099,C001,2026-02-11,자사몰,디지털,400087,21519,378568,False,False
O12100,C001,2026-02-11,자사몰,패션잡화,81049,4313,76736,False,False
O12101,C001,2026-02-11,자사몰,뷰티,86061,6034,80027,False,False
O12102,C001,2026-02-11,자사몰,뷰티,115382,6843,108539,False,False
O12103,C002,2026-02-11,오픈마켓,식품,256257,7394,248863,False,True
O12104,C002,2026-02-11,오픈마켓,식품,162498,11963,150535,False,False
O12105,C002,2026-02-11,오픈마켓,뷰티,103094,4847,98247,False,False
O12106,C002,2026-02-11,오픈마켓,패션잡화,398246,23967,374279,False,False
O12107,C002,2026-02-11,오픈마켓,식품,247638,12237,235401,False,True
O12108,C003,2026-02-11,라이브,식품,35145,2161,32984,False,False
O12109,C003,2026-02-11,라이브,디지털,180074,10713,169361,False,False
O12110,C003,2026-02-11,라이브,디지털,60586,3091,57495,False,False
O12111,C003,2026-02-11,라이브,패션잡화,333153,17499,315654,False,False
O12112,C003,2026-02-11,라이브,생활용품,329709,21701,308008,False,False
O12113,C003,2026-02-11,라이브,식품,363424,24388,339036,False,False
O12114,C003,2026-02-11,라이브,디지털,360594,9303,351291,False,False
O12115,C003,2026-02-11,라이브,뷰티,85943,3675,82268,False,False
O12116,C003,2026-02-11,라이브,식품,316251,9570,306681,False,False
O12117,C003,2026-02-11,라이브,디지털,56850,3625,53225,False,False
O12118,C003,2026-02-11,라이브,뷰티,228245,15028,213217,False,False
O12119,C003,2026-02-11,라이브,생활용품,338180,17500,320680,False,False
O12120,C003,2026-02-11,라이브,패션잡화,339919,8541,331378,False,False
O12121,C004,2026-02-11,오픈마켓,뷰티,115398,8549,106849,False,False
O12122,C004,2026-02-11,오픈마켓,패션잡화,170552,9193,161359,False,False
O12123,C004,2026-02-11,오픈마켓,식품,96146,4716,91430,False,False
O12124,C004,2026-02-11,오픈마켓,생활용품,44009,1231,42778,False,False
O12125,C004,2026-02-11,오픈마켓,패션잡화,207385,8719,198666,False,False
O12126,C005,2026-02-11,자사몰,생활용품,57678,3220,54458,False,False
O12127,C005,2026-02-11,자사몰,뷰티,387523,25265,362258,False,False
O12128,C005,2026-02-11,자사몰,생활용품,126106,5607,0,True,False
O12129,C005,2026-02-11,자사몰,식품,68525,2003,66522,False,True
O12130,C005,2026-02-11,자사몰,패션잡화,169442,12014,157428,False,False
O12131,C005,2026-02-11,자사몰,디지털,269153,12025,257128,False,False
O12132,C005,2026-02-11,자사몰,뷰티,36324,1096,35228,False,False
O12133,C001,2026-02-12,자사몰,디지털,122817,5022,117795,False,False
O12134,C001,2026-02-12,자사몰,패션잡화,113172,4879,108293,False,False
O12135,C001,2026-02-12,자사몰,뷰티,152257,5076,147181,False,False
O12136,C001,2026-02-12,자사몰,식품,386260,14859,371401,False,False
O12137,C001,2026-02-12,자사몰,식품,393012,21232,371780,False,False
O12138,C001,2026-02-12,자사몰,디지털,345445,10940,334505,False,False
O12139,C001,2026-02-12,자사몰,디지털,293619,8733,284886,False,False
O12140,C001,2026-02-12,자사몰,생활용품,112996,3809,109187,False,False
O12141,C001,2026-02-12,자사몰,생활용품,139035,10378,128657,False,False
O12142,C001,2026-02-12,자사몰,생활용품,356577,8962,347615,False,True
O12143,C001,2026-02-12,자사몰,식품,147848,4354,143494,False,False
O12144,C001,2026-02-12,자사몰,식품,286831,10111,276720,False,False
O12145,C002,2026-02-12,오픈마켓,생활용품,69472,3424,66048,False,False
O12146,C002,2026-02-12,오픈마켓,생활용품,56678,2743,53935,False,False
O12147,C002,2026-02-12,오픈마켓,생활용품,222548,7318,215230,False,False
O12148,C002,2026-02-12,오픈마켓,디지털,272407,8353,264054,False,False
O12149,C002,2026-02-12,오픈마켓,뷰티,233777,10237,223540,False,False
O12150,C003,2026-02-12,라이브,식품,301249,21564,279685,False,False
O12151,C003,2026-02-12,라이브,패션잡화,101961,2853,99108,False,False
O12152,C003,2026-02-12,라이브,생활용품,103115,7297,95818,False,False
O12153,C003,2026-02-12,라이브,디지털,82806,2668,80138,False,False
O12154,C003,2026-02-12,라이브,패션잡화,245944,17272,228672,False,False
O12155,C003,2026-02-12,라이브,식품,215131,13752,201379,False,False
O12156,C003,2026-02-12,라이브,디지털,239523,13984,225539,False,False
O12157,C003,2026-02-12,라이브,뷰티,153861,7942,145919,False,False
O12158,C003,2026-02-12,라이브,생활용품,85306,4651,0,True,False
O12159,C003,2026-02-12,라이브,패션잡화,300015,19694,280321,False,False
O12160,C003,2026-02-12,라이브,식품,141355,8621,132734,False,False
O12161,C004,2026-02-12,오픈마켓,식품,291282,10099,281183,False,False
O12162,C004,2026-02-12,오픈마켓,디지털,364937,25199,339738,False,False
O12163,C004,2026-02-12,오픈마켓,뷰티,390137,14013,376124,False,False
O12164,C004,2026-02-12,오픈마켓,뷰티,185864,8095,177769,False,False
O12165,C004,2026-02-12,오픈마켓,뷰티,236346,10476,225870,False,True
O12166,C005,2026-02-12,자사몰,패션잡화,165376,11117,154259,False,False
O12167,C005,2026-02-12,자사몰,식품,85146,5446,79700,False,False
O12168,C005,2026-02-12,자사몰,뷰티,198007,5574,192433,False,True
O12169,C005,2026-02-12,자사몰,디지털,166480,10139,156341,False,False
O12170,C005,2026-02-12,자사몰,패션잡화,88719,5501,83218,False,False
O12171,C005,2026-02-12,자사몰,식품,290121,21727,268394,False,False
O12172,C005,2026-02-12,자사몰,뷰티,353514,12081,341433,False,False
O12173,C005,2026-02-12,자사몰,패션잡화,316604,8969,307635,False,False
O12174,C001,2026-02-13,자사몰,뷰티,309538,8238,301300,False,False
O12175,C001,2026-02-13,자사몰,패션잡화,265466,8737,256729,False,False
O12176,C001,2026-02-13,자사몰,식품,411009,29209,381800,False,False
O12177,C001,2026-02-13,자사몰,생활용품,367019,25226,341793,False,False
O12178,C001,2026-02-13,자사몰,디지털,379429,16996,362433,False,False
O12179,C001,2026-02-13,자사몰,식품,236650,11557,225093,False,False
O12180,C001,2026-02-13,자사몰,디지털,243409,8023,235386,False,False
O12181,C001,2026-02-13,자사몰,생활용품,192630,9377,183253,False,False
O12182,C001,2026-02-13,자사몰,식품,299408,9524,289884,False,False
O12183,C002,2026-02-13,오픈마켓,생활용품,195227,13303,181924,False,False
O12184,C002,2026-02-13,오픈마켓,디지털,388810,21380,367430,False,True
O12185,C002,2026-02-13,오픈마켓,패션잡화,101816,2589,0,True,False
O12186,C002,2026-02-13,오픈마켓,생활용품,331531,10144,321387,False,False
O12187,C002,2026-02-13,오픈마켓,뷰티,220319,13704,206615,False,False
O12188,C002,2026-02-13,오픈마켓,패션잡화,107773,4515,103258,False,False
O12189,C002,2026-02-13,오픈마켓,디지털,127922,5354,122568,False,False
O12190,C002,2026-02-13,오픈마켓,생활용품,209418,11322,198096,False,False
O12191,C002,2026-02-13,오픈마켓,뷰티,310767,12696,298071,False,False
O12192,C002,2026-02-13,오픈마켓,디지털,121069,7986,113083,False,False
O12193,C002,2026-02-13,오픈마켓,식품,204352,6875,197477,False,False
O12194,C002,2026-02-13,오픈마켓,뷰티,359609,23316,336293,False,False
O12195,C002,2026-02-13,오픈마켓,식품,84849,3419,81430,False,False
O12196,C002,2026-02-13,오픈마켓,생활용품,172032,4873,167159,False,False
O12197,C003,2026-02-13,라이브,생활용품,241890,16164,225726,False,False
O12198,C003,2026-02-13,라이브,생활용품,398468,26427,372041,False,False
O12199,C003,2026-02-13,라이브,패션잡화,183169,6955,176214,False,False
O12200,C003,2026-02-13,라이브,식품,233635,17128,0,True,False
O12201,C003,2026-02-13,라이브,식품,89679,5763,83916,False,False
O12202,C004,2026-02-13,오픈마켓,디지털,161202,7642,153560,False,False
O12203,C004,2026-02-13,오픈마켓,디지털,289369,8690,280679,False,False
O12204,C004,2026-02-13,오픈마켓,생활용품,198877,5199,0,True,False
O12205,C004,2026-02-13,오픈마켓,뷰티,300217,17662,282555,False,False
O12206,C004,2026-02-13,오픈마켓,패션잡화,36981,2468,0,True,False
O12207,C004,2026-02-13,오픈마켓,디지털,235302,6991,228311,False,False
O12208,C004,2026-02-13,오픈마켓,식품,256662,17207,239455,False,True
O12209,C004,2026-02-13,오픈마켓,뷰티,107657,6145,101512,False,False
O12210,C004,2026-02-13,오픈마켓,디지털,92723,4047,88676,False,False
O12211,C004,2026-02-13,오픈마켓,뷰티,318921,15916,303005,False,False
O12212,C004,2026-02-13,오픈마켓,디지털,384614,27114,0,True,False
O12213,C005,2026-02-13,자사몰,패션잡화,270396,10505,259891,False,False
O12214,C005,2026-02-13,자사몰,디지털,99170,3284,95886,False,False
O12215,C005,2026-02-13,자사몰,뷰티,268909,17907,251002,False,True
O12216,C005,2026-02-13,자사몰,디지털,58795,3109,55686,False,False
O12217,C005,2026-02-13,자사몰,생활용품,136710,6560,130150,False,False
O12218,C005,2026-02-13,자사몰,생활용품,104338,4413,99925,False,False
O12219,C005,2026-02-13,자사몰,패션잡화,373615,15081,358534,False,False
O12220,C005,2026-02-13,자사몰,뷰티,177686,7648,170038,False,True
O12221,C005,2026-02-13,자사몰,뷰티,277165,19820,257345,False,False
O12222,C005,2026-02-13,자사몰,생활용품,96096,5731,90365,False,False
O12223,C005,2026-02-13,자사몰,뷰티,269508,8167,261341,False,False
O12224,C005,2026-02-13,자사몰,생활용품,151761,6542,145219,False,False
O12225,C001,2026-02-14,자사몰,디지털,386284,11308,374976,False,False
O12226,C001,2026-02-14,자사몰,생활용품,51750,3615,48135,False,False
O12227,C001,2026-02-14,자사몰,디지털,124249,3615,120634,False,False
O12228,C001,2026-02-14,자사몰,디지털,154265,10609,143656,False,False
O12229,C001,2026-02-14,자사몰,식품,96000,7068,88932,False,False
O12230,C001,2026-02-14,자사몰,패션잡화,412078,16055,396023,False,False
O12231,C001,2026-02-14,자사몰,디지털,400854,14887,0,True,False
O12232,C001,2026-02-14,자사몰,패션잡화,385605,11234,374371,False,False
O12233,C001,2026-02-14,자사몰,패션잡화,274095,15336,258759,False,False
O12234,C001,2026-02-14,자사몰,디지털,142084,6758,135326,False,False
O12235,C001,2026-02-14,자사몰,뷰티,170368,8864,161504,False,False
O12236,C001,2026-02-14,자사몰,생활용품,262765,6924,255841,False,False
O12237,C001,2026-02-14,자사몰,생활용품,295904,13511,282393,False,False
O12238,C001,2026-02-14,자사몰,뷰티,315450,15356,300094,False,False
O12239,C001,2026-02-14,자사몰,식품,263978,13909,0,True,False
O12240,C001,2026-02-14,자사몰,패션잡화,320125,9887,310238,False,False
O12241,C002,2026-02-14,오픈마켓,식품,106223,5450,100773,False,False
O12242,C002,2026-02-14,오픈마켓,뷰티,347184,16272,330912,False,False
O12243,C002,2026-02-14,오픈마켓,패션잡화,317252,22374,294878,False,False
O12244,C002,2026-02-14,오픈마켓,패션잡화,326760,13162,313598,False,True
O12245,C002,2026-02-14,오픈마켓,패션잡화,375082,25961,349121,False,False
O12246,C002,2026-02-14,오픈마켓,뷰티,88816,3003,85813,False,False
O12247,C002,2026-02-14,오픈마켓,생활용품,148385,10584,137801,False,False
O12248,C002,2026-02-14,오픈마켓,뷰티,201861,6970,194891,False,False
O12249,C003,2026-02-14,라이브,식품,47558,3226,44332,False,False
O12250,C003,2026-02-14,라이브,식품,77021,4710,72311,False,True
O12251,C003,2026-02-14,라이브,뷰티,199710,8399,191311,False,False
O12252,C003,2026-02-14,라이브,디지털,202241,14502,187739,False,False
O12253,C003,2026-02-14,라이브,패션잡화,317955,20440,297515,False,True
O12254,C003,2026-02-14,라이브,식품,138595,4169,0,True,False
O12255,C003,2026-02-14,라이브,뷰티,109227,5978,103249,False,False
O12256,C003,2026-02-14,라이브,생활용품,248867,9341,239526,False,False
O12257,C003,2026-02-14,라이브,뷰티,368330,25292,343038,False,False
O12258,C003,2026-02-14,라이브,패션잡화,277164,14572,262592,False,False
O12259,C003,2026-02-14,라이브,패션잡화,165430,5846,0,True,False
O12260,C004,2026-02-14,오픈마켓,뷰티,214750,15440,0,True,False
O12261,C004,2026-02-14,오픈마켓,식품,196987,8602,188385,False,True
O12262,C004,2026-02-14,오픈마켓,뷰티,126180,7071,119109,False,False
O12263,C004,2026-02-14,오픈마켓,패션잡화,303173,18612,284561,False,False
O12264,C005,2026-02-14,자사몰,패션잡화,351722,10287,341435,False,False
O12265,C005,2026-02-14,자사몰,디지털,143186,5215,137971,False,False
O12266,C005,2026-02-14,자사몰,식품,242319,17901,0,True,False
O12267,C005,2026-02-14,자사몰,패션잡화,358059,9239,348820,False,False
O12268,C005,2026-02-14,자사몰,뷰티,261906,17724,244182,False,False
O12269,C005,2026-02-14,자사몰,디지털,82647,5807,76840,False,False
O12270,C005,2026-02-14,자사몰,생활용품,390240,13967,376273,False,False
O12271,C005,2026-02-14,자사몰,생활용품,202748,7173,195575,False,False
O12272,C005,2026-02-14,자사몰,패션잡화,207675,11031,196644,False,False
O12273,C005,2026-02-14,자사몰,패션잡화,262744,8079,254665,False,False
O12274,C005,2026-02-14,자사몰,패션잡화,130415,8767,121648,False,False
O12275,C001,2026-02-15,자사몰,생활용품,398546,17246,381300,False,False
O12276,C001,2026-02-15,자사몰,식품,414861,26006,388855,False,False
O12277,C001,2026-02-15,자사몰,생활용품,416401,19849,396552,False,False
O12278,C001,2026-02-15,자사몰,뷰티,56915,3549,53366,False,False
O12279,C001,2026-02-15,자사몰,생활용품,321216,9752,311464,False,False
O12280,C001,2026-02-15,자사몰,식품,186851,9389,177462,False,False
O12281,C001,2026-02-15,자사몰,패션잡화,121429,5849,0,True,False
O12282,C001,2026-02-15,자사몰,생활용품,301842,8780,293062,False,False
O12283,C001,2026-02-15,자사몰,뷰티,128687,8472,120215,False,False
O12284,C001,2026-02-15,자사몰,식품,212970,6723,206247,False,False
O12285,C001,2026-02-15,자사몰,뷰티,363175,18910,344265,False,False
O12286,C001,2026-02-15,자사몰,뷰티,126030,3893,0,True,False
O12287,C001,2026-02-15,자사몰,생활용품,411733,30824,380909,False,False
O12288,C001,2026-02-15,자사몰,뷰티,396638,19090,377548,False,False
O12289,C001,2026-02-15,자사몰,생활용품,140161,9764,130397,False,False
O12290,C001,2026-02-15,자사몰,뷰티,109534,8211,101323,False,False
O12291,C002,2026-02-15,오픈마켓,뷰티,394827,25457,369370,False,False
O12292,C002,2026-02-15,오픈마켓,식품,50251,1510,48741,False,False
O12293,C002,2026-02-15,오픈마켓,뷰티,88735,2801,85934,False,False
O12294,C002,2026-02-15,오픈마켓,뷰티,152866,6081,146785,False,False
O12295,C002,2026-02-15,오픈마켓,식품,199846,11227,188619,False,True
O12296,C002,2026-02-15,오픈마켓,패션잡화,273992,7226,266766,False,True
O12297,C002,2026-02-15,오픈마켓,디지털,190016,13260,176756,False,False
O12298,C002,2026-02-15,오픈마켓,식품,387006,23824,363182,False,False
O12299,C002,2026-02-15,오픈마켓,디지털,118579,6069,112510,False,False
O12300,C002,2026-02-15,오픈마켓,생활용품,348775,18613,330162,False,False
O12301,C003,2026-02-15,라이브,패션잡화,210042,9972,200070,False,False
O12302,C003,2026-02-15,라이브,생활용품,224421,8403,216018,False,False
O12303,C003,2026-02-15,라이브,식품,308138,15309,292829,False,False
O12304,C003,2026-02-15,라이브,식품,183323,10980,172343,False,False
O12305,C003,2026-02-15,라이브,식품,298606,18869,0,True,False
O12306,C004,2026-02-15,오픈마켓,디지털,303248,22401,280847,False,False
O12307,C004,2026-02-15,오픈마켓,식품,205777,14714,191063,False,False
O12308,C004,2026-02-15,오픈마켓,패션잡화,117522,6329,111193,False,False
O12309,C004,2026-02-15,오픈마켓,디지털,42576,2739,39837,False,False
O12310,C005,2026-02-15,자사몰,식품,128889,7117,121772,False,False
O12311,C005,2026-02-15,자사몰,식품,297496,12140,285356,False,False
O12312,C005,2026-02-15,자사몰,디지털,142104,9984,132120,False,False
O12313,C005,2026-02-15,자사몰,식품,332535,12897,319638,False,False
O12314,C005,2026-02-15,자사몰,패션잡화,118481,6175,112306,False,False
O12315,C005,2026-02-15,자사몰,디지털,249640,12852,236788,False,True
O12316,C005,2026-02-15,자사몰,식품,175627,12934,162693,False,False
O12317,C005,2026-02-15,자사몰,디지털,42112,1644,40468,False,False
O12318,C005,2026-02-15,자사몰,생활용품,296664,17123,279541,False,False
O12319,C005,2026-02-15,자사몰,식품,322827,21441,301386,False,False
O12320,C005,2026-02-15,자사몰,생활용품,270763,17205,253558,False,True
O12321,C005,2026-02-15,자사몰,생활용품,153315,5152,148163,False,False
O12322,C005,2026-02-15,자사몰,식품,134351,7438,126913,False,False
O12323,C001,2026-02-16,자사몰,패션잡화,233003,16635,216368,False,False
O12324,C001,2026-02-16,자사몰,패션잡화,182077,9848,172229,False,False
O12325,C001,2026-02-16,자사몰,생활용품,381495,27763,353732,False,False
O12326,C001,2026-02-16,자사몰,식품,117108,4542,112566,False,False
O12327,C001,2026-02-16,자사몰,생활용품,74671,5400,69271,False,False
O12328,C002,2026-02-16,오픈마켓,식품,407589,10659,396930,False,False
O12329,C002,2026-02-16,오픈마켓,디지털,89031,3334,85697,False,False
O12330,C002,2026-02-16,오픈마켓,패션잡화,175308,8100,167208,False,False
O12331,C002,2026-02-16,오픈마켓,패션잡화,392350,16615,375735,False,False
O12332,C002,2026-02-16,오픈마켓,생활용품,209814,12693,197121,False,False
O12333,C002,2026-02-16,오픈마켓,패션잡화,419894,18409,401485,False,False
O12334,C002,2026-02-16,오픈마켓,패션잡화,418188,12014,406174,False,False
O12335,C002,2026-02-16,오픈마켓,생활용품,336502,11473,325029,False,False
O12336,C002,2026-02-16,오픈마켓,뷰티,229070,10459,218611,False,False
O12337,C002,2026-02-16,오픈마켓,디지털,186000,8512,177488,False,False
O12338,C002,2026-02-16,오픈마켓,식품,257644,7425,250219,False,False
O12339,C002,2026-02-16,오픈마켓,패션잡화,353134,14939,338195,False,False
O12340,C003,2026-02-16,라이브,생활용품,156141,5343,150798,False,False
O12341,C003,2026-02-16,라이브,디지털,221884,5575,216309,False,False
O12342,C003,2026-02-16,라이브,뷰티,370591,18068,352523,False,False
O12343,C003,2026-02-16,라이브,생활용품,165392,4828,160564,False,False
O12344,C003,2026-02-16,라이브,뷰티,86508,3530,82978,False,False
O12345,C003,2026-02-16,라이브,디지털,228211,14837,213374,False,False
O12346,C003,2026-02-16,라이브,식품,127470,6485,120985,False,False
O12347,C003,2026-02-16,라이브,디지털,302932,19279,283653,False,False
O12348,C003,2026-02-16,라이브,생활용품,195096,5709,189387,False,False
O12349,C004,2026-02-16,오픈마켓,뷰티,178135,8584,169551,False,False
O12350,C004,2026-02-16,오픈마켓,디지털,106037,4224,101813,False,False
O12351,C004,2026-02-16,오픈마켓,패션잡화,166288,5924,160364,False,False
O12352,C004,2026-02-16,오픈마켓,식품,135027,3664,131363,False,False
O12353,C004,2026-02-16,오픈마켓,패션잡화,355921,17345,338576,False,False
O12354,C004,2026-02-16,오픈마켓,패션잡화,69208,2574,66634,False,False
O12355,C004,2026-02-16,오픈마켓,식품,42868,1859,41009,False,False
O12356,C004,2026-02-16,오픈마켓,뷰티,167535,4383,163152,False,True
O12357,C004,2026-02-16,오픈마켓,패션잡화,289629,13019,276610,False,False
O12358,C004,2026-02-16,오픈마켓,뷰티,213020,10496,202524,False,False
O12359,C004,2026-02-16,오픈마켓,식품,387976,10398,377578,False,False
O12360,C004,2026-02-16,오픈마켓,식품,268035,8692,259343,False,False
O12361,C004,2026-02-16,오픈마켓,생활용품,109457,6539,102918,False,False
O12362,C004,2026-02-16,오픈마켓,식품,76778,4192,72586,False,False
O12363,C005,2026-02-16,자사몰,뷰티,70303,2042,68261,False,False
O12364,C005,2026-02-16,자사몰,디지털,256138,7563,248575,False,False
O12365,C005,2026-02-16,자사몰,디지털,186897,6852,180045,False,False
O12366,C005,2026-02-16,자사몰,식품,212370,13678,198692,False,False
O12367,C005,2026-02-16,자사몰,뷰티,243569,8844,234725,False,False
O12368,C005,2026-02-16,자사몰,패션잡화,328498,20042,308456,False,False
O12369,C005,2026-02-16,자사몰,뷰티,185545,9297,176248,False,False
O12370,C005,2026-02-16,자사몰,디지털,284306,19941,264365,False,False
O12371,C005,2026-02-16,자사몰,뷰티,191402,13019,178383,False,False
O12372,C005,2026-02-16,자사몰,식품,94368,2955,91413,False,False
O12373,C005,2026-02-16,자사몰,뷰티,55423,2669,52754,False,False
O12374,C001,2026-02-17,자사몰,패션잡화,282145,10446,271699,False,False
O12375,C001,2026-02-17,자사몰,식품,60635,2442,58193,False,False
O12376,C001,2026-02-17,자사몰,생활용품,49602,1371,48231,False,False
O12377,C001,2026-02-17,자사몰,패션잡화,171724,6539,165185,False,False
O12378,C001,2026-02-17,자사몰,생활용품,66572,1940,64632,False,False
O12379,C001,2026-02-17,자사몰,생활용품,83851,2678,81173,False,False
O12380,C001,2026-02-17,자사몰,식품,183921,7078,176843,False,False
O12381,C001,2026-02-17,자사몰,뷰티,62983,3701,59282,False,False
O12382,C001,2026-02-17,자사몰,식품,296027,19620,276407,False,False
O12383,C001,2026-02-17,자사몰,디지털,59507,2318,57189,False,False
O12384,C001,2026-02-17,자사몰,패션잡화,284973,11907,273066,False,False
O12385,C001,2026-02-17,자사몰,식품,264263,11653,252610,False,False
O12386,C002,2026-02-17,오픈마켓,식품,385570,28893,356677,False,False
O12387,C002,2026-02-17,오픈마켓,식품,402662,26708,375954,False,False
O12388,C002,2026-02-17,오픈마켓,뷰티,264378,10360,254018,False,False
O12389,C002,2026-02-17,오픈마켓,뷰티,91071,2514,88557,False,False
O12390,C002,2026-02-17,오픈마켓,패션잡화,71006,1833,69173,False,False
O12391,C002,2026-02-17,오픈마켓,식품,68871,3370,65501,False,False
O12392,C002,2026-02-17,오픈마켓,디지털,274975,8516,266459,False,False
O12393,C002,2026-02-17,오픈마켓,식품,53000,1763,51237,False,False
O12394,C002,2026-02-17,오픈마켓,생활용품,98771,7389,91382,False,False
O12395,C002,2026-02-17,오픈마켓,생활용품,203128,13556,189572,False,False
O12396,C002,2026-02-17,오픈마켓,식품,71879,3679,68200,False,False
O12397,C002,2026-02-17,오픈마켓,뷰티,364187,19006,345181,False,False
O12398,C002,2026-02-17,오픈마켓,디지털,100431,6745,93686,False,False
O12399,C002,2026-02-17,오픈마켓,식품,127820,4422,123398,False,False
O12400,C002,2026-02-17,오픈마켓,식품,211453,6753,204700,False,False
O12401,C003,2026-02-17,라이브,패션잡화,167628,11449,156179,False,False
O12402,C003,2026-02-17,라이브,패션잡화,140203,5657,134546,False,True
O12403,C003,2026-02-17,라이브,생활용품,189493,8121,181372,False,False
O12404,C003,2026-02-17,라이브,생활용품,158556,6806,151750,False,False
O12405,C003,2026-02-17,라이브,디지털,266122,8716,257406,False,False
O12406,C003,2026-02-17,라이브,식품,312737,21246,291491,False,False
O12407,C003,2026-02-17,라이브,생활용품,401849,19891,381958,False,False
O12408,C003,2026-02-17,라이브,패션잡화,183355,9920,173435,False,False
O12409,C003,2026-02-17,라이브,패션잡화,107412,4796,102616,False,False
O12410,C003,2026-02-17,라이브,식품,61885,3461,58424,False,False
O12411,C004,2026-02-17,오픈마켓,뷰티,288143,18533,269610,False,True
O12412,C004,2026-02-17,오픈마켓,생활용품,324780,23059,301721,False,False
O12413,C004,2026-02-17,오픈마켓,디지털,84475,5488,78987,False,False
O12414,C004,2026-02-17,오픈마켓,생활용품,56875,2562,54313,False,False
O12415,C004,2026-02-17,오픈마켓,생활용품,90378,4384,85994,False,False
O12416,C004,2026-02-17,오픈마켓,뷰티,305327,9303,0,True,False
O12417,C004,2026-02-17,오픈마켓,생활용품,80518,4189,0,True,False
O12418,C004,2026-02-17,오픈마켓,뷰티,328523,11880,316643,False,False
O12419,C004,2026-02-17,오픈마켓,생활용품,112367,4842,107525,False,False
O12420,C004,2026-02-17,오픈마켓,디지털,397411,27369,370042,False,False
O12421,C004,2026-02-17,오픈마켓,디지털,193409,12740,180669,False,False
O12422,C005,2026-02-17,자사몰,식품,170308,12298,158010,False,False
O12423,C005,2026-02-17,자사몰,식품,146830,10775,136055,False,False
O12424,C005,2026-02-17,자사몰,식품,326503,21958,304545,False,True
O12425,C005,2026-02-17,자사몰,생활용품,362412,21248,341164,False,False
O12426,C005,2026-02-17,자사몰,디지털,326111,17655,308456,False,False
O12427,C005,2026-02-17,자사몰,생활용품,265130,15113,250017,False,False
O12428,C005,2026-02-17,자사몰,패션잡화,240385,6736,233649,False,False
O12429,C005,2026-02-17,자사몰,식품,132685,8046,124639,False,False
O12430,C005,2026-02-17,자사몰,식품,285845,19294,266551,False,False
O12431,C005,2026-02-17,자사몰,뷰티,186846,7398,179448,False,False
O12432,C005,2026-02-17,자사몰,식품,67213,2484,64729,False,False
O12433,C005,2026-02-17,자사몰,뷰티,255676,13634,242042,False,False
O12434,C005,2026-02-17,자사몰,뷰티,265414,7644,0,True,False
O12435,C001,2026-02-18,자사몰,생활용품,353537,13279,340258,False,False
O12436,C001,2026-02-18,자사몰,디지털,152301,4073,148228,False,False
O12437,C001,2026-02-18,자사몰,디지털,398375,26221,372154,False,False
O12438,C001,2026-02-18,자사몰,패션잡화,88399,5035,83364,False,False
O12439,C001,2026-02-18,자사몰,식품,305476,19943,285533,False,False
O12440,C001,2026-02-18,자사몰,디지털,215368,11868,203500,False,False
O12441,C001,2026-02-18,자사몰,뷰티,342381,18101,324280,False,False
O12442,C001,2026-02-18,자사몰,패션잡화,335486,16071,319415,False,False
O12443,C001,2026-02-18,자사몰,생활용품,162242,10715,151527,False,False
O12444,C001,2026-02-18,자사몰,디지털,290578,9077,281501,False,False
O12445,C001,2026-02-18,자사몰,생활용품,46289,2024,44265,False,False
O12446,C001,2026-02-18,자사몰,식품,358899,15771,343128,False,False
O12447,C002,2026-02-18,오픈마켓,뷰티,205583,7400,198183,False,False
O12448,C002,2026-02-18,오픈마켓,식품,162921,4277,158644,False,True
O12449,C002,2026-02-18,오픈마켓,식품,364958,11699,353259,False,False
O12450,C002,2026-02-18,오픈마켓,패션잡화,248662,6591,242071,False,False
O12451,C002,2026-02-18,오픈마켓,생활용품,119047,3357,115690,False,False
O12452,C002,2026-02-18,오픈마켓,생활용품,157573,6948,150625,False,False
O12453,C002,2026-02-18,오픈마켓,생활용품,185494,9479,176015,False,False
O12454,C002,2026-02-18,오픈마켓,패션잡화,331462,11578,319884,False,False
O12455,C002,2026-02-18,오픈마켓,뷰티,359529,19827,339702,False,False
O12456,C002,2026-02-18,오픈마켓,패션잡화,323512,21406,302106,False,False
O12457,C002,2026-02-18,오픈마켓,뷰티,126631,3699,122932,False,False
O12458,C002,2026-02-18,오픈마켓,식품,59531,4213,55318,False,False
O12459,C002,2026-02-18,오픈마켓,디지털,262096,14962,247134,False,False
O12460,C002,2026-02-18,오픈마켓,생활용품,95311,3925,0,True,False
O12461,C002,2026-02-18,오픈마켓,식품,308536,15678,292858,False,False
O12462,C002,2026-02-18,오픈마켓,패션잡화,218358,11152,207206,False,False
O12463,C003,2026-02-18,라이브,패션잡화,256575,17580,238995,False,False
O12464,C003,2026-02-18,라이브,식품,305679,11136,294543,False,False
O12465,C003,2026-02-18,라이브,패션잡화,224827,8714,216113,False,False
O12466,C003,2026-02-18,라이브,식품,115359,6538,108821,False,False
O12467,C003,2026-02-18,라이브,식품,324367,22753,301614,False,False
O12468,C003,2026-02-18,라이브,뷰티,413060,30241,382819,False,True
O12469,C003,2026-02-18,라이브,디지털,368193,21322,346871,False,False
O12470,C003,2026-02-18,라이브,뷰티,192201,12836,179365,False,False
O12471,C003,2026-02-18,라이브,식품,121559,3064,118495,False,False
O12472,C003,2026-02-18,라이브,식품,106735,2936,103799,False,False
O12473,C003,2026-02-18,라이브,패션잡화,44729,2883,41846,False,False
O12474,C003,2026-02-18,라이브,패션잡화,179702,8128,171574,False,False
O12475,C003,2026-02-18,라이브,패션잡화,272317,19132,253185,False,False
O12476,C003,2026-02-18,라이브,패션잡화,223809,10317,213492,False,False
O12477,C004,2026-02-18,오픈마켓,식품,272315,19667,252648,False,False
O12478,C004,2026-02-18,오픈마켓,패션잡화,296819,21955,274864,False,False
O12479,C004,2026-02-18,오픈마켓,생활용품,342185,23408,318777,False,False
O12480,C004,2026-02-18,오픈마켓,패션잡화,147290,10404,136886,False,False
O12481,C004,2026-02-18,오픈마켓,식품,332879,19352,313527,False,True
O12482,C004,2026-02-18,오픈마켓,생활용품,174832,11084,163748,False,False
O12483,C004,2026-02-18,오픈마켓,식품,370329,11853,358476,False,True
O12484,C004,2026-02-18,오픈마켓,생활용품,394708,25983,368725,False,False
O12485,C005,2026-02-18,자사몰,패션잡화,231177,12178,218999,False,False
O12486,C005,2026-02-18,자사몰,뷰티,304059,20236,283823,False,False
O12487,C005,2026-02-18,자사몰,디지털,336459,18631,317828,False,False
O12488,C005,2026-02-18,자사몰,패션잡화,161768,4291,157477,False,False
O12489,C005,2026-02-18,자사몰,식품,150164,10748,139416,False,False
O12490,C005,2026-02-18,자사몰,식품,340237,15305,324932,False,False
O12491,C005,2026-02-18,자사몰,뷰티,349782,22350,327432,False,False
O12492,C005,2026-02-18,자사몰,생활용품,119835,6034,113801,False,False
O12493,C005,2026-02-18,자사몰,패션잡화,91848,6328,85520,False,False
O12494,C005,2026-02-18,자사몰,뷰티,350735,16562,334173,False,False
O12495,C005,2026-02-18,자사몰,식품,259215,18595,240620,False,False
O12496,C005,2026-02-18,자사몰,뷰티,381030,27012,354018,False,False
O12497,C005,2026-02-18,자사몰,뷰티,326505,9410,317095,False,True
O12498,C005,2026-02-18,자사몰,패션잡화,50828,3329,47499,False,True
O12499,C005,2026-02-18,자사몰,뷰티,86447,5294,81153,False,False
O12500,C001,2026-02-19,자사몰,생활용품,132348,4016,0,True,False
O12501,C001,2026-02-19,자사몰,디지털,105825,4066,101759,False,False
O12502,C001,2026-02-19,자사몰,생활용품,388911,21092,367819,False,True
O12503,C001,2026-02-19,자사몰,생활용품,281255,11737,269518,False,False
O12504,C001,2026-02-19,자사몰,생활용품,355306,17325,337981,False,False
O12505,C001,2026-02-19,자사몰,패션잡화,394684,22269,372415,False,False
O12506,C001,2026-02-19,자사몰,디지털,264733,6921,257812,False,False
O12507,C001,2026-02-19,자사몰,패션잡화,35106,1344,33762,False,False
O12508,C001,2026-02-19,자사몰,뷰티,110165,6289,103876,False,False
O12509,C001,2026-02-19,자사몰,뷰티,274513,18403,256110,False,False
O12510,C001,2026-02-19,자사몰,뷰티,306440,8196,298244,False,False
O12511,C001,2026-02-19,자사몰,디지털,116583,5464,111119,False,False
O12512,C002,2026-02-19,오픈마켓,디지털,124229,5605,118624,False,False
O12513,C002,2026-02-19,오픈마켓,패션잡화,409245,19144,390101,False,False
O12514,C002,2026-02-19,오픈마켓,뷰티,103632,6017,97615,False,False
O12515,C002,2026-02-19,오픈마켓,식품,240487,7392,233095,False,False
O12516,C003,2026-02-19,라이브,패션잡화,172713,5454,167259,False,False
O12517,C003,2026-02-19,라이브,뷰티,204688,7368,197320,False,False
O12518,C003,2026-02-19,라이브,패션잡화,117511,7889,109622,False,False
O12519,C003,2026-02-19,라이브,생활용품,279831,8414,0,True,False
O12520,C004,2026-02-19,오픈마켓,뷰티,157466,8255,149211,False,False
O12521,C004,2026-02-19,오픈마켓,패션잡화,240071,6861,233210,False,False
O12522,C004,2026-02-19,오픈마켓,뷰티,321760,18381,303379,False,False
O12523,C004,2026-02-19,오픈마켓,생활용품,403908,19217,384691,False,False
O12524,C004,2026-02-19,오픈마켓,패션잡화,67797,4576,63221,False,False
O12525,C004,2026-02-19,오픈마켓,디지털,75728,4579,71149,False,False
O12526,C004,2026-02-19,오픈마켓,디지털,197073,10162,186911,False,False
O12527,C004,2026-02-19,오픈마켓,뷰티,313891,15749,298142,False,False
O12528,C004,2026-02-19,오픈마켓,식품,325454,21609,303845,False,False
O12529,C004,2026-02-19,오픈마켓,식품,192418,10853,181565,False,False
O12530,C005,2026-02-19,자사몰,뷰티,184854,10425,174429,False,False
O12531,C005,2026-02-19,자사몰,디지털,57043,1716,55327,False,False
O12532,C005,2026-02-19,자사몰,패션잡화,416127,28466,387661,False,False
O12533,C005,2026-02-19,자사몰,패션잡화,217314,6371,210943,False,False
O12534,C005,2026-02-19,자사몰,뷰티,240487,7914,232573,False,False
O12535,C005,2026-02-19,자사몰,생활용품,194168,7952,186216,False,False
O12536,C005,2026-02-19,자사몰,식품,396557,21480,375077,False,False
O12537,C005,2026-02-19,자사몰,식품,167910,7766,160144,False,False
O12538,C005,2026-02-19,자사몰,생활용품,413664,22402,391262,False,False
O12539,C005,2026-02-19,자사몰,뷰티,161398,6273,155125,False,False
O12540,C005,2026-02-19,자사몰,생활용품,96526,7176,89350,False,False
O12541,C005,2026-02-19,자사몰,생활용품,229506,7746,221760,False,False
O12542,C001,2026-02-20,자사몰,디지털,284240,17463,266777,False,False
O12543,C001,2026-02-20,자사몰,디지털,105908,7107,98801,False,False
O12544,C001,2026-02-20,자사몰,식품,73196,5184,0,True,False
O12545,C001,2026-02-20,자사몰,뷰티,200931,10746,190185,False,False
O12546,C001,2026-02-20,자사몰,디지털,339427,19483,319944,False,True
O12547,C001,2026-02-20,자사몰,디지털,145743,5027,140716,False,False
O12548,C001,2026-02-20,자사몰,식품,258536,8002,250534,False,False
O12549,C001,2026-02-20,자사몰,식품,197855,7167,190688,False,False
O12550,C001,2026-02-20,자사몰,식품,60172,4203,55969,False,False
O12551,C001,2026-02-20,자사몰,패션잡화,155553,7473,148080,False,False
O12552,C002,2026-02-20,오픈마켓,패션잡화,77008,2012,74996,False,False
O12553,C002,2026-02-20,오픈마켓,디지털,267474,10923,256551,False,False
O12554,C002,2026-02-20,오픈마켓,패션잡화,95059,2588,92471,False,False
O12555,C002,2026-02-20,오픈마켓,뷰티,386724,22147,364577,False,False
O12556,C002,2026-02-20,오픈마켓,뷰티,347589,18576,329013,False,False
O12557,C002,2026-02-20,오픈마켓,생활용품,43969,1995,41974,False,False
O12558,C003,2026-02-20,라이브,생활용품,130804,5574,125230,False,False
O12559,C003,2026-02-20,라이브,생활용품,241824,17472,224352,False,False
O12560,C003,2026-02-20,라이브,생활용품,209338,10539,0,True,False
O12561,C003,2026-02-20,라이브,생활용품,261151,17608,243543,False,False
O12562,C003,2026-02-20,라이브,생활용품,127091,7559,119532,False,False
O12563,C003,2026-02-20,라이브,식품,86390,4651,81739,False,False
O12564,C003,2026-02-20,라이브,패션잡화,108346,3425,104921,False,True
O12565,C003,2026-02-20,라이브,생활용품,86908,3974,82934,False,False
O12566,C003,2026-02-20,라이브,패션잡화,94101,2596,91505,False,False
O12567,C003,2026-02-20,라이브,식품,148122,4833,143289,False,False
O12568,C003,2026-02-20,라이브,뷰티,241457,10980,230477,False,False
O12569,C003,2026-02-20,라이브,패션잡화,403548,12318,391230,False,False
O12570,C003,2026-02-20,라이브,뷰티,53340,3109,50231,False,True
O12571,C003,2026-02-20,라이브,패션잡화,322543,21949,300594,False,False
O12572,C003,2026-02-20,라이브,디지털,187455,5838,181617,False,False
O12573,C004,2026-02-20,오픈마켓,패션잡화,288439,17887,270552,False,False
O12574,C004,2026-02-20,오픈마켓,디지털,310390,11313,299077,False,False
O12575,C004,2026-02-20,오픈마켓,디지털,139745,5539,134206,False,False
O12576,C004,2026-02-20,오픈마켓,생활용품,402358,22822,379536,False,False
O12577,C004,2026-02-20,오픈마켓,디지털,340880,14457,326423,False,False
O12578,C004,2026-02-20,오픈마켓,생활용품,319862,10834,309028,False,False
O12579,C004,2026-02-20,오픈마켓,디지털,38990,1995,36995,False,False
O12580,C004,2026-02-20,오픈마켓,패션잡화,306104,15379,290725,False,False
O12581,C004,2026-02-20,오픈마켓,디지털,143788,4220,139568,False,False
O12582,C005,2026-02-20,자사몰,디지털,82560,4838,77722,False,False
O12583,C005,2026-02-20,자사몰,디지털,277901,18942,258959,False,False
O12584,C005,2026-02-20,자사몰,디지털,353482,24033,329449,False,False
O12585,C005,2026-02-20,자사몰,디지털,110402,4538,105864,False,False
O12586,C005,2026-02-20,자사몰,패션잡화,308619,22898,285721,False,False
O12587,C005,2026-02-20,자사몰,패션잡화,149857,11204,0,True,False
O12588,C005,2026-02-20,자사몰,뷰티,247601,12025,235576,False,False
O12589,C001,2026-02-21,자사몰,생활용품,144805,6139,138666,False,False
O12590,C001,2026-02-21,자사몰,식품,222759,15151,207608,False,False
O12591,C001,2026-02-21,자사몰,생활용품,359545,20846,338699,False,False
O12592,C001,2026-02-21,자사몰,패션잡화,82418,2689,79729,False,False
O12593,C001,2026-02-21,자사몰,생활용품,348122,10283,337839,False,False
O12594,C001,2026-02-21,자사몰,디지털,273736,18676,255060,False,False
O12595,C001,2026-02-21,자사몰,뷰티,117522,6958,110564,False,False
O12596,C001,2026-02-21,자사몰,패션잡화,283293,11389,271904,False,False
O12597,C001,2026-02-21,자사몰,뷰티,410143,27501,382642,False,True
O12598,C001,2026-02-21,자사몰,디지털,102267,4275,97992,False,False
O12599,C001,2026-02-21,자사몰,생활용품,196807,10464,186343,False,False
O12600,C001,2026-02-21,자사몰,디지털,354696,22992,331704,False,False
O12601,C002,2026-02-21,오픈마켓,패션잡화,169272,11782,157490,False,False
O12602,C002,2026-02-21,오픈마켓,생활용품,136003,6091,0,True,False
O12603,C002,2026-02-21,오픈마켓,패션잡화,293259,17592,275667,False,False
O12604,C002,2026-02-21,오픈마켓,식품,255856,7490,248366,False,False
O12605,C002,2026-02-21,오픈마켓,뷰티,301738,16721,285017,False,False
O12606,C002,2026-02-21,오픈마켓,디지털,231527,11507,220020,False,False
O12607,C002,2026-02-21,오픈마켓,패션잡화,291701,18938,272763,False,False
O12608,C003,2026-02-21,라이브,식품,56979,3209,53770,False,False
O12609,C003,2026-02-21,라이브,뷰티,197070,13026,184044,False,False
O12610,C003,2026-02-21,라이브,디지털,162879,9882,152997,False,False
O12611,C003,2026-02-21,라이브,뷰티,223974,10681,213293,False,False
O12612,C003,2026-02-21,라이브,패션잡화,273078,11740,261338,False,False
O12613,C003,2026-02-21,라이브,패션잡화,369449,12391,357058,False,False
O12614,C003,2026-02-21,라이브,뷰티,318187,20163,298024,False,False
O12615,C003,2026-02-21,라이브,패션잡화,228483,5778,222705,False,False
O12616,C003,2026-02-21,라이브,생활용품,411788,16448,395340,False,True
O12617,C003,2026-02-21,라이브,디지털,313688,17617,296071,False,False
O12618,C003,2026-02-21,라이브,뷰티,272651,13699,258952,False,False
O12619,C003,2026-02-21,라이브,패션잡화,38435,1431,37004,False,False
O12620,C003,2026-02-21,라이브,디지털,164872,6754,158118,False,False
O12621,C003,2026-02-21,라이브,생활용품,284101,18557,265544,False,False
O12622,C003,2026-02-21,라이브,뷰티,205791,10518,195273,False,False
O12623,C003,2026-02-21,라이브,패션잡화,410890,28587,382303,False,False
O12624,C004,2026-02-21,오픈마켓,생활용품,44902,2906,41996,False,False
O12625,C004,2026-02-21,오픈마켓,디지털,42273,2242,40031,False,False
O12626,C004,2026-02-21,오픈마켓,식품,112492,6717,105775,False,False
O12627,C004,2026-02-21,오픈마켓,뷰티,118554,3007,115547,False,False
O12628,C004,2026-02-21,오픈마켓,디지털,167992,10359,157633,False,False
O12629,C004,2026-02-21,오픈마켓,식품,303802,14795,289007,False,False
O12630,C004,2026-02-21,오픈마켓,패션잡화,97086,3208,93878,False,False
O12631,C004,2026-02-21,오픈마켓,뷰티,271059,12255,258804,False,False
O12632,C004,2026-02-21,오픈마켓,디지털,285046,9321,275725,False,False
O12633,C005,2026-02-21,자사몰,식품,271527,10909,0,True,False
O12634,C005,2026-02-21,자사몰,패션잡화,362054,9107,352947,False,False
O12635,C005,2026-02-21,자사몰,디지털,40037,1842,38195,False,False
O12636,C005,2026-02-21,자사몰,패션잡화,293076,18015,275061,False,False
O12637,C005,2026-02-21,자사몰,디지털,157705,5286,152419,False,False
O12638,C005,2026-02-21,자사몰,생활용품,307686,8273,299413,False,False
O12639,C005,2026-02-21,자사몰,패션잡화,100483,5175,95308,False,False
O12640,C005,2026-02-21,자사몰,식품,261174,6728,254446,False,False
O12641,C005,2026-02-21,자사몰,식품,369761,23704,346057,False,False
O12642,C005,2026-02-21,자사몰,식품,406256,27412,378844,False,False
O12643,C005,2026-02-21,자사몰,생활용품,265207,19396,245811,False,False
O12644,C005,2026-02-21,자사몰,생활용품,371377,10414,360963,False,True
O12645,C001,2026-02-22,자사몰,생활용품,273273,19835,253438,False,False
O12646,C001,2026-02-22,자사몰,생활용품,396589,16086,380503,False,False
O12647,C001,2026-02-22,자사몰,생활용품,151428,8621,142807,False,False
O12648,C001,2026-02-22,자사몰,패션잡화,37886,1030,36856,False,False
O12649,C001,2026-02-22,자사몰,디지털,139779,6312,133467,False,False
O12650,C001,2026-02-22,자사몰,생활용품,229936,10217,219719,False,False
O12651,C001,2026-02-22,자사몰,뷰티,277930,17120,260810,False,False
O12652,C001,2026-02-22,자사몰,생활용품,98869,4704,0,True,False
O12653,C002,2026-02-22,오픈마켓,뷰티,326970,11250,315720,False,False
O12654,C002,2026-02-22,오픈마켓,식품,66967,4345,62622,False,False
O12655,C002,2026-02-22,오픈마켓,디지털,83217,6198,0,True,False
O12656,C002,2026-02-22,오픈마켓,식품,63013,1633,61380,False,False
O12657,C002,2026-02-22,오픈마켓,식품,74066,2736,71330,False,False
O12658,C002,2026-02-22,오픈마켓,패션잡화,337960,18416,319544,False,False
O12659,C002,2026-02-22,오픈마켓,생활용품,263608,12793,250815,False,False
O12660,C002,2026-02-22,오픈마켓,패션잡화,344639,12961,331678,False,False
O12661,C002,2026-02-22,오픈마켓,패션잡화,322774,16197,306577,False,False
O12662,C002,2026-02-22,오픈마켓,패션잡화,181754,8916,172838,False,False
O12663,C002,2026-02-22,오픈마켓,디지털,257739,18670,239069,False,False
O12664,C002,2026-02-22,오픈마켓,디지털,174470,6258,168212,False,False
O12665,C002,2026-02-22,오픈마켓,패션잡화,286354,11079,275275,False,False
O12666,C002,2026-02-22,오픈마켓,뷰티,268664,7277,261387,False,False
O12667,C002,2026-02-22,오픈마켓,뷰티,233324,10032,223292,False,False
O12668,C002,2026-02-22,오픈마켓,뷰티,74716,2758,71958,False,False
O12669,C003,2026-02-22,라이브,뷰티,170317,8445,161872,False,False
O12670,C003,2026-02-22,라이브,뷰티,307454,13781,293673,False,False
O12671,C003,2026-02-22,라이브,디지털,161819,6712,155107,False,False
O12672,C003,2026-02-22,라이브,디지털,208392,12533,195859,False,False
O12673,C003,2026-02-22,라이브,생활용품,162242,4830,157412,False,False
O12674,C003,2026-02-22,라이브,뷰티,50700,1522,49178,False,False
O12675,C003,2026-02-22,라이브,패션잡화,364209,19724,344485,False,False
O12676,C004,2026-02-22,오픈마켓,패션잡화,196875,11835,185040,False,False
O12677,C004,2026-02-22,오픈마켓,패션잡화,88094,3456,84638,False,False
O12678,C004,2026-02-22,오픈마켓,패션잡화,357710,10552,347158,False,False
O12679,C004,2026-02-22,오픈마켓,생활용품,313358,15351,298007,False,False
O12680,C004,2026-02-22,오픈마켓,생활용품,69182,2277,66905,False,False
O12681,C004,2026-02-22,오픈마켓,디지털,33646,1226,32420,False,False
O12682,C004,2026-02-22,오픈마켓,패션잡화,316941,18801,298140,False,False
O12683,C004,2026-02-22,오픈마켓,생활용품,132278,7951,124327,False,False
O12684,C004,2026-02-22,오픈마켓,디지털,76494,4040,72454,False,False
O12685,C004,2026-02-22,오픈마켓,뷰티,211697,9808,201889,False,False
O12686,C004,2026-02-22,오픈마켓,패션잡화,139639,7613,132026,False,False
O12687,C004,2026-02-22,오픈마켓,뷰티,353291,11648,341643,False,False
O12688,C004,2026-02-22,오픈마켓,식품,298868,9075,289793,False,False
O12689,C004,2026-02-22,오픈마켓,식품,367622,11942,355680,False,False
O12690,C004,2026-02-22,오픈마켓,디지털,110581,4858,105723,False,False
O12691,C005,2026-02-22,자사몰,디지털,126947,6898,120049,False,False
O12692,C005,2026-02-22,자사몰,식품,95320,5683,89637,False,False
O12693,C005,2026-02-22,자사몰,생활용품,158831,9942,148889,False,False
O12694,C005,2026-02-22,자사몰,디지털,140288,4598,135690,False,False
O12695,C005,2026-02-22,자사몰,뷰티,178006,10391,167615,False,False
O12696,C005,2026-02-22,자사몰,디지털,298720,17121,281599,False,False
O12697,C005,2026-02-22,자사몰,디지털,109514,5543,103971,False,False
O12698,C005,2026-02-22,자사몰,식품,205590,11696,193894,False,False
O12699,C005,2026-02-22,자사몰,식품,226359,7788,218571,False,False
O12700,C005,2026-02-22,자사몰,뷰티,373707,13204,360503,False,False
O12701,C005,2026-02-22,자사몰,패션잡화,296180,20566,275614,False,False
O12702,C005,2026-02-22,자사몰,식품,323089,21658,301431,False,False
O12703,C001,2026-02-23,자사몰,패션잡화,79694,3875,75819,False,False
O12704,C001,2026-02-23,자사몰,식품,182841,13488,169353,False,False
O12705,C001,2026-02-23,자사몰,식품,307948,14705,293243,False,False
O12706,C001,2026-02-23,자사몰,뷰티,287623,14272,273351,False,True
O12707,C001,2026-02-23,자사몰,디지털,187986,12925,175061,False,False
O12708,C001,2026-02-23,자사몰,뷰티,330649,17098,313551,False,False
O12709,C001,2026-02-23,자사몰,디지털,127819,7279,120540,False,False
O12710,C001,2026-02-23,자사몰,패션잡화,182368,11907,170461,False,False
O12711,C001,2026-02-23,자사몰,생활용품,335972,9583,326389,False,False
O12712,C001,2026-02-23,자사몰,식품,402485,22718,379767,False,False
O12713,C001,2026-02-23,자사몰,디지털,55858,4182,51676,False,False
O12714,C001,2026-02-23,자사몰,뷰티,173034,8638,164396,False,False
O12715,C001,2026-02-23,자사몰,생활용품,372026,20872,351154,False,False
O12716,C002,2026-02-23,오픈마켓,디지털,286772,11062,275710,False,False
O12717,C002,2026-02-23,오픈마켓,뷰티,41753,1113,40640,False,False
O12718,C002,2026-02-23,오픈마켓,디지털,157879,4672,153207,False,False
O12719,C002,2026-02-23,오픈마켓,생활용품,55320,3467,51853,False,False
O12720,C002,2026-02-23,오픈마켓,디지털,312396,14052,298344,False,False
O12721,C002,2026-02-23,오픈마켓,식품,333960,21181,312779,False,True
O12722,C002,2026-02-23,오픈마켓,식품,130796,4581,0,True,False
O12723,C002,2026-02-23,오픈마켓,뷰티,191996,13452,178544,False,False
O12724,C002,2026-02-23,오픈마켓,디지털,224190,9525,214665,False,False
O12725,C002,2026-02-23,오픈마켓,패션잡화,79574,3495,76079,False,True
O12726,C002,2026-02-23,오픈마켓,디지털,419258,28534,0,True,False
O12727,C002,2026-02-23,오픈마켓,디지털,130505,4174,126331,False,False
O12728,C002,2026-02-23,오픈마켓,뷰티,116187,6083,110104,False,False
O12729,C002,2026-02-23,오픈마켓,패션잡화,50470,2738,47732,False,False
O12730,C002,2026-02-23,오픈마켓,생활용품,363029,11530,351499,False,False
O12731,C002,2026-02-23,오픈마켓,식품,35559,2324,33235,False,False
O12732,C003,2026-02-23,라이브,뷰티,218249,11757,206492,False,False
O12733,C003,2026-02-23,라이브,뷰티,197569,13809,183760,False,False
O12734,C003,2026-02-23,라이브,뷰티,199243,11240,188003,False,False
O12735,C003,2026-02-23,라이브,식품,55475,2714,52761,False,False
O12736,C003,2026-02-23,라이브,뷰티,259837,14159,245678,False,False
O12737,C003,2026-02-23,라이브,뷰티,229598,8823,0,True,False
O12738,C003,2026-02-23,라이브,생활용품,152654,9619,143035,False,False
O12739,C003,2026-02-23,라이브,패션잡화,222924,10323,212601,False,False
O12740,C004,2026-02-23,오픈마켓,디지털,261768,18299,243469,False,False
O12741,C004,2026-02-23,오픈마켓,디지털,413989,28446,385543,False,False
O12742,C004,2026-02-23,오픈마켓,패션잡화,274751,13975,260776,False,False
O12743,C004,2026-02-23,오픈마켓,디지털,257532,8854,248678,False,False
O12744,C004,2026-02-23,오픈마켓,뷰티,380210,21901,358309,False,False
O12745,C005,2026-02-23,자사몰,뷰티,355915,13719,342196,False,False
O12746,C005,2026-02-23,자사몰,식품,134567,5807,128760,False,False
O12747,C005,2026-02-23,자사몰,식품,198739,5121,0,True,False
O12748,C005,2026-02-23,자사몰,식품,212104,13540,198564,False,False
O12749,C005,2026-02-23,자사몰,식품,372178,27569,344609,False,False
O12750,C005,2026-02-23,자사몰,뷰티,118462,8200,110262,False,False
O12751,C005,2026-02-23,자사몰,패션잡화,172129,6283,165846,False,False
O12752,C005,2026-02-23,자사몰,식품,36829,1130,35699,False,False
O12753,C005,2026-02-23,자사몰,뷰티,65216,4531,60685,False,False
O12754,C005,2026-02-23,자사몰,생활용품,112139,6133,106006,False,False
O12755,C005,2026-02-23,자사몰,디지털,139214,9321,129893,False,False
O12756,C005,2026-02-23,자사몰,디지털,347273,21777,325496,False,False
O12757,C005,2026-02-23,자사몰,디지털,357889,17754,340135,False,True
O12758,C005,2026-02-23,자사몰,뷰티,278322,8272,270050,False,False
O12759,C001,2026-02-24,자사몰,디지털,388132,12508,375624,False,False
O12760,C001,2026-02-24,자사몰,뷰티,156181,10565,145616,False,False
O12761,C001,2026-02-24,자사몰,디지털,187324,5285,182039,False,False
O12762,C001,2026-02-24,자사몰,디지털,96297,3196,93101,False,False
O12763,C001,2026-02-24,자사몰,패션잡화,186426,7300,179126,False,False
O12764,C001,2026-02-24,자사몰,뷰티,374513,24857,349656,False,False
O12765,C001,2026-02-24,자사몰,뷰티,349164,10957,338207,False,False
O12766,C002,2026-02-24,오픈마켓,생활용품,124764,4090,120674,False,False
O12767,C002,2026-02-24,오픈마켓,식품,268472,8760,259712,False,False
O12768,C002,2026-02-24,오픈마켓,생활용품,278885,14168,264717,False,False
O12769,C002,2026-02-24,오픈마켓,디지털,50529,3016,47513,False,False
O12770,C003,2026-02-24,라이브,디지털,235860,17332,218528,False,False
O12771,C003,2026-02-24,라이브,패션잡화,335721,12007,323714,False,False
O12772,C003,2026-02-24,라이브,식품,250234,12589,237645,False,False
O12773,C003,2026-02-24,라이브,생활용품,277714,14277,263437,False,False
O12774,C003,2026-02-24,라이브,디지털,249112,6900,242212,False,False
O12775,C003,2026-02-24,라이브,뷰티,172888,9482,163406,False,False
O12776,C003,2026-02-24,라이브,식품,238534,10767,227767,False,False
O12777,C003,2026-02-24,라이브,뷰티,156738,7981,148757,False,True
O12778,C003,2026-02-24,라이브,패션잡화,217166,6591,210575,False,False
O12779,C003,2026-02-24,라이브,뷰티,178329,13275,165054,False,False
O12780,C003,2026-02-24,라이브,뷰티,289183,12039,277144,False,False
O12781,C003,2026-02-24,라이브,패션잡화,289902,20071,269831,False,False
O12782,C003,2026-02-24,라이브,뷰티,139295,4462,134833,False,False
O12783,C003,2026-02-24,라이브,뷰티,194687,7050,187637,False,False
O12784,C004,2026-02-24,오픈마켓,뷰티,284190,13115,271075,False,False
O12785,C004,2026-02-24,오픈마켓,디지털,270967,11232,259735,False,False
O12786,C004,2026-02-24,오픈마켓,식품,260344,17340,243004,False,False
O12787,C004,2026-02-24,오픈마켓,뷰티,256470,11867,244603,False,False
O12788,C004,2026-02-24,오픈마켓,패션잡화,298915,11183,287732,False,False
O12789,C004,2026-02-24,오픈마켓,패션잡화,326964,10481,316483,False,False
O12790,C004,2026-02-24,오픈마켓,생활용품,210234,14857,195377,False,False
O12791,C005,2026-02-24,자사몰,디지털,128683,9128,119555,False,False
O12792,C005,2026-02-24,자사몰,식품,106445,7614,98831,False,False
O12793,C005,2026-02-24,자사몰,식품,85561,3896,81665,False,False
O12794,C005,2026-02-24,자사몰,식품,285570,8217,277353,False,False
O12795,C005,2026-02-24,자사몰,식품,127614,8985,118629,False,False
O12796,C005,2026-02-24,자사몰,식품,400676,16935,383741,False,False
O12797,C005,2026-02-24,자사몰,뷰티,417469,23029,394440,False,True
O12798,C005,2026-02-24,자사몰,생활용품,295041,21349,0,True,False
O12799,C005,2026-02-24,자사몰,디지털,133642,9315,124327,False,False
O12800,C005,2026-02-24,자사몰,뷰티,97053,6545,90508,False,False
O12801,C005,2026-02-24,자사몰,식품,390876,11775,379101,False,False
O12802,C005,2026-02-24,자사몰,뷰티,163430,9979,153451,False,False
O12803,C005,2026-02-24,자사몰,식품,161173,4769,156404,False,False
O12804,C005,2026-02-24,자사몰,패션잡화,208621,9230,199391,False,False
O12805,C005,2026-02-24,자사몰,뷰티,389956,9893,380063,False,False
O12806,C001,2026-02-25,자사몰,디지털,109944,7433,102511,False,True
O12807,C001,2026-02-25,자사몰,식품,394848,12125,382723,False,False
O12808,C001,2026-02-25,자사몰,디지털,58358,3936,54422,False,False
O12809,C001,2026-02-25,자사몰,식품,37452,2618,34834,False,False
O12810,C001,2026-02-25,자사몰,식품,365750,23425,342325,False,False
O12811,C001,2026-02-25,자사몰,식품,263176,6613,256563,False,False
O12812,C001,2026-02-25,자사몰,디지털,69329,3764,65565,False,False
O12813,C001,2026-02-25,자사몰,패션잡화,183787,8190,175597,False,False
O12814,C001,2026-02-25,자사몰,패션잡화,368989,9487,359502,False,False
O12815,C001,2026-02-25,자사몰,패션잡화,263948,17311,246637,False,False
O12816,C001,2026-02-25,자사몰,디지털,389298,24422,364876,False,False
O12817,C001,2026-02-25,자사몰,생활용품,152937,5202,147735,False,False
O12818,C001,2026-02-25,자사몰,디지털,364667,14723,349944,False,False
O12819,C001,2026-02-25,자사몰,생활용품,393109,28604,364505,False,False
O12820,C002,2026-02-25,오픈마켓,뷰티,239564,8235,231329,False,False
O12821,C002,2026-02-25,오픈마켓,생활용품,347868,10422,337446,False,False
O12822,C002,2026-02-25,오픈마켓,디지털,270809,9525,261284,False,False
O12823,C002,2026-02-25,오픈마켓,생활용품,185564,9473,176091,False,False
O12824,C002,2026-02-25,오픈마켓,패션잡화,280864,11219,269645,False,False
O12825,C002,2026-02-25,오픈마켓,디지털,301764,19671,282093,False,False
O12826,C002,2026-02-25,오픈마켓,뷰티,407629,16694,390935,False,False
O12827,C002,2026-02-25,오픈마켓,디지털,165002,6089,158913,False,False
O12828,C002,2026-02-25,오픈마켓,패션잡화,143854,7587,136267,False,False
O12829,C002,2026-02-25,오픈마켓,식품,54574,1372,53202,False,True
O12830,C002,2026-02-25,오픈마켓,패션잡화,400234,14481,385753,False,False
O12831,C002,2026-02-25,오픈마켓,디지털,337037,25028,312009,False,False
O12832,C002,2026-02-25,오픈마켓,패션잡화,295151,21010,274141,False,False
O12833,C003,2026-02-25,라이브,뷰티,194919,12722,182197,False,True
O12834,C003,2026-02-25,라이브,디지털,217991,7263,210728,False,False
O12835,C003,2026-02-25,라이브,디지털,133067,7224,125843,False,False
O12836,C003,2026-02-25,라이브,식품,123530,7683,115847,False,False
O12837,C003,2026-02-25,라이브,생활용품,152205,10429,141776,False,False
O12838,C003,2026-02-25,라이브,패션잡화,216658,13794,202864,False,False
O12839,C003,2026-02-25,라이브,식품,253490,15412,238078,False,False
O12840,C003,2026-02-25,라이브,패션잡화,298230,12207,286023,False,False
O12841,C003,2026-02-25,라이브,패션잡화,353439,10760,342679,False,False
O12842,C004,2026-02-25,오픈마켓,디지털,63488,2707,60781,False,False
O12843,C004,2026-02-25,오픈마켓,식품,80061,3960,76101,False,False
O12844,C004,2026-02-25,오픈마켓,식품,209206,12940,196266,False,False
O12845,C004,2026-02-25,오픈마켓,뷰티,107939,2780,105159,False,False
O12846,C004,2026-02-25,오픈마켓,생활용품,396741,14163,382578,False,False
O12847,C004,2026-02-25,오픈마켓,생활용품,162888,4996,157892,False,False
O12848,C004,2026-02-25,오픈마켓,디지털,410867,30100,380767,False,False
O12849,C004,2026-02-25,오픈마켓,패션잡화,184236,6725,177511,False,False
O12850,C004,2026-02-25,오픈마켓,생활용품,59883,2123,57760,False,False
O12851,C005,2026-02-25,자사몰,패션잡화,367094,20973,346121,False,False
O12852,C005,2026-02-25,자사몰,식품,103384,5564,97820,False,False
O12853,C005,2026-02-25,자사몰,뷰티,195573,10143,185430,False,False
O12854,C005,2026-02-25,자사몰,패션잡화,125558,3537,0,True,False
O12855,C005,2026-02-25,자사몰,생활용품,133799,5242,128557,False,False
O12856,C005,2026-02-25,자사몰,생활용품,356217,25580,330637,False,False
O12857,C005,2026-02-25,자사몰,디지털,404187,29746,374441,False,False
O12858,C005,2026-02-25,자사몰,생활용품,236278,15990,220288,False,False
O12859,C005,2026-02-25,자사몰,디지털,112788,3623,109165,False,False
O12860,C005,2026-02-25,자사몰,식품,82299,4696,77603,False,False
O12861,C005,2026-02-25,자사몰,디지털,146677,4014,142663,False,False
O12862,C005,2026-02-25,자사몰,식품,98285,6070,92215,False,False
O12863,C005,2026-02-25,자사몰,디지털,156621,11131,145490,False,False
O12864,C005,2026-02-25,자사몰,생활용품,221104,13984,207120,False,False
O12865,C001,2026-02-26,자사몰,디지털,359569,21919,337650,False,False
O12866,C001,2026-02-26,자사몰,생활용품,80820,3901,76919,False,False
O12867,C001,2026-02-26,자사몰,디지털,224384,9238,215146,False,False
O12868,C001,2026-02-26,자사몰,뷰티,393381,27489,365892,False,False
O12869,C001,2026-02-26,자사몰,뷰티,356794,19462,337332,False,False
O12870,C002,2026-02-26,오픈마켓,디지털,391717,13121,378596,False,False
O12871,C002,2026-02-26,오픈마켓,생활용품,304445,21663,282782,False,False
O12872,C002,2026-02-26,오픈마켓,패션잡화,118961,4081,114880,False,False
O12873,C002,2026-02-26,오픈마켓,디지털,356013,10155,345858,False,False
O12874,C003,2026-02-26,라이브,식품,304779,12539,292240,False,False
O12875,C003,2026-02-26,라이브,생활용품,411507,19301,392206,False,False
O12876,C003,2026-02-26,라이브,패션잡화,201507,11187,190320,False,False
O12877,C003,2026-02-26,라이브,패션잡화,322232,14126,308106,False,False
O12878,C003,2026-02-26,라이브,디지털,146689,7890,138799,False,False
O12879,C003,2026-02-26,라이브,디지털,207956,5938,202018,False,False
O12880,C003,2026-02-26,라이브,뷰티,289997,9907,280090,False,False
O12881,C003,2026-02-26,라이브,디지털,220198,7048,213150,False,False
O12882,C003,2026-02-26,라이브,뷰티,63388,4374,59014,False,False
O12883,C003,2026-02-26,라이브,디지털,311920,12392,299528,False,False
O12884,C003,2026-02-26,라이브,생활용품,244560,18333,0,True,False
O12885,C003,2026-02-26,라이브,디지털,331774,14339,317435,False,False
O12886,C004,2026-02-26,오픈마켓,식품,231165,5825,225340,False,False
O12887,C004,2026-02-26,오픈마켓,뷰티,124131,6049,118082,False,False
O12888,C004,2026-02-26,오픈마켓,디지털,177811,8081,169730,False,False
O12889,C004,2026-02-26,오픈마켓,디지털,266930,11577,0,True,False
O12890,C004,2026-02-26,오픈마켓,디지털,103519,7593,95926,False,False
O12891,C004,2026-02-26,오픈마켓,디지털,155031,4498,150533,False,False
O12892,C004,2026-02-26,오픈마켓,뷰티,328829,12064,316765,False,False
O12893,C004,2026-02-26,오픈마켓,생활용품,147761,9096,138665,False,False
O12894,C004,2026-02-26,오픈마켓,식품,87568,2228,85340,False,False
O12895,C004,2026-02-26,오픈마켓,디지털,107199,3019,104180,False,False
O12896,C004,2026-02-26,오픈마켓,뷰티,299548,17575,281973,False,False
O12897,C004,2026-02-26,오픈마켓,디지털,212104,5486,206618,False,False
O12898,C004,2026-02-26,오픈마켓,뷰티,290456,10030,280426,False,False
O12899,C004,2026-02-26,오픈마켓,뷰티,90674,6008,84666,False,False
O12900,C004,2026-02-26,오픈마켓,뷰티,177208,9613,167595,False,False
O12901,C004,2026-02-26,오픈마켓,패션잡화,275966,8959,267007,False,False
O12902,C005,2026-02-26,자사몰,디지털,208772,7502,201270,False,False
O12903,C005,2026-02-26,자사몰,뷰티,119196,5143,114053,False,True
O12904,C005,2026-02-26,자사몰,뷰티,300689,8926,291763,False,False
O12905,C005,2026-02-26,자사몰,디지털,115988,6291,109697,False,False
O12906,C005,2026-02-26,자사몰,식품,255923,11120,244803,False,False
O12907,C005,2026-02-26,자사몰,패션잡화,394230,12199,382031,False,False
O12908,C005,2026-02-26,자사몰,뷰티,192320,10706,181614,False,False
O12909,C005,2026-02-26,자사몰,생활용품,136933,9987,126946,False,False
O12910,C001,2026-02-27,자사몰,뷰티,154063,6857,147206,False,False
O12911,C001,2026-02-27,자사몰,뷰티,372460,11539,360921,False,False
O12912,C001,2026-02-27,자사몰,패션잡화,210862,10251,200611,False,False
O12913,C001,2026-02-27,자사몰,패션잡화,35796,1029,34767,False,False
O12914,C001,2026-02-27,자사몰,디지털,107267,6139,101128,False,False
O12915,C001,2026-02-27,자사몰,식품,325233,15114,310119,False,False
O12916,C001,2026-02-27,자사몰,뷰티,270375,13565,256810,False,False
O12917,C001,2026-02-27,자사몰,생활용품,337049,23209,313840,False,False
O12918,C001,2026-02-27,자사몰,패션잡화,237071,5957,231114,False,False
O12919,C001,2026-02-27,자사몰,디지털,116220,3659,112561,False,False
O12920,C002,2026-02-27,오픈마켓,뷰티,305654,10658,294996,False,False
O12921,C002,2026-02-27,오픈마켓,뷰티,397572,21688,375884,False,False
O12922,C002,2026-02-27,오픈마켓,식품,259626,18587,241039,False,False
O12923,C002,2026-02-27,오픈마켓,뷰티,239563,7250,232313,False,False
O12924,C002,2026-02-27,오픈마켓,생활용품,219027,5929,213098,False,False
O12925,C002,2026-02-27,오픈마켓,뷰티,134444,8130,126314,False,False
O12926,C002,2026-02-27,오픈마켓,패션잡화,305930,7688,298242,False,False
O12927,C002,2026-02-27,오픈마켓,패션잡화,186314,11728,174586,False,False
O12928,C002,2026-02-27,오픈마켓,식품,96160,5280,90880,False,False
O12929,C002,2026-02-27,오픈마켓,뷰티,145539,5979,139560,False,False
O12930,C002,2026-02-27,오픈마켓,패션잡화,244979,14559,230420,False,False
O12931,C002,2026-02-27,오픈마켓,생활용품,201462,6785,194677,False,False
O12932,C002,2026-02-27,오픈마켓,디지털,104934,3302,101632,False,False
O12933,C003,2026-02-27,라이브,생활용품,337369,10718,326651,False,False
O12934,C003,2026-02-27,라이브,패션잡화,341609,15370,326239,False,False
O12935,C003,2026-02-27,라이브,식품,215708,13806,201902,False,False
O12936,C003,2026-02-27,라이브,뷰티,155040,6661,148379,False,False
O12937,C003,2026-02-27,라이브,패션잡화,373768,13180,360588,False,False
O12938,C003,2026-02-27,라이브,생활용품,111779,3786,107993,False,True
O12939,C003,2026-02-27,라이브,뷰티,115569,7770,107799,False,False
O12940,C003,2026-02-27,라이브,식품,58686,3604,55082,False,False
O12941,C003,2026-02-27,라이브,생활용품,307367,12480,294887,False,False
O12942,C003,2026-02-27,라이브,생활용품,260682,16214,244468,False,False
O12943,C004,2026-02-27,오픈마켓,디지털,191932,6803,185129,False,False
O12944,C004,2026-02-27,오픈마켓,패션잡화,370091,26689,343402,False,False
O12945,C004,2026-02-27,오픈마켓,생활용품,242939,15925,227014,False,False
O12946,C004,2026-02-27,오픈마켓,디지털,341529,17333,324196,False,False
O12947,C004,2026-02-27,오픈마켓,패션잡화,237482,16293,221189,False,False
O12948,C004,2026-02-27,오픈마켓,디지털,337508,24878,312630,False,True
O12949,C004,2026-02-27,오픈마켓,패션잡화,191067,6637,184430,False,False
O12950,C004,2026-02-27,오픈마켓,식품,408892,14724,394168,False,False
O12951,C004,2026-02-27,오픈마켓,패션잡화,402915,25675,377240,False,False
O12952,C004,2026-02-27,오픈마켓,생활용품,152459,8260,144199,False,False
O12953,C004,2026-02-27,오픈마켓,디지털,328343,20469,307874,False,False
O12954,C004,2026-02-27,오픈마켓,식품,199886,7352,192534,False,False
O12955,C004,2026-02-27,오픈마켓,디지털,212883,7170,205713,False,False
O12956,C005,2026-02-27,자사몰,패션잡화,101924,4934,96990,False,False
O12957,C005,2026-02-27,자사몰,뷰티,309694,22078,287616,False,False
O12958,C005,2026-02-27,자사몰,패션잡화,276169,19147,257022,False,True
O12959,C005,2026-02-27,자사몰,생활용품,410439,25720,384719,False,False
O12960,C005,2026-02-27,자사몰,패션잡화,316438,12803,303635,False,False
O12961,C005,2026-02-27,자사몰,뷰티,399248,26677,372571,False,False
O12962,C005,2026-02-27,자사몰,디지털,407592,29137,378455,False,False
O12963,C005,2026-02-27,자사몰,패션잡화,333463,23451,310012,False,False
O12964,C005,2026-02-27,자사몰,디지털,116369,6086,110283,False,False
O12965,C001,2026-02-28,자사몰,뷰티,265712,18424,247288,False,False
O12966,C001,2026-02-28,자사몰,패션잡화,347427,17162,330265,False,False
O12967,C001,2026-02-28,자사몰,식품,94877,4664,90213,False,False
O12968,C001,2026-02-28,자사몰,디지털,370659,24330,346329,False,False
O12969,C001,2026-02-28,자사몰,뷰티,367634,27436,340198,False,False
O12970,C001,2026-02-28,자사몰,생활용품,165828,5163,160665,False,False
O12971,C001,2026-02-28,자사몰,식품,183047,6761,176286,False,False
O12972,C001,2026-02-28,자사몰,식품,271657,12772,258885,False,False
O12973,C001,2026-02-28,자사몰,디지털,334735,13204,321531,False,False
O12974,C001,2026-02-28,자사몰,디지털,260706,12100,0,True,False
O12975,C001,2026-02-28,자사몰,식품,144067,6593,137474,False,False
O12976,C001,2026-02-28,자사몰,디지털,110735,4877,105858,False,False
O12977,C001,2026-02-28,자사몰,식품,205166,6983,198183,False,False
O12978,C001,2026-02-28,자사몰,생활용품,77649,2466,0,True,False
O12979,C001,2026-02-28,자사몰,디지털,255088,6620,248468,False,False
O12980,C002,2026-02-28,오픈마켓,패션잡화,255726,8184,247542,False,False
O12981,C002,2026-02-28,오픈마켓,패션잡화,151227,9308,141919,False,False
O12982,C002,2026-02-28,오픈마켓,디지털,62954,4012,58942,False,False
O12983,C002,2026-02-28,오픈마켓,뷰티,337201,8745,328456,False,False
O12984,C003,2026-02-28,라이브,생활용품,142795,7096,135699,False,False
O12985,C003,2026-02-28,라이브,뷰티,224993,9435,215558,False,False
O12986,C003,2026-02-28,라이브,뷰티,104864,6961,97903,False,False
O12987,C003,2026-02-28,라이브,뷰티,224519,14042,210477,False,False
O12988,C003,2026-02-28,라이브,생활용품,92810,3414,89396,False,False
O12989,C003,2026-02-28,라이브,생활용품,373219,20108,0,True,False
O12990,C003,2026-02-28,라이브,패션잡화,285500,16556,0,True,False
O12991,C003,2026-02-28,라이브,뷰티,90391,4034,86357,False,False
O12992,C003,2026-02-28,라이브,패션잡화,137843,10285,127558,False,False
O12993,C003,2026-02-28,라이브,생활용품,251094,14883,236211,False,False
O12994,C003,2026-02-28,라이브,패션잡화,63829,4387,59442,False,False
O12995,C003,2026-02-28,라이브,패션잡화,414654,13307,401347,False,False
O12996,C003,2026-02-28,라이브,패션잡화,254907,7917,246990,False,False
O12997,C004,2026-02-28,오픈마켓,디지털,362741,24280,338461,False,True
O12998,C004,2026-02-28,오픈마켓,디지털,330106,17185,312921,False,False
O12999,C004,2026-02-28,오픈마켓,생활용품,244472,14093,230379,False,True
O13000,C004,2026-02-28,오픈마켓,디지털,136915,4789,132126,False,True
O13001,C004,2026-02-28,오픈마켓,뷰티,135430,5674,129756,False,False
O13002,C004,2026-02-28,오픈마켓,디지털,296798,17583,279215,False,False
O13003,C004,2026-02-28,오픈마켓,생활용품,118272,6633,111639,False,False
O13004,C004,2026-02-28,오픈마켓,식품,168053,10203,157850,False,False
O13005,C004,2026-02-28,오픈마켓,디지털,213872,11848,202024,False,False
O13006,C004,2026-02-28,오픈마켓,식품,89955,3659,86296,False,False
O13007,C004,2026-02-28,오픈마켓,생활용품,198394,8394,190000,False,False
O13008,C004,2026-02-28,오픈마켓,식품,198335,8987,189348,False,False
O13009,C004,2026-02-28,오픈마켓,뷰티,72252,2248,70004,False,False
O13010,C004,2026-02-28,오픈마켓,패션잡화,123875,3642,120233,False,True
O13011,C004,2026-02-28,오픈마켓,디지털,38661,2742,35919,False,False
O13012,C004,2026-02-28,오픈마켓,생활용품,103829,7105,96724,False,False
O13013,C005,2026-02-28,자사몰,패션잡화,223519,7545,215974,False,False
O13014,C005,2026-02-28,자사몰,식품,274153,20133,254020,False,False
O13015,C005,2026-02-28,자사몰,생활용품,273177,13882,259295,False,False
O13016,C005,2026-02-28,자사몰,패션잡화,163051,6005,157046,False,False
O13017,C005,2026-02-28,자사몰,뷰티,364519,11561,352958,False,False
O13018,C005,2026-02-28,자사몰,뷰티,58103,2205,55898,False,False
O13019,C005,2026-02-28,자사몰,패션잡화,314412,14409,300003,False,False
O13020,C005,2026-02-28,자사몰,뷰티,325652,22695,302957,False,False
O13021,C005,2026-02-28,자사몰,생활용품,37524,1367,36157,False,False
O13022,C005,2026-02-28,자사몰,패션잡화,383860,21913,361947,False,False
O13023,C005,2026-02-28,자사몰,생활용품,49311,1834,47477,False,False
O13024,C005,2026-02-28,자사몰,패션잡화,380773,12182,368591,False,False
O13025,C005,2026-02-28,자사몰,패션잡화,210336,14237,196099,False,False
O13026,C005,2026-02-28,자사몰,식품,55041,3715,51326,False,False
O13027,C005,2026-02-28,자사몰,디지털,49635,1550,48085,False,False
O13028,C005,2026-02-28,자사몰,디지털,161887,10098,151789,False,False
O13029,C001,2026-03-01,자사몰,뷰티,123554,6327,0,True,False
O13030,C001,2026-03-01,자사몰,식품,360684,9406,351278,False,False
O13031,C001,2026-03-01,자사몰,생활용품,183193,5825,177368,False,False
O13032,C001,2026-03-01,자사몰,패션잡화,168320,6827,161493,False,False
O13033,C001,2026-03-01,자사몰,디지털,149554,10164,139390,False,False
O13034,C002,2026-03-01,오픈마켓,뷰티,61799,3653,58146,False,False
O13035,C002,2026-03-01,오픈마켓,패션잡화,60344,4115,56229,False,False
O13036,C002,2026-03-01,오픈마켓,식품,181888,12570,0,True,False
O13037,C002,2026-03-01,오픈마켓,생활용품,141221,7905,133316,False,False
O13038,C002,2026-03-01,오픈마켓,패션잡화,399530,13995,385535,False,False
O13039,C003,2026-03-01,라이브,생활용품,227627,15720,211907,False,False
O13040,C003,2026-03-01,라이브,패션잡화,88011,2226,85785,False,False
O13041,C003,2026-03-01,라이브,디지털,79206,3461,75745,False,False
O13042,C003,2026-03-01,라이브,뷰티,151224,9248,141976,False,False
O13043,C003,2026-03-01,라이브,식품,396672,18563,378109,False,False
O13044,C003,2026-03-01,라이브,패션잡화,359397,26257,333140,False,False
O13045,C003,2026-03-01,라이브,패션잡화,261512,16400,245112,False,False
O13046,C003,2026-03-01,라이브,뷰티,270367,11159,259208,False,False
O13047,C003,2026-03-01,라이브,패션잡화,343725,21450,322275,False,False
O13048,C003,2026-03-01,라이브,식품,316645,11293,0,True,False
O13049,C003,2026-03-01,라이브,생활용품,290639,21444,269195,False,False
O13050,C003,2026-03-01,라이브,뷰티,388928,26089,362839,False,False
O13051,C003,2026-03-01,라이브,생활용품,244976,9668,235308,False,False
O13052,C003,2026-03-01,라이브,뷰티,312439,9808,302631,False,False
O13053,C004,2026-03-01,오픈마켓,디지털,357833,9574,348259,False,False
O13054,C004,2026-03-01,오픈마켓,생활용품,115144,3908,111236,False,False
O13055,C004,2026-03-01,오픈마켓,식품,362136,21450,340686,False,False
O13056,C004,2026-03-01,오픈마켓,패션잡화,399678,15604,384074,False,False
O13057,C004,2026-03-01,오픈마켓,식품,413306,12361,400945,False,False
O13058,C004,2026-03-01,오픈마켓,디지털,279576,16449,263127,False,False
O13059,C004,2026-03-01,오픈마켓,식품,67136,4138,62998,False,False
O13060,C004,2026-03-01,오픈마켓,디지털,72160,5043,67117,False,False
O13061,C004,2026-03-01,오픈마켓,식품,334149,10366,0,True,False
O13062,C004,2026-03-01,오픈마켓,뷰티,248236,18435,229801,False,False
O13063,C004,2026-03-01,오픈마켓,생활용품,309164,13276,295888,False,False
O13064,C004,2026-03-01,오픈마켓,디지털,372461,13525,0,True,False
O13065,C004,2026-03-01,오픈마켓,패션잡화,177258,13052,0,True,False
O13066,C004,2026-03-01,오픈마켓,식품,58832,3610,55222,False,False
O13067,C004,2026-03-01,오픈마켓,패션잡화,51766,2334,49432,False,False
O13068,C004,2026-03-01,오픈마켓,뷰티,45275,1546,43729,False,False
O13069,C005,2026-03-01,자사몰,뷰티,274181,12718,261463,False,False
O13070,C005,2026-03-01,자사몰,생활용품,328951,12546,316405,False,False
O13071,C005,2026-03-01,자사몰,식품,200277,7460,192817,False,False
O13072,C005,2026-03-01,자사몰,식품,417408,16231,401177,False,True
O13073,C005,2026-03-01,자사몰,뷰티,383573,12250,371323,False,False
O13074,C005,2026-03-01,자사몰,패션잡화,97693,3072,94621,False,False
O13075,C005,2026-03-01,자사몰,디지털,52802,1896,50906,False,False
O13076,C005,2026-03-01,자사몰,뷰티,224280,6894,217386,False,False
O13077,C005,2026-03-01,자사몰,디지털,373025,22150,350875,False,True
O13078,C005,2026-03-01,자사몰,디지털,414160,24882,389278,False,False
O13079,C005,2026-03-01,자사몰,생활용품,243478,7033,236445,False,False
O13080,C005,2026-03-01,자사몰,식품,271935,15402,256533,False,False
O13081,C005,2026-03-01,자사몰,식품,339075,18166,320909,False,True
O13082,C005,2026-03-01,자사몰,디지털,230996,8784,222212,False,False
O13083,C005,2026-03-01,자사몰,뷰티,70870,4963,65907,False,False
O13084,C005,2026-03-01,자사몰,식품,60627,2431,58196,False,False
O13085,C001,2026-03-02,자사몰,뷰티,306751,11271,295480,False,False
O13086,C001,2026-03-02,자사몰,뷰티,171524,8609,162915,False,False
O13087,C001,2026-03-02,자사몰,디지털,319828,11023,308805,False,False
O13088,C001,2026-03-02,자사몰,생활용품,402472,15594,386878,False,False
O13089,C001,2026-03-02,자사몰,식품,193784,13466,180318,False,False
O13090,C001,2026-03-02,자사몰,뷰티,163192,11267,151925,False,False
O13091,C001,2026-03-02,자사몰,식품,255398,15329,240069,False,False
O13092,C001,2026-03-02,자사몰,식품,247685,8289,239396,False,True
O13093,C001,2026-03-02,자사몰,뷰티,309082,9946,299136,False,False
O13094,C001,2026-03-02,자사몰,뷰티,200182,12549,0,True,False
O13095,C001,2026-03-02,자사몰,패션잡화,322421,20152,302269,False,False
O13096,C002,2026-03-02,오픈마켓,패션잡화,203154,6177,196977,False,False
O13097,C002,2026-03-02,오픈마켓,식품,121051,8610,112441,False,False
O13098,C002,2026-03-02,오픈마켓,패션잡화,204005,12537,0,True,False
O13099,C002,2026-03-02,오픈마켓,뷰티,408177,25976,382201,False,False
O13100,C002,2026-03-02,오픈마켓,식품,270240,19391,250849,False,False
O13101,C002,2026-03-02,오픈마켓,생활용품,260959,15952,245007,False,False
O13102,C002,2026-03-02,오픈마켓,패션잡화,111095,4478,106617,False,False
O13103,C002,2026-03-02,오픈마켓,생활용품,309554,9188,300366,False,False
O13104,C002,2026-03-02,오픈마켓,생활용품,374921,16443,358478,False,False
O13105,C002,2026-03-02,오픈마켓,생활용품,330213,10075,320138,False,False
O13106,C002,2026-03-02,오픈마켓,식품,219849,10105,209744,False,False
O13107,C002,2026-03-02,오픈마켓,생활용품,155625,10660,144965,False,False
O13108,C002,2026-03-02,오픈마켓,패션잡화,83039,4249,78790,False,False
O13109,C002,2026-03-02,오픈마켓,식품,166772,9701,157071,False,False
O13110,C003,2026-03-02,라이브,식품,374148,20463,353685,False,False
O13111,C003,2026-03-02,라이브,식품,149033,5532,143501,False,False
O13112,C003,2026-03-02,라이브,생활용품,247732,14133,0,True,False
O13113,C003,2026-03-02,라이브,패션잡화,123149,7118,116031,False,False
O13114,C004,2026-03-02,오픈마켓,생활용품,221631,15740,205891,False,False
O13115,C004,2026-03-02,오픈마켓,패션잡화,244652,11808,232844,False,False
O13116,C004,2026-03-02,오픈마켓,뷰티,155638,5496,0,True,False
O13117,C004,2026-03-02,오픈마켓,식품,175555,10644,164911,False,False
O13118,C004,2026-03-02,오픈마켓,식품,418791,10638,408153,False,False
O13119,C004,2026-03-02,오픈마켓,패션잡화,162025,11406,150619,False,False
O13120,C004,2026-03-02,오픈마켓,뷰티,418684,11752,406932,False,False
O13121,C004,2026-03-02,오픈마켓,패션잡화,271305,6887,264418,False,False
O13122,C004,2026-03-02,오픈마켓,식품,62052,2295,59757,False,False
O13123,C004,2026-03-02,오픈마켓,생활용품,86342,4016,82326,False,False
O13124,C004,2026-03-02,오픈마켓,뷰티,273185,19842,253343,False,False
O13125,C004,2026-03-02,오픈마켓,생활용품,416592,27781,388811,False,True
O13126,C004,2026-03-02,오픈마켓,식품,310939,22971,287968,False,False
O13127,C004,2026-03-02,오픈마켓,생활용품,414911,28461,386450,False,False
O13128,C004,2026-03-02,오픈마켓,생활용품,270534,10586,259948,False,False
O13129,C005,2026-03-02,자사몰,패션잡화,325055,10915,314140,False,False
O13130,C005,2026-03-02,자사몰,뷰티,330392,15160,315232,False,False
O13131,C005,2026-03-02,자사몰,패션잡화,320495,14514,305981,False,False
O13132,C005,2026-03-02,자사몰,디지털,267822,16469,251353,False,False
O13133,C005,2026-03-02,자사몰,생활용품,386130,22250,363880,False,False
O13134,C005,2026-03-02,자사몰,패션잡화,163031,11382,151649,False,False
O13135,C005,2026-03-02,자사몰,식품,293901,15017,278884,False,False
O13136,C001,2026-03-03,자사몰,뷰티,241095,14390,226705,False,False
O13137,C001,2026-03-03,자사몰,식품,50591,1928,48663,False,False
O13138,C001,2026-03-03,자사몰,뷰티,412309,28505,383804,False,False
O13139,C001,2026-03-03,자사몰,식품,125351,3291,122060,False,False
O13140,C002,2026-03-03,오픈마켓,디지털,141471,7490,133981,False,False
O13141,C002,2026-03-03,오픈마켓,디지털,197324,11603,185721,False,False
O13142,C002,2026-03-03,오픈마켓,패션잡화,126896,8508,118388,False,False
O13143,C002,2026-03-03,오픈마켓,생활용품,167880,12146,155734,False,False
O13144,C002,2026-03-03,오픈마켓,생활용품,86708,6378,80330,False,False
O13145,C002,2026-03-03,오픈마켓,패션잡화,74355,5046,69309,False,False
O13146,C002,2026-03-03,오픈마켓,뷰티,343879,20833,323046,False,False
O13147,C002,2026-03-03,오픈마켓,식품,362953,21551,341402,False,False
O13148,C002,2026-03-03,오픈마켓,생활용품,286979,18266,268713,False,False
O13149,C002,2026-03-03,오픈마켓,생활용품,175382,8865,166517,False,False
O13150,C002,2026-03-03,오픈마켓,뷰티,302468,10278,292190,False,False
O13151,C002,2026-03-03,오픈마켓,디지털,412505,26446,386059,False,False
O13152,C002,2026-03-03,오픈마켓,패션잡화,336057,22996,313061,False,False
O13153,C002,2026-03-03,오픈마켓,디지털,167819,7202,160617,False,False
O13154,C002,2026-03-03,오픈마켓,뷰티,248560,16077,232483,False,False
O13155,C003,2026-03-03,라이브,식품,178327,10164,168163,False,False
O13156,C003,2026-03-03,라이브,식품,145980,7962,138018,False,False
O13157,C003,2026-03-03,라이브,생활용품,75895,5548,70347,False,False
O13158,C003,2026-03-03,라이브,식품,69318,3042,66276,False,False
O13159,C003,2026-03-03,라이브,디지털,296345,16009,280336,False,False
O13160,C003,2026-03-03,라이브,생활용품,129039,5597,123442,False,False
O13161,C003,2026-03-03,라이브,생활용품,231782,14635,217147,False,False
O13162,C003,2026-03-03,라이브,디지털,317857,10686,307171,False,False
O13163,C003,2026-03-03,라이브,패션잡화,82693,2116,80577,False,False
O13164,C003,2026-03-03,라이브,디지털,213292,6237,207055,False,False
O13165,C003,2026-03-03,라이브,디지털,272708,13026,259682,False,False
O13166,C003,2026-03-03,라이브,뷰티,268309,18657,249652,False,False
O13167,C004,2026-03-03,오픈마켓,뷰티,188374,8548,179826,False,False
O13168,C004,2026-03-03,오픈마켓,패션잡화,404060,13928,390132,False,False
O13169,C004,2026-03-03,오픈마켓,뷰티,74236,4177,70059,False,False
O13170,C004,2026-03-03,오픈마켓,뷰티,382252,28343,353909,False,False
O13171,C004,2026-03-03,오픈마켓,디지털,211867,12651,199216,False,False
O13172,C004,2026-03-03,오픈마켓,디지털,391692,24594,367098,False,False
O13173,C004,2026-03-03,오픈마켓,생활용품,329423,17684,311739,False,False
O13174,C005,2026-03-03,자사몰,패션잡화,234797,15991,218806,False,False
O13175,C005,2026-03-03,자사몰,식품,418634,30531,388103,False,False
O13176,C005,2026-03-03,자사몰,식품,104871,3179,101692,False,False
O13177,C005,2026-03-03,자사몰,식품,332206,13877,318329,False,False
O13178,C005,2026-03-03,자사몰,디지털,44210,1686,42524,False,False
O13179,C001,2026-03-04,자사몰,생활용품,203695,14155,189540,False,False
O13180,C001,2026-03-04,자사몰,뷰티,321376,10756,310620,False,False
O13181,C001,2026-03-04,자사몰,뷰티,269252,8220,261032,False,False
O13182,C001,2026-03-04,자사몰,디지털,113287,7291,105996,False,False
O13183,C001,2026-03-04,자사몰,생활용품,262527,15708,246819,False,True
O13184,C001,2026-03-04,자사몰,패션잡화,68088,1992,66096,False,False
O13185,C001,2026-03-04,자사몰,식품,155243,9133,146110,False,False
O13186,C001,2026-03-04,자사몰,디지털,48146,2443,45703,False,False
O13187,C001,2026-03-04,자사몰,뷰티,385126,20362,364764,False,False
O13188,C002,2026-03-04,오픈마켓,패션잡화,48592,2331,46261,False,False
O13189,C002,2026-03-04,오픈마켓,식품,213422,8166,205256,False,False
O13190,C002,2026-03-04,오픈마켓,뷰티,244573,12304,232269,False,False
O13191,C002,2026-03-04,오픈마켓,디지털,145359,9192,136167,False,False
O13192,C002,2026-03-04,오픈마켓,뷰티,210553,7865,202688,False,True
O13193,C003,2026-03-04,라이브,패션잡화,301519,11962,289557,False,False
O13194,C003,2026-03-04,라이브,식품,309185,9581,299604,False,False
O13195,C003,2026-03-04,라이브,뷰티,290703,17803,272900,False,False
O13196,C003,2026-03-04,라이브,뷰티,328363,23763,304600,False,False
O13197,C003,2026-03-04,라이브,디지털,342273,22695,319578,False,False
O13198,C004,2026-03-04,오픈마켓,식품,374296,9951,364345,False,False
O13199,C004,2026-03-04,오픈마켓,뷰티,267326,12789,254537,False,False
O13200,C004,2026-03-04,오픈마켓,생활용품,129878,9227,120651,False,False
O13201,C004,2026-03-04,오픈마켓,식품,406319,17114,389205,False,False
O13202,C004,2026-03-04,오픈마켓,디지털,187579,7008,180571,False,False
O13203,C004,2026-03-04,오픈마켓,생활용품,95557,2543,93014,False,False
O13204,C004,2026-03-04,오픈마켓,식품,248245,15612,0,True,False
O13205,C004,2026-03-04,오픈마켓,식품,411235,20170,391065,False,False
O13206,C004,2026-03-04,오픈마켓,생활용품,293288,16206,277082,False,False
O13207,C004,2026-03-04,오픈마켓,패션잡화,323004,22885,0,True,False
O13208,C004,2026-03-04,오픈마켓,뷰티,239259,16935,222324,False,False
O13209,C004,2026-03-04,오픈마켓,디지털,255363,18822,236541,False,False
O13210,C004,2026-03-04,오픈마켓,식품,88300,4485,83815,False,False
O13211,C004,2026-03-04,오픈마켓,패션잡화,37427,1351,36076,False,False
O13212,C005,2026-03-04,자사몰,뷰티,273045,18201,254844,False,False
O13213,C005,2026-03-04,자사몰,패션잡화,167526,4280,163246,False,False
O13214,C005,2026-03-04,자사몰,생활용품,96129,4004,0,True,False
O13215,C005,2026-03-04,자사몰,디지털,123066,5957,117109,False,False
O13216,C005,2026-03-04,자사몰,디지털,359560,22062,337498,False,False
O13217,C005,2026-03-04,자사몰,생활용품,186053,11659,174394,False,False
O13218,C005,2026-03-04,자사몰,식품,37798,2382,35416,False,False
O13219,C005,2026-03-04,자사몰,생활용품,295190,19635,275555,False,False
O13220,C005,2026-03-04,자사몰,뷰티,80579,5204,75375,False,False
O13221,C005,2026-03-04,자사몰,디지털,229081,7528,221553,False,True
O13222,C005,2026-03-04,자사몰,생활용품,157833,7046,150787,False,False
O13223,C001,2026-03-05,자사몰,생활용품,360244,9737,350507,False,False
O13224,C001,2026-03-05,자사몰,식품,388989,23278,365711,False,True
O13225,C001,2026-03-05,자사몰,패션잡화,120476,4604,115872,False,False
O13226,C001,2026-03-05,자사몰,패션잡화,207674,7933,0,True,False
O13227,C001,2026-03-05,자사몰,디지털,140555,7711,132844,False,False
O13228,C002,2026-03-05,오픈마켓,식품,54985,2462,52523,False,False
O13229,C002,2026-03-05,오픈마켓,뷰티,177451,8551,168900,False,True
O13230,C002,2026-03-05,오픈마켓,생활용품,240321,10103,230218,False,True
O13231,C002,2026-03-05,오픈마켓,생활용품,268406,12205,256201,False,False
O13232,C002,2026-03-05,오픈마켓,생활용품,35595,1240,34355,False,False
O13233,C002,2026-03-05,오픈마켓,디지털,192758,8383,184375,False,False
O13234,C002,2026-03-05,오픈마켓,식품,132610,5641,126969,False,False
O13235,C002,2026-03-05,오픈마켓,생활용품,382210,20355,361855,False,False
O13236,C002,2026-03-05,오픈마켓,패션잡화,298842,10576,288266,False,False
O13237,C002,2026-03-05,오픈마켓,패션잡화,307860,9541,298319,False,False
O13238,C002,2026-03-05,오픈마켓,식품,346986,17194,329792,False,False
O13239,C002,2026-03-05,오픈마켓,뷰티,160908,9836,151072,False,False
O13240,C002,2026-03-05,오픈마켓,패션잡화,401413,29336,372077,False,False
O13241,C002,2026-03-05,오픈마켓,식품,109041,6246,102795,False,False
O13242,C002,2026-03-05,오픈마켓,디지털,284438,19638,264800,False,False
O13243,C003,2026-03-05,라이브,생활용품,110290,7666,102624,False,False
O13244,C003,2026-03-05,라이브,뷰티,388698,24482,364216,False,False
O13245,C003,2026-03-05,라이브,뷰티,387934,11772,0,True,False
O13246,C003,2026-03-05,라이브,뷰티,275539,10601,264938,False,False
O13247,C003,2026-03-05,라이브,디지털,190076,12095,177981,False,False
O13248,C004,2026-03-05,오픈마켓,패션잡화,98835,6033,92802,False,False
O13249,C004,2026-03-05,오픈마켓,식품,213339,15643,197696,False,False
O13250,C004,2026-03-05,오픈마켓,생활용품,189206,7262,181944,False,False
O13251,C004,2026-03-05,오픈마켓,디지털,206787,5627,201160,False,True
O13252,C004,2026-03-05,오픈마켓,생활용품,299692,11361,288331,False,False
O13253,C004,2026-03-05,오픈마켓,패션잡화,369138,18271,350867,False,False
O13254,C004,2026-03-05,오픈마켓,디지털,212653,15400,0,True,False
O13255,C004,2026-03-05,오픈마켓,식품,128593,5108,123485,False,False
O13256,C005,2026-03-05,자사몰,디지털,105369,5341,100028,False,False
O13257,C005,2026-03-05,자사몰,뷰티,245114,7257,237857,False,False
O13258,C005,2026-03-05,자사몰,디지털,104088,6359,97729,False,False
O13259,C005,2026-03-05,자사몰,디지털,406882,25237,381645,False,False
O13260,C005,2026-03-05,자사몰,디지털,392909,16496,376413,False,False
O13261,C005,2026-03-05,자사몰,패션잡화,232087,8573,223514,False,False
O13262,C005,2026-03-05,자사몰,뷰티,82272,5877,76395,False,False
O13263,C005,2026-03-05,자사몰,생활용품,412431,26081,386350,False,False
O13264,C005,2026-03-05,자사몰,생활용품,392561,14304,378257,False,False
O13265,C005,2026-03-05,자사몰,식품,54360,3032,51328,False,False
O13266,C005,2026-03-05,자사몰,생활용품,154406,5589,148817,False,False
O13267,C005,2026-03-05,자사몰,뷰티,228769,15283,213486,False,False
O13268,C005,2026-03-05,자사몰,패션잡화,48039,2873,45166,False,False
O13269,C001,2026-03-06,자사몰,식품,198722,7613,191109,False,False
O13270,C001,2026-03-06,자사몰,디지털,347078,9268,0,True,False
O13271,C001,2026-03-06,자사몰,뷰티,220549,7090,213459,False,False
O13272,C001,2026-03-06,자사몰,디지털,130742,4693,126049,False,False
O13273,C001,2026-03-06,자사몰,식품,212989,11495,201494,False,False
O13274,C001,2026-03-06,자사몰,디지털,268079,19521,248558,False,False
O13275,C002,2026-03-06,오픈마켓,뷰티,288369,20711,267658,False,True
O13276,C002,2026-03-06,오픈마켓,생활용품,339900,11651,328249,False,False
O13277,C002,2026-03-06,오픈마켓,뷰티,58097,4071,54026,False,False
O13278,C002,2026-03-06,오픈마켓,뷰티,177056,11495,165561,False,False
O13279,C002,2026-03-06,오픈마켓,패션잡화,249493,7527,241966,False,False
O13280,C002,2026-03-06,오픈마켓,패션잡화,142242,6763,135479,False,False
O13281,C002,2026-03-06,오픈마켓,패션잡화,133345,7629,125716,False,False
O13282,C002,2026-03-06,오픈마켓,디지털,102560,3749,98811,False,False
O13283,C003,2026-03-06,라이브,식품,256770,18795,237975,False,False
O13284,C003,2026-03-06,라이브,뷰티,336602,18557,318045,False,False
O13285,C003,2026-03-06,라이브,생활용품,221692,9520,212172,False,False
O13286,C003,2026-03-06,라이브,식품,157946,4031,153915,False,False
O13287,C003,2026-03-06,라이브,식품,188472,11458,177014,False,False
O13288,C003,2026-03-06,라이브,디지털,377354,19751,357603,False,False
O13289,C003,2026-03-06,라이브,뷰티,241534,13378,228156,False,False
O13290,C003,2026-03-06,라이브,식품,251337,12683,238654,False,False
O13291,C003,2026-03-06,라이브,식품,58777,3127,55650,False,False
O13292,C003,2026-03-06,라이브,패션잡화,315868,22448,293420,False,False
O13293,C004,2026-03-06,오픈마켓,뷰티,107677,4175,103502,False,False
O13294,C004,2026-03-06,오픈마켓,뷰티,144714,6262,138452,False,False
O13295,C004,2026-03-06,오픈마켓,식품,251681,7519,244162,False,False
O13296,C004,2026-03-06,오픈마켓,뷰티,269381,14654,254727,False,False
O13297,C004,2026-03-06,오픈마켓,패션잡화,218977,7966,211011,False,True
O13298,C004,2026-03-06,오픈마켓,뷰티,198834,12804,186030,False,False
O13299,C004,2026-03-06,오픈마켓,뷰티,390168,27635,362533,False,False
O13300,C004,2026-03-06,오픈마켓,생활용품,67255,3372,63883,False,False
O13301,C004,2026-03-06,오픈마켓,생활용품,260688,7205,253483,False,False
O13302,C004,2026-03-06,오픈마켓,패션잡화,395980,10830,385150,False,False
O13303,C004,2026-03-06,오픈마켓,생활용품,187446,10320,177126,False,False
O13304,C004,2026-03-06,오픈마켓,생활용품,411894,15588,396306,False,False
O13305,C004,2026-03-06,오픈마켓,디지털,264427,16699,247728,False,False
O13306,C004,2026-03-06,오픈마켓,생활용품,71487,4353,67134,False,False
O13307,C005,2026-03-06,자사몰,생활용품,212957,6255,206702,False,False
O13308,C005,2026-03-06,자사몰,패션잡화,126134,4766,121368,False,False
O13309,C005,2026-03-06,자사몰,디지털,258505,9107,249398,False,False
O13310,C005,2026-03-06,자사몰,디지털,187224,12705,174519,False,False
O13311,C005,2026-03-06,자사몰,식품,83726,3004,80722,False,False
O13312,C005,2026-03-06,자사몰,뷰티,54737,3794,50943,False,False
O13313,C005,2026-03-06,자사몰,생활용품,156017,6903,149114,False,False
O13314,C005,2026-03-06,자사몰,패션잡화,414096,20243,393853,False,False
O13315,C005,2026-03-06,자사몰,패션잡화,260538,8313,252225,False,False
O13316,C005,2026-03-06,자사몰,패션잡화,152907,5298,147609,False,False
O13317,C005,2026-03-06,자사몰,패션잡화,187283,8730,178553,False,False
O13318,C005,2026-03-06,자사몰,생활용품,243330,17579,225751,False,False
O13319,C005,2026-03-06,자사몰,패션잡화,268431,10327,258104,False,False
O13320,C005,2026-03-06,자사몰,패션잡화,345803,17610,328193,False,False
O13321,C005,2026-03-06,자사몰,생활용품,298288,17761,280527,False,False
O13322,C001,2026-03-07,자사몰,디지털,252122,6858,245264,False,False
O13323,C001,2026-03-07,자사몰,식품,185985,5007,180978,False,False
O13324,C001,2026-03-07,자사몰,디지털,304130,19485,284645,False,False
O13325,C001,2026-03-07,자사몰,뷰티,215862,10721,205141,False,False
O13326,C001,2026-03-07,자사몰,뷰티,76675,3620,73055,False,False
O13327,C001,2026-03-07,자사몰,생활용품,40350,2797,37553,False,False
O13328,C001,2026-03-07,자사몰,디지털,250217,8173,242044,False,False
O13329,C001,2026-03-07,자사몰,식품,141176,3715,137461,False,False
O13330,C001,2026-03-07,자사몰,식품,356553,16764,339789,False,False
O13331,C001,2026-03-07,자사몰,디지털,359072,23800,335272,False,False
O13332,C001,2026-03-07,자사몰,생활용품,131235,3304,127931,False,False
O13333,C001,2026-03-07,자사몰,생활용품,181679,5862,175817,False,False
O13334,C001,2026-03-07,자사몰,디지털,43667,3027,40640,False,True
O13335,C001,2026-03-07,자사몰,식품,167810,6562,161248,False,False
O13336,C002,2026-03-07,오픈마켓,식품,180448,6334,174114,False,False
O13337,C002,2026-03-07,오픈마켓,뷰티,218280,13356,204924,False,False
O13338,C002,2026-03-07,오픈마켓,뷰티,134512,4880,0,True,False
O13339,C002,2026-03-07,오픈마켓,뷰티,390100,14991,375109,False,False
O13340,C002,2026-03-07,오픈마켓,식품,92711,5780,86931,False,False
O13341,C002,2026-03-07,오픈마켓,뷰티,379982,20514,359468,False,False
O13342,C002,2026-03-07,오픈마켓,생활용품,86440,5923,80517,False,True
O13343,C002,2026-03-07,오픈마켓,생활용품,395644,26261,369383,False,False
O13344,C002,2026-03-07,오픈마켓,디지털,395300,17973,377327,False,False
O13345,C003,2026-03-07,라이브,식품,93093,5143,87950,False,False
O13346,C003,2026-03-07,라이브,패션잡화,97765,5023,92742,False,False
O13347,C003,2026-03-07,라이브,패션잡화,405830,25975,379855,False,False
O13348,C003,2026-03-07,라이브,식품,141043,8258,132785,False,False
O13349,C003,2026-03-07,라이브,디지털,258591,12305,246286,False,False
O13350,C003,2026-03-07,라이브,디지털,368526,16713,351813,False,False
O13351,C003,2026-03-07,라이브,디지털,39199,2651,36548,False,False
O13352,C003,2026-03-07,라이브,생활용품,58505,2174,56331,False,True
O13353,C003,2026-03-07,라이브,생활용품,46413,2850,43563,False,False
O13354,C003,2026-03-07,라이브,디지털,54600,1740,52860,False,False
O13355,C003,2026-03-07,라이브,식품,200597,11903,188694,False,False
O13356,C003,2026-03-07,라이브,뷰티,75371,2084,73287,False,False
O13357,C003,2026-03-07,라이브,식품,172493,8390,164103,False,False
O13358,C003,2026-03-07,라이브,패션잡화,234100,14831,219269,False,False
O13359,C004,2026-03-07,오픈마켓,뷰티,205302,7624,0,True,False
O13360,C004,2026-03-07,오픈마켓,디지털,42136,1807,40329,False,False
O13361,C004,2026-03-07,오픈마켓,식품,111754,5234,106520,False,False
O13362,C004,2026-03-07,오픈마켓,뷰티,207591,9537,198054,False,False
O13363,C005,2026-03-07,자사몰,생활용품,124309,6360,117949,False,False
O13364,C005,2026-03-07,자사몰,패션잡화,412993,15339,397654,False,False
O13365,C005,2026-03-07,자사몰,디지털,128219,8567,119652,False,False
O13366,C005,2026-03-07,자사몰,뷰티,207428,14789,192639,False,False
O13367,C005,2026-03-07,자사몰,패션잡화,213260,5488,207772,False,False
O13368,C005,2026-03-07,자사몰,뷰티,108957,6402,0,True,False
O13369,C005,2026-03-07,자사몰,뷰티,344926,21642,323284,False,True
O13370,C005,2026-03-07,자사몰,식품,302840,14370,288470,False,False
O13371,C005,2026-03-07,자사몰,생활용품,379472,15453,364019,False,False
O13372,C005,2026-03-07,자사몰,뷰티,284570,14047,270523,False,False
O13373,C001,2026-03-08,자사몰,뷰티,262227,16972,245255,False,False
O13374,C001,2026-03-08,자사몰,생활용품,132961,4917,128044,False,False
O13375,C001,2026-03-08,자사몰,디지털,237861,15147,222714,False,False
O13376,C001,2026-03-08,자사몰,디지털,385428,18212,367216,False,False
O13377,C001,2026-03-08,자사몰,생활용품,350281,21854,328427,False,False
O13378,C002,2026-03-08,오픈마켓,생활용품,306063,19755,286308,False,False
O13379,C002,2026-03-08,오픈마켓,뷰티,142447,4726,137721,False,False
O13380,C002,2026-03-08,오픈마켓,패션잡화,294403,17338,277065,False,False
O13381,C002,2026-03-08,오픈마켓,생활용품,102438,6383,96055,False,False
O13382,C002,2026-03-08,오픈마켓,생활용품,361843,22545,339298,False,False
O13383,C002,2026-03-08,오픈마켓,뷰티,302412,13160,289252,False,False
O13384,C002,2026-03-08,오픈마켓,뷰티,191006,8053,0,True,False
O13385,C002,2026-03-08,오픈마켓,패션잡화,84691,6053,78638,False,False
O13386,C002,2026-03-08,오픈마켓,생활용품,181615,10575,171040,False,False
O13387,C002,2026-03-08,오픈마켓,식품,146603,7631,138972,False,False
O13388,C003,2026-03-08,라이브,뷰티,34343,1330,33013,False,False
O13389,C003,2026-03-08,라이브,생활용품,195505,11892,183613,False,False
O13390,C003,2026-03-08,라이브,패션잡화,234818,14474,220344,False,False
O13391,C003,2026-03-08,라이브,생활용품,113522,4031,109491,False,True
O13392,C003,2026-03-08,라이브,디지털,177671,7744,169927,False,True
O13393,C003,2026-03-08,라이브,디지털,302861,20521,282340,False,False
O13394,C003,2026-03-08,라이브,생활용품,101952,3528,98424,False,False
O13395,C003,2026-03-08,라이브,생활용품,291356,18042,273314,False,False
O13396,C003,2026-03-08,라이브,디지털,302192,22653,279539,False,False
O13397,C003,2026-03-08,라이브,뷰티,234164,9164,225000,False,False
O13398,C003,2026-03-08,라이브,생활용품,372534,18972,353562,False,False
O13399,C003,2026-03-08,라이브,패션잡화,214178,15379,198799,False,False
O13400,C003,2026-03-08,라이브,디지털,328328,17488,310840,False,False
O13401,C003,2026-03-08,라이브,디지털,274702,11219,263483,False,False
O13402,C004,2026-03-08,오픈마켓,디지털,332454,20200,312254,False,False
O13403,C004,2026-03-08,오픈마켓,뷰티,54961,3509,51452,False,False
O13404,C004,2026-03-08,오픈마켓,뷰티,334219,14136,320083,False,False
O13405,C004,2026-03-08,오픈마켓,생활용품,57765,2152,55613,False,False
O13406,C004,2026-03-08,오픈마켓,패션잡화,109719,4131,105588,False,False
O13407,C004,2026-03-08,오픈마켓,뷰티,249157,17226,231931,False,False
O13408,C004,2026-03-08,오픈마켓,뷰티,109879,6831,103048,False,False
O13409,C004,2026-03-08,오픈마켓,디지털,117584,3986,113598,False,False
O13410,C004,2026-03-08,오픈마켓,디지털,361293,14838,346455,False,False
O13411,C004,2026-03-08,오픈마켓,식품,273573,17786,255787,False,False
O13412,C004,2026-03-08,오픈마켓,식품,134364,8788,125576,False,False
O13413,C004,2026-03-08,오픈마켓,디지털,239787,17745,222042,False,False
O13414,C005,2026-03-08,자사몰,생활용품,87022,4156,82866,False,True
O13415,C005,2026-03-08,자사몰,디지털,92037,2489,89548,False,False
O13416,C005,2026-03-08,자사몰,뷰티,339937,14889,325048,False,False
O13417,C005,2026-03-08,자사몰,식품,189155,5638,183517,False,False
O13418,C005,2026-03-08,자사몰,식품,69193,2976,66217,False,False
O13419,C005,2026-03-08,자사몰,식품,382736,14238,368498,False,False
O13420,C005,2026-03-08,자사몰,뷰티,379755,11854,367901,False,False
O13421,C005,2026-03-08,자사몰,식품,221040,15093,205947,False,False
O13422,C005,2026-03-08,자사몰,생활용품,392706,18425,374281,False,True
O13423,C001,2026-03-09,자사몰,디지털,356944,22469,334475,False,False
O13424,C001,2026-03-09,자사몰,생활용품,144994,9096,135898,False,True
O13425,C001,2026-03-09,자사몰,식품,124079,3147,120932,False,False
O13426,C001,2026-03-09,자사몰,패션잡화,161427,5407,0,True,False
O13427,C001,2026-03-09,자사몰,패션잡화,383149,21562,361587,False,False
O13428,C001,2026-03-09,자사몰,디지털,84252,3253,80999,False,False
O13429,C001,2026-03-09,자사몰,뷰티,243065,9481,233584,False,False
O13430,C001,2026-03-09,자사몰,패션잡화,245590,7593,237997,False,False
O13431,C001,2026-03-09,자사몰,디지털,404301,10974,393327,False,False
O13432,C001,2026-03-09,자사몰,생활용품,349140,18774,0,True,False
O13433,C001,2026-03-09,자사몰,뷰티,408247,24659,383588,False,False
O13434,C001,2026-03-09,자사몰,뷰티,358906,20670,338236,False,False
O13435,C001,2026-03-09,자사몰,뷰티,281455,14571,266884,False,False
O13436,C002,2026-03-09,오픈마켓,패션잡화,141427,8211,133216,False,False
O13437,C002,2026-03-09,오픈마켓,디지털,156843,6782,150061,False,True
O13438,C002,2026-03-09,오픈마켓,패션잡화,373289,19908,353381,False,False
O13439,C002,2026-03-09,오픈마켓,식품,354852,13545,341307,False,False
O13440,C002,2026-03-09,오픈마켓,뷰티,376813,9838,0,True,False
O13441,C002,2026-03-09,오픈마켓,디지털,132704,9615,123089,False,True
O13442,C002,2026-03-09,오픈마켓,디지털,97776,2759,95017,False,False
O13443,C002,2026-03-09,오픈마켓,디지털,257476,8559,248917,False,False
O13444,C003,2026-03-09,라이브,식품,188664,11579,177085,False,False
O13445,C003,2026-03-09,라이브,생활용품,402439,17088,385351,False,False
O13446,C003,2026-03-09,라이브,패션잡화,372347,12155,360192,False,False
O13447,C003,2026-03-09,라이브,패션잡화,137193,8680,128513,False,False
O13448,C003,2026-03-09,라이브,생활용품,370836,23775,347061,False,False
O13449,C003,2026-03-09,라이브,뷰티,47472,3023,44449,False,False
O13450,C003,2026-03-09,라이브,식품,327372,16359,311013,False,False
O13451,C003,2026-03-09,라이브,뷰티,329191,24382,304809,False,False
O13452,C003,2026-03-09,라이브,식품,128128,3236,124892,False,False
O13453,C003,2026-03-09,라이브,식품,181527,6752,174775,False,False
O13454,C003,2026-03-09,라이브,뷰티,411082,29651,381431,False,False
O13455,C003,2026-03-09,라이브,패션잡화,320210,15709,304501,False,False
O13456,C003,2026-03-09,라이브,패션잡화,386792,11655,375137,False,False
O13457,C004,2026-03-09,오픈마켓,디지털,321427,13905,307522,False,False
O13458,C004,2026-03-09,오픈마켓,디지털,387813,28817,358996,False,False
O13459,C004,2026-03-09,오픈마켓,디지털,230256,13693,216563,False,False
O13460,C004,2026-03-09,오픈마켓,생활용품,360528,26673,333855,False,False
O13461,C004,2026-03-09,오픈마켓,디지털,398797,27093,371704,False,False
O13462,C004,2026-03-09,오픈마켓,패션잡화,401191,28837,372354,False,False
O13463,C004,2026-03-09,오픈마켓,뷰티,190204,6053,184151,False,False
O13464,C005,2026-03-09,자사몰,생활용품,377036,10356,366680,False,False
O13465,C005,2026-03-09,자사몰,식품,359562,25290,334272,False,False
O13466,C005,2026-03-09,자사몰,식품,269678,11738,257940,False,False
O13467,C005,2026-03-09,자사몰,생활용품,316673,15756,300917,False,False
O13468,C005,2026-03-09,자사몰,디지털,352921,24657,328264,False,True
O13469,C005,2026-03-09,자사몰,디지털,277977,18941,259036,False,False
O13470,C001,2026-03-10,자사몰,디지털,247981,14009,233972,False,False
O13471,C001,2026-03-10,자사몰,패션잡화,117886,5355,112531,False,False
O13472,C001,2026-03-10,자사몰,디지털,351875,9842,342033,False,False
O13473,C001,2026-03-10,자사몰,디지털,319006,14346,304660,False,False
O13474,C001,2026-03-10,자사몰,식품,172559,6007,166552,False,False
O13475,C001,2026-03-10,자사몰,식품,351365,16125,335240,False,True
O13476,C001,2026-03-10,자사몰,식품,255340,9047,246293,False,False
O13477,C002,2026-03-10,오픈마켓,디지털,116673,5963,110710,False,False
O13478,C002,2026-03-10,오픈마켓,패션잡화,335217,8885,326332,False,False
O13479,C002,2026-03-10,오픈마켓,디지털,396291,25782,370509,False,False
O13480,C002,2026-03-10,오픈마켓,생활용품,296074,7763,288311,False,False
O13481,C002,2026-03-10,오픈마켓,디지털,299467,20833,278634,False,False
O13482,C003,2026-03-10,라이브,패션잡화,103129,6691,96438,False,False
O13483,C003,2026-03-10,라이브,식품,277264,19258,258006,False,False
O13484,C003,2026-03-10,라이브,디지털,291681,15315,276366,False,False
O13485,C003,2026-03-10,라이브,디지털,246884,11028,235856,False,False
O13486,C003,2026-03-10,라이브,생활용품,118734,3333,115401,False,False
O13487,C003,2026-03-10,라이브,디지털,187712,6623,181089,False,False
O13488,C003,2026-03-10,라이브,디지털,382721,25797,356924,False,False
O13489,C003,2026-03-10,라이브,생활용품,149785,4846,144939,False,False
O13490,C003,2026-03-10,라이브,생활용품,339430,15928,323502,False,False
O13491,C003,2026-03-10,라이브,식품,408608,19070,389538,False,False
O13492,C003,2026-03-10,라이브,식품,370419,24200,346219,False,False
O13493,C003,2026-03-10,라이브,생활용품,410024,23576,386448,False,False
O13494,C003,2026-03-10,라이브,식품,407816,13618,394198,False,False
O13495,C004,2026-03-10,오픈마켓,뷰티,283959,12638,271321,False,False
O13496,C004,2026-03-10,오픈마켓,디지털,298224,16955,281269,False,False
O13497,C004,2026-03-10,오픈마켓,패션잡화,305214,17578,287636,False,False
O13498,C004,2026-03-10,오픈마켓,패션잡화,126718,7801,118917,False,False
O13499,C004,2026-03-10,오픈마켓,생활용품,140660,8167,132493,False,False
O13500,C004,2026-03-10,오픈마켓,식품,214232,7744,206488,False,False
O13501,C004,2026-03-10,오픈마켓,식품,41915,1728,40187,False,False
O13502,C004,2026-03-10,오픈마켓,생활용품,285577,17780,267797,False,False
O13503,C004,2026-03-10,오픈마켓,식품,320915,22412,298503,False,False
O13504,C004,2026-03-10,오픈마켓,패션잡화,73729,2219,71510,False,True
O13505,C004,2026-03-10,오픈마켓,생활용품,328127,15505,312622,False,False
O13506,C004,2026-03-10,오픈마켓,뷰티,185186,8334,176852,False,False
O13507,C004,2026-03-10,오픈마켓,식품,238236,7929,230307,False,False
O13508,C004,2026-03-10,오픈마켓,생활용품,137807,4649,133158,False,False
O13509,C004,2026-03-10,오픈마켓,뷰티,33664,842,32822,False,False
O13510,C004,2026-03-10,오픈마켓,디지털,399751,11408,388343,False,False
O13511,C005,2026-03-10,자사몰,패션잡화,227607,10130,217477,False,True
O13512,C005,2026-03-10,자사몰,디지털,112721,3964,108757,False,False
O13513,C005,2026-03-10,자사몰,디지털,249891,18559,231332,False,False
O13514,C005,2026-03-10,자사몰,뷰티,56332,2698,53634,False,False
O13515,C005,2026-03-10,자사몰,식품,182840,5007,177833,False,False
O13516,C005,2026-03-10,자사몰,생활용품,342300,24116,318184,False,False
O13517,C005,2026-03-10,자사몰,뷰티,103343,3963,0,True,False
O13518,C005,2026-03-10,자사몰,식품,375456,14663,360793,False,False
O13519,C001,2026-03-11,자사몰,뷰티,259639,8162,251477,False,False
O13520,C001,2026-03-11,자사몰,디지털,381191,25154,356037,False,False
O13521,C001,2026-03-11,자사몰,생활용품,322708,19030,0,True,False
O13522,C001,2026-03-11,자사몰,패션잡화,394786,21983,372803,False,False
O13523,C001,2026-03-11,자사몰,생활용품,385574,13714,371860,False,False
O13524,C002,2026-03-11,오픈마켓,뷰티,93783,3790,89993,False,False
O13525,C002,2026-03-11,오픈마켓,뷰티,384529,16738,367791,False,False
O13526,C002,2026-03-11,오픈마켓,디지털,90964,6680,84284,False,True
O13527,C002,2026-03-11,오픈마켓,식품,80947,2677,78270,False,False
O13528,C002,2026-03-11,오픈마켓,뷰티,143285,4075,139210,False,False
O13529,C002,2026-03-11,오픈마켓,뷰티,345405,13499,331906,False,False
O13530,C002,2026-03-11,오픈마켓,식품,54121,2669,51452,False,False
O13531,C002,2026-03-11,오픈마켓,디지털,326967,22767,304200,False,False
O13532,C002,2026-03-11,오픈마켓,디지털,333189,22703,310486,False,False
O13533,C003,2026-03-11,라이브,디지털,43280,1440,0,True,False
O13534,C003,2026-03-11,라이브,뷰티,167103,10263,156840,False,False
O13535,C003,2026-03-11,라이브,패션잡화,74566,4745,69821,False,False
O13536,C003,2026-03-11,라이브,디지털,312028,11746,300282,False,False
O13537,C004,2026-03-11,오픈마켓,뷰티,247886,10848,237038,False,False
O13538,C004,2026-03-11,오픈마켓,식품,313058,7841,0,True,False
O13539,C004,2026-03-11,오픈마켓,뷰티,290079,12731,277348,False,False
O13540,C004,2026-03-11,오픈마켓,패션잡화,125046,8536,116510,False,False
O13541,C004,2026-03-11,오픈마켓,생활용품,226513,13219,213294,False,False
O13542,C004,2026-03-11,오픈마켓,패션잡화,330609,12324,318285,False,False
O13543,C005,2026-03-11,자사몰,디지털,416157,21706,394451,False,False
O13544,C005,2026-03-11,자사몰,뷰티,390607,18451,372156,False,False
O13545,C005,2026-03-11,자사몰,식품,165133,5388,159745,False,False
O13546,C005,2026-03-11,자사몰,디지털,277452,11589,265863,False,False
O13547,C005,2026-03-11,자사몰,생활용품,205948,14791,191157,False,False
O13548,C005,2026-03-11,자사몰,뷰티,281228,15568,265660,False,False
O13549,C005,2026-03-11,자사몰,생활용품,247044,15134,231910,False,False
O13550,C005,2026-03-11,자사몰,생활용품,347211,20819,326392,False,False
O13551,C005,2026-03-11,자사몰,디지털,361932,12940,348992,False,False
O13552,C005,2026-03-11,자사몰,디지털,179988,13348,166640,False,False
O13553,C005,2026-03-11,자사몰,뷰티,229925,12135,217790,False,False
O13554,C005,2026-03-11,자사몰,식품,248307,16218,232089,False,True
O13555,C005,2026-03-11,자사몰,식품,347506,13104,0,True,False
O13556,C005,2026-03-11,자사몰,생활용품,158909,9753,149156,False,False
O13557,C001,2026-03-12,자사몰,패션잡화,61377,4577,56800,False,False
O13558,C001,2026-03-12,자사몰,식품,41852,2916,38936,False,False
O13559,C001,2026-03-12,자사몰,뷰티,68930,4723,64207,False,False
O13560,C001,2026-03-12,자사몰,생활용품,346737,19246,327491,False,False
O13561,C001,2026-03-12,자사몰,디지털,315149,16739,298410,False,True
O13562,C001,2026-03-12,자사몰,생활용품,268456,12379,256077,False,False
O13563,C001,2026-03-12,자사몰,생활용품,178380,11072,167308,False,False
O13564,C001,2026-03-12,자사몰,뷰티,114122,8221,105901,False,False
O13565,C001,2026-03-12,자사몰,뷰티,112439,6431,106008,False,False
O13566,C001,2026-03-12,자사몰,디지털,34565,2175,32390,False,False
O13567,C001,2026-03-12,자사몰,생활용품,170759,5749,165010,False,False
O13568,C001,2026-03-12,자사몰,패션잡화,250979,17394,233585,False,True
O13569,C002,2026-03-12,오픈마켓,식품,103151,4365,98786,False,False
O13570,C002,2026-03-12,오픈마켓,생활용품,170866,9603,161263,False,False
O13571,C002,2026-03-12,오픈마켓,식품,83048,6187,76861,False,False
O13572,C002,2026-03-12,오픈마켓,식품,86828,3350,83478,False,False
O13573,C002,2026-03-12,오픈마켓,식품,271144,16115,255029,False,False
O13574,C002,2026-03-12,오픈마켓,식품,277411,18005,259406,False,False
O13575,C002,2026-03-12,오픈마켓,식품,402412,26331,376081,False,False
O13576,C002,2026-03-12,오픈마켓,생활용품,233581,12377,221204,False,False
O13577,C002,2026-03-12,오픈마켓,뷰티,196789,11983,184806,False,False
O13578,C002,2026-03-12,오픈마켓,생활용품,45458,2311,43147,False,False
O13579,C002,2026-03-12,오픈마켓,패션잡화,404411,18820,385591,False,False
O13580,C002,2026-03-12,오픈마켓,식품,229190,14629,214561,False,False
O13581,C003,2026-03-12,라이브,뷰티,398425,15815,382610,False,False
O13582,C003,2026-03-12,라이브,디지털,124572,5027,119545,False,False
O13583,C003,2026-03-12,라이브,패션잡화,51451,3633,47818,False,False
O13584,C003,2026-03-12,라이브,디지털,276315,15299,261016,False,False
O13585,C003,2026-03-12,라이브,패션잡화,255535,17925,237610,False,False
O13586,C003,2026-03-12,라이브,생활용품,58213,1704,56509,False,False
O13587,C003,2026-03-12,라이브,패션잡화,125074,8541,116533,False,False
O13588,C003,2026-03-12,라이브,생활용품,330384,14013,316371,False,False
O13589,C003,2026-03-12,라이브,식품,328874,24353,304521,False,False
O13590,C003,2026-03-12,라이브,식품,392360,15964,376396,False,False
O13591,C004,2026-03-12,오픈마켓,패션잡화,247805,9916,237889,False,False
O13592,C004,2026-03-12,오픈마켓,패션잡화,154071,9776,144295,False,False
O13593,C004,2026-03-12,오픈마켓,생활용품,192548,5050,187498,False,False
O13594,C004,2026-03-12,오픈마켓,패션잡화,56963,2433,54530,False,False
O13595,C004,2026-03-12,오픈마켓,디지털,318441,10707,307734,False,False
O13596,C004,2026-03-12,오픈마켓,생활용품,322340,8453,313887,False,False
O13597,C004,2026-03-12,오픈마켓,패션잡화,370711,13058,357653,False,True
O13598,C004,2026-03-12,오픈마켓,뷰티,272820,19438,253382,False,False
O13599,C004,2026-03-12,오픈마켓,식품,305605,15852,289753,False,False
O13600,C004,2026-03-12,오픈마켓,패션잡화,70664,4537,66127,False,False
O13601,C004,2026-03-12,오픈마켓,생활용품,73101,2259,70842,False,False
O13602,C004,2026-03-12,오픈마켓,패션잡화,325707,11415,314292,False,True
O13603,C004,2026-03-12,오픈마켓,디지털,161732,9671,152061,False,False
O13604,C004,2026-03-12,오픈마켓,패션잡화,278639,15519,263120,False,False
O13605,C005,2026-03-12,자사몰,디지털,100676,4221,96455,False,False
O13606,C005,2026-03-12,자사몰,뷰티,101527,6555,94972,False,False
O13607,C005,2026-03-12,자사몰,패션잡화,179697,5896,173801,False,False
O13608,C005,2026-03-12,자사몰,생활용품,393975,13861,380114,False,False
O13609,C005,2026-03-12,자사몰,식품,375873,14403,361470,False,False
O13610,C005,2026-03-12,자사몰,생활용품,194561,12186,182375,False,False
O13611,C001,2026-03-13,자사몰,생활용품,35752,1415,34337,False,False
O13612,C001,2026-03-13,자사몰,패션잡화,50750,3417,47333,False,True
O13613,C001,2026-03-13,자사몰,패션잡화,122665,4069,118596,False,False
O13614,C001,2026-03-13,자사몰,디지털,338103,19869,318234,False,False
O13615,C002,2026-03-13,오픈마켓,패션잡화,397212,14607,382605,False,False
O13616,C002,2026-03-13,오픈마켓,식품,205017,13895,191122,False,False
O13617,C002,2026-03-13,오픈마켓,뷰티,290351,16210,0,True,False
O13618,C002,2026-03-13,오픈마켓,패션잡화,234219,7264,226955,False,False
O13619,C002,2026-03-13,오픈마켓,생활용품,88288,6573,0,True,False
O13620,C002,2026-03-13,오픈마켓,식품,227776,13090,214686,False,True
O13621,C002,2026-03-13,오픈마켓,식품,218559,9363,209196,False,False
O13622,C002,2026-03-13,오픈마켓,뷰티,209236,10688,198548,False,False
O13623,C002,2026-03-13,오픈마켓,패션잡화,235431,9695,225736,False,False
O13624,C002,2026-03-13,오픈마켓,패션잡화,112529,6252,106277,False,False
O13625,C002,2026-03-13,오픈마켓,뷰티,339462,24370,315092,False,True
O13626,C002,2026-03-13,오픈마켓,생활용품,218509,9506,209003,False,False
O13627,C003,2026-03-13,라이브,디지털,177326,6132,171194,False,False
O13628,C003,2026-03-13,라이브,디지털,355052,25629,329423,False,False
O13629,C003,2026-03-13,라이브,식품,110906,4075,106831,False,False
O13630,C003,2026-03-13,라이브,식품,357013,24953,332060,False,False
O13631,C003,2026-03-13,라이브,생활용품,326648,20197,306451,False,False
O13632,C003,2026-03-13,라이브,식품,274043,18774,255269,False,True
O13633,C003,2026-03-13,라이브,디지털,397240,27517,369723,False,False
O13634,C003,2026-03-13,라이브,생활용품,122160,5383,116777,False,False
O13635,C003,2026-03-13,라이브,디지털,184556,9517,175039,False,False
O13636,C003,2026-03-13,라이브,패션잡화,97955,6941,91014,False,False
O13637,C004,2026-03-13,오픈마켓,패션잡화,101264,4148,97116,False,False
O13638,C004,2026-03-13,오픈마켓,식품,364317,17781,346536,False,False
O13639,C004,2026-03-13,오픈마켓,디지털,304568,15875,288693,False,False
O13640,C004,2026-03-13,오픈마켓,생활용품,362312,13027,349285,False,False
O13641,C004,2026-03-13,오픈마켓,디지털,263436,12873,250563,False,True
O13642,C004,2026-03-13,오픈마켓,생활용품,383319,16366,366953,False,False
O13643,C004,2026-03-13,오픈마켓,뷰티,46656,2883,43773,False,False
O13644,C004,2026-03-13,오픈마켓,생활용품,164203,6292,157911,False,False
O13645,C004,2026-03-13,오픈마켓,생활용품,352016,10977,341039,False,False
O13646,C004,2026-03-13,오픈마켓,패션잡화,203934,14617,189317,False,False
O13647,C004,2026-03-13,오픈마켓,디지털,386334,28904,357430,False,False
O13648,C004,2026-03-13,오픈마켓,생활용품,114306,5313,108993,False,False
O13649,C004,2026-03-13,오픈마켓,디지털,161201,8165,153036,False,False
O13650,C004,2026-03-13,오픈마켓,디지털,320142,15851,304291,False,False
O13651,C004,2026-03-13,오픈마켓,식품,354462,12969,341493,False,False
O13652,C005,2026-03-13,자사몰,생활용품,240406,6060,234346,False,False
O13653,C005,2026-03-13,자사몰,뷰티,375073,19924,355149,False,False
O13654,C005,2026-03-13,자사몰,뷰티,372355,15811,356544,False,False
O13655,C005,2026-03-13,자사몰,뷰티,306889,18047,288842,False,False
O13656,C005,2026-03-13,자사몰,뷰티,418922,25984,392938,False,False
O13657,C005,2026-03-13,자사몰,생활용품,320856,20843,300013,False,False
O13658,C005,2026-03-13,자사몰,패션잡화,368979,26419,342560,False,False
O13659,C005,2026-03-13,자사몰,뷰티,344569,9729,334840,False,False
O13660,C005,2026-03-13,자사몰,패션잡화,149676,4669,145007,False,False
O13661,C005,2026-03-13,자사몰,패션잡화,365962,21430,344532,False,False
O13662,C005,2026-03-13,자사몰,식품,328482,21797,306685,False,False
O13663,C001,2026-03-14,자사몰,식품,366005,15549,350456,False,False
O13664,C001,2026-03-14,자사몰,생활용품,62518,3469,59049,False,False
O13665,C001,2026-03-14,자사몰,뷰티,124424,6048,118376,False,False
O13666,C001,2026-03-14,자사몰,뷰티,403137,25416,377721,False,False
O13667,C001,2026-03-14,자사몰,디지털,402142,29766,372376,False,False
O13668,C001,2026-03-14,자사몰,패션잡화,361498,22721,338777,False,False
O13669,C001,2026-03-14,자사몰,뷰티,396797,15990,380807,False,False
O13670,C001,2026-03-14,자사몰,생활용품,155615,9821,145794,False,False
O13671,C001,2026-03-14,자사몰,뷰티,190311,8369,181942,False,False
O13672,C002,2026-03-14,오픈마켓,디지털,156156,10630,0,True,False
O13673,C002,2026-03-14,오픈마켓,식품,364574,24101,340473,False,False
O13674,C002,2026-03-14,오픈마켓,식품,253134,11392,241742,False,False
O13675,C002,2026-03-14,오픈마켓,뷰티,144889,8884,136005,False,False
O13676,C002,2026-03-14,오픈마켓,생활용품,121798,3710,118088,False,False
O13677,C002,2026-03-14,오픈마켓,패션잡화,51896,2603,49293,False,False
O13678,C002,2026-03-14,오픈마켓,뷰티,134480,4294,130186,False,False
O13679,C002,2026-03-14,오픈마켓,생활용품,322426,15729,306697,False,False
O13680,C002,2026-03-14,오픈마켓,뷰티,217041,8659,208382,False,False
O13681,C002,2026-03-14,오픈마켓,패션잡화,251105,11944,239161,False,True
O13682,C002,2026-03-14,오픈마켓,생활용품,74003,3780,70223,False,False
O13683,C002,2026-03-14,오픈마켓,디지털,212403,13883,198520,False,False
O13684,C002,2026-03-14,오픈마켓,디지털,102654,4405,98249,False,False
O13685,C002,2026-03-14,오픈마켓,디지털,82911,5526,77385,False,False
O13686,C002,2026-03-14,오픈마켓,뷰티,67852,2205,65647,False,False
O13687,C003,2026-03-14,라이브,식품,32613,1945,30668,False,False
O13688,C003,2026-03-14,라이브,디지털,414630,12389,0,True,False
O13689,C003,2026-03-14,라이브,뷰티,244341,13157,231184,False,False
O13690,C003,2026-03-14,라이브,뷰티,107926,7763,100163,False,False
O13691,C003,2026-03-14,라이브,뷰티,156132,10584,145548,False,False
O13692,C003,2026-03-14,라이브,뷰티,129227,6979,122248,False,False
O13693,C003,2026-03-14,라이브,식품,45413,2578,42835,False,False
O13694,C003,2026-03-14,라이브,식품,113066,3109,109957,False,False
O13695,C003,2026-03-14,라이브,식품,45507,2195,43312,False,False
O13696,C003,2026-03-14,라이브,뷰티,405128,14813,390315,False,False
O13697,C003,2026-03-14,라이브,디지털,181026,6742,174284,False,False
O13698,C003,2026-03-14,라이브,생활용품,65551,2204,63347,False,False
O13699,C004,2026-03-14,오픈마켓,뷰티,91619,6621,84998,False,False
O13700,C004,2026-03-14,오픈마켓,뷰티,102590,5726,96864,False,False
O13701,C004,2026-03-14,오픈마켓,식품,399464,23133,376331,False,False
O13702,C004,2026-03-14,오픈마켓,생활용품,199553,5318,194235,False,False
O13703,C004,2026-03-14,오픈마켓,생활용품,44208,2360,41848,False,False
O13704,C004,2026-03-14,오픈마켓,패션잡화,45663,1482,44181,False,False
O13705,C004,2026-03-14,오픈마켓,디지털,61999,2250,59749,False,True
O13706,C004,2026-03-14,오픈마켓,식품,337424,17091,320333,False,False
O13707,C004,2026-03-14,오픈마켓,뷰티,217791,15080,202711,False,False
O13708,C004,2026-03-14,오픈마켓,식품,369218,24481,344737,False,False
O13709,C004,2026-03-14,오픈마켓,패션잡화,199418,14383,185035,False,False
O13710,C005,2026-03-14,자사몰,디지털,35634,2012,33622,False,False
O13711,C005,2026-03-14,자사몰,패션잡화,94156,3267,90889,False,False
O13712,C005,2026-03-14,자사몰,생활용품,44845,1292,43553,False,True
O13713,C005,2026-03-14,자사몰,패션잡화,368766,19891,0,True,False
O13714,C005,2026-03-14,자사몰,식품,379696,22615,357081,False,False
O13715,C005,2026-03-14,자사몰,뷰티,173881,6989,166892,False,False
O13716,C005,2026-03-14,자사몰,생활용품,389285,20261,369024,False,False
O13717,C005,2026-03-14,자사몰,식품,414487,20433,394054,False,False
O13718,C005,2026-03-14,자사몰,뷰티,101699,3847,97852,False,False
O13719,C005,2026-03-14,자사몰,패션잡화,346581,12692,333889,False,False
O13720,C005,2026-03-14,자사몰,패션잡화,246911,13801,233110,False,False
O13721,C005,2026-03-14,자사몰,디지털,265420,6883,258537,False,False
O13722,C005,2026-03-14,자사몰,디지털,282080,15582,266498,False,False
O13723,C005,2026-03-14,자사몰,뷰티,331451,17451,314000,False,False
O13724,C005,2026-03-14,자사몰,뷰티,301625,9393,292232,False,False
O13725,C005,2026-03-14,자사몰,뷰티,69800,4340,65460,False,False
O13726,C001,2026-03-15,자사몰,디지털,419671,20379,399292,False,False
O13727,C001,2026-03-15,자사몰,식품,141550,6286,135264,False,False
O13728,C001,2026-03-15,자사몰,생활용품,235518,16907,218611,False,False
O13729,C001,2026-03-15,자사몰,생활용품,411106,30595,380511,False,False
O13730,C001,2026-03-15,자사몰,패션잡화,388433,28740,359693,False,False
O13731,C002,2026-03-15,오픈마켓,뷰티,149815,10900,138915,False,False
O13732,C002,2026-03-15,오픈마켓,뷰티,40422,1631,38791,False,False
O13733,C002,2026-03-15,오픈마켓,디지털,308007,15787,292220,False,False
O13734,C002,2026-03-15,오픈마켓,뷰티,81860,4142,77718,False,False
O13735,C002,2026-03-15,오픈마켓,디지털,258227,10708,0,True,False
O13736,C002,2026-03-15,오픈마켓,패션잡화,174561,12615,161946,False,False
O13737,C002,2026-03-15,오픈마켓,뷰티,194601,9128,185473,False,False
O13738,C002,2026-03-15,오픈마켓,디지털,237583,17464,220119,False,False
O13739,C002,2026-03-15,오픈마켓,디지털,240638,9229,231409,False,False
O13740,C002,2026-03-15,오픈마켓,생활용품,295499,15365,280134,False,False
O13741,C002,2026-03-15,오픈마켓,패션잡화,84270,3413,80857,False,False
O13742,C002,2026-03-15,오픈마켓,식품,43981,2636,41345,False,False
O13743,C002,2026-03-15,오픈마켓,식품,115927,6286,109641,False,False
O13744,C003,2026-03-15,라이브,디지털,158773,8240,150533,False,False
O13745,C003,2026-03-15,라이브,뷰티,184550,10136,174414,False,False
O13746,C003,2026-03-15,라이브,패션잡화,344109,22020,322089,False,False
O13747,C003,2026-03-15,라이브,패션잡화,128079,8107,119972,False,False
O13748,C003,2026-03-15,라이브,뷰티,197571,5135,192436,False,False
O13749,C003,2026-03-15,라이브,생활용품,313290,23174,290116,False,False
O13750,C003,2026-03-15,라이브,패션잡화,149112,9817,139295,False,False
O13751,C003,2026-03-15,라이브,식품,171288,11366,159922,False,False
O13752,C003,2026-03-15,라이브,패션잡화,57747,1663,56084,False,False
O13753,C003,2026-03-15,라이브,생활용품,307518,16127,291391,False,False
O13754,C003,2026-03-15,라이브,패션잡화,416594,11648,404946,False,False
O13755,C004,2026-03-15,오픈마켓,패션잡화,181349,13225,168124,False,False
O13756,C004,2026-03-15,오픈마켓,뷰티,80170,2182,77988,False,False
O13757,C004,2026-03-15,오픈마켓,패션잡화,237319,7054,230265,False,False
O13758,C004,2026-03-15,오픈마켓,뷰티,221463,12077,0,True,False
O13759,C004,2026-03-15,오픈마켓,패션잡화,186928,11071,175857,False,True
O13760,C004,2026-03-15,오픈마켓,생활용품,177892,5230,172662,False,True
O13761,C004,2026-03-15,오픈마켓,디지털,376368,20525,355843,False,False
O13762,C004,2026-03-15,오픈마켓,뷰티,70499,2931,67568,False,True
O13763,C004,2026-03-15,오픈마켓,패션잡화,253777,14363,239414,False,False
O13764,C004,2026-03-15,오픈마켓,디지털,169414,12696,156718,False,False
O13765,C004,2026-03-15,오픈마켓,디지털,190202,7796,182406,False,False
O13766,C004,2026-03-15,오픈마켓,식품,201742,9517,0,True,False
O13767,C005,2026-03-15,자사몰,디지털,50845,2094,48751,False,False
O13768,C005,2026-03-15,자사몰,식품,177909,9344,168565,False,True
O13769,C005,2026-03-15,자사몰,식품,235192,9316,225876,False,False
O13770,C005,2026-03-15,자사몰,패션잡화,160446,10442,150004,False,False
O13771,C005,2026-03-15,자사몰,식품,192669,12911,0,True,False
O13772,C005,2026-03-15,자사몰,패션잡화,399432,29509,369923,False,False
O13773,C005,2026-03-15,자사몰,식품,209986,10717,199269,False,False
O13774,C005,2026-03-15,자사몰,생활용품,85573,5132,80441,False,False
O13775,C005,2026-03-15,자사몰,디지털,49960,2067,47893,False,False
O13776,C005,2026-03-15,자사몰,생활용품,101599,7128,94471,False,False
O13777,C001,2026-03-16,자사몰,식품,409721,16697,393024,False,False
O13778,C001,2026-03-16,자사몰,뷰티,83148,5432,77716,False,False
O13779,C001,2026-03-16,자사몰,식품,296518,7871,288647,False,False
O13780,C001,2026-03-16,자사몰,뷰티,60194,3784,56410,False,False
O13781,C001,2026-03-16,자사몰,패션잡화,227682,9616,218066,False,False
O13782,C001,2026-03-16,자사몰,디지털,101171,3577,97594,False,True
O13783,C001,2026-03-16,자사몰,식품,56340,1451,54889,False,False
O13784,C001,2026-03-16,자사몰,뷰티,230220,8016,222204,False,False
O13785,C002,2026-03-16,오픈마켓,생활용품,277337,9246,268091,False,False
O13786,C002,2026-03-16,오픈마켓,식품,51965,3419,48546,False,False
O13787,C002,2026-03-16,오픈마켓,식품,115874,8489,107385,False,False
O13788,C002,2026-03-16,오픈마켓,생활용품,95594,4243,91351,False,False
O13789,C002,2026-03-16,오픈마켓,디지털,69834,3942,65892,False,False
O13790,C002,2026-03-16,오픈마켓,생활용품,163260,10531,152729,False,False
O13791,C002,2026-03-16,오픈마켓,디지털,205083,9810,195273,False,False
O13792,C002,2026-03-16,오픈마켓,생활용품,53119,1876,51243,False,False
O13793,C002,2026-03-16,오픈마켓,패션잡화,402810,13828,388982,False,True
O13794,C002,2026-03-16,오픈마켓,생활용품,177390,11908,165482,False,True
O13795,C002,2026-03-16,오픈마켓,생활용품,212791,11344,201447,False,False
O13796,C002,2026-03-16,오픈마켓,디지털,299766,20596,279170,False,False
O13797,C002,2026-03-16,오픈마켓,뷰티,396227,10961,385266,False,False
O13798,C002,2026-03-16,오픈마켓,패션잡화,34749,2362,32387,False,False
O13799,C002,2026-03-16,오픈마켓,생활용품,56828,2963,53865,False,False
O13800,C003,2026-03-16,라이브,식품,40394,1148,39246,False,False
O13801,C003,2026-03-16,라이브,패션잡화,241076,8930,232146,False,False
O13802,C003,2026-03-16,라이브,디지털,110015,6348,103667,False,True
O13803,C003,2026-03-16,라이브,뷰티,87490,5586,81904,False,False
O13804,C003,2026-03-16,라이브,디지털,387825,12917,374908,False,False
O13805,C003,2026-03-16,라이브,디지털,236556,6212,230344,False,False
O13806,C003,2026-03-16,라이브,식품,46775,1381,45394,False,False
O13807,C004,2026-03-16,오픈마켓,뷰티,292206,15553,276653,False,False
O13808,C004,2026-03-16,오픈마켓,생활용품,381694,10669,0,True,False
O13809,C004,2026-03-16,오픈마켓,식품,373281,25784,347497,False,False
O13810,C004,2026-03-16,오픈마켓,뷰티,93974,5800,88174,False,False
O13811,C004,2026-03-16,오픈마켓,패션잡화,223119,7181,215938,False,False
O13812,C004,2026-03-16,오픈마켓,식품,359156,18841,340315,False,False
O13813,C004,2026-03-16,오픈마켓,패션잡화,349150,15327,333823,False,True
O13814,C004,2026-03-16,오픈마켓,생활용품,102477,3453,99024,False,False
O13815,C004,2026-03-16,오픈마켓,패션잡화,199399,5070,194329,False,False
O13816,C004,2026-03-16,오픈마켓,디지털,79590,4117,75473,False,False
O13817,C004,2026-03-16,오픈마켓,생활용품,272108,13199,258909,False,False
O13818,C005,2026-03-16,자사몰,뷰티,75446,2332,73114,False,False
O13819,C005,2026-03-16,자사몰,식품,245200,15015,230185,False,False
O13820,C005,2026-03-16,자사몰,디지털,105114,4318,100796,False,False
O13821,C005,2026-03-16,자사몰,뷰티,213278,6777,206501,False,False
O13822,C005,2026-03-16,자사몰,뷰티,123405,4325,119080,False,False
O13823,C005,2026-03-16,자사몰,패션잡화,98500,3310,95190,False,False
O13824,C005,2026-03-16,자사몰,생활용품,375573,14005,361568,False,False
O13825,C005,2026-03-16,자사몰,뷰티,63918,4613,59305,False,False
O13826,C005,2026-03-16,자사몰,뷰티,245586,16903,228683,False,False
O13827,C005,2026-03-16,자사몰,식품,119822,4754,115068,False,False
O13828,C001,2026-03-17,자사몰,식품,293779,20806,272973,False,False
O13829,C001,2026-03-17,자사몰,뷰티,221099,6279,214820,False,False
O13830,C001,2026-03-17,자사몰,디지털,137840,3855,133985,False,False
O13831,C001,2026-03-17,자사몰,디지털,96299,4175,92124,False,False
O13832,C002,2026-03-17,오픈마켓,패션잡화,401209,11747,389462,False,False
O13833,C002,2026-03-17,오픈마켓,식품,402386,15769,386617,False,False
O13834,C002,2026-03-17,오픈마켓,생활용품,108241,2808,105433,False,False
O13835,C002,2026-03-17,오픈마켓,뷰티,147169,8190,138979,False,False
O13836,C002,2026-03-17,오픈마켓,생활용품,304529,11568,292961,False,False
O13837,C002,2026-03-17,오픈마켓,식품,277994,9077,268917,False,False
O13838,C002,2026-03-17,오픈마켓,생활용품,82897,2259,80638,False,False
O13839,C002,2026-03-17,오픈마켓,뷰티,83063,5810,77253,False,False
O13840,C002,2026-03-17,오픈마켓,패션잡화,175909,4582,171327,False,False
O13841,C002,2026-03-17,오픈마켓,디지털,380694,24282,356412,False,False
O13842,C002,2026-03-17,오픈마켓,디지털,402351,12599,389752,False,False
O13843,C002,2026-03-17,오픈마켓,식품,107310,3100,104210,False,False
O13844,C002,2026-03-17,오픈마켓,생활용품,57285,1998,55287,False,False
O13845,C002,2026-03-17,오픈마켓,뷰티,237849,9706,228143,False,False
O13846,C002,2026-03-17,오픈마켓,패션잡화,141563,7865,133698,False,False
O13847,C003,2026-03-17,라이브,패션잡화,329338,17683,311655,False,False
O13848,C003,2026-03-17,라이브,식품,226330,14757,211573,False,True
O13849,C003,2026-03-17,라이브,식품,228667,14166,214501,False,False
O13850,C003,2026-03-17,라이브,뷰티,67010,3026,63984,False,False
O13851,C003,2026-03-17,라이브,디지털,108803,7776,101027,False,False
O13852,C004,2026-03-17,오픈마켓,뷰티,290845,21273,269572,False,True
O13853,C004,2026-03-17,오픈마켓,생활용품,313287,16876,296411,False,False
O13854,C004,2026-03-17,오픈마켓,디지털,126018,3392,122626,False,False
O13855,C004,2026-03-17,오픈마켓,디지털,142688,6352,136336,False,False
O13856,C004,2026-03-17,오픈마켓,식품,259901,8869,251032,False,False
O13857,C004,2026-03-17,오픈마켓,식품,300636,22358,278278,False,False
O13858,C004,2026-03-17,오픈마켓,패션잡화,230347,8318,222029,False,False
O13859,C004,2026-03-17,오픈마켓,식품,39078,2428,0,True,False
O13860,C004,2026-03-17,오픈마켓,디지털,144088,7006,137082,False,False
O13861,C004,2026-03-17,오픈마켓,뷰티,411672,23704,387968,False,True
O13862,C004,2026-03-17,오픈마켓,뷰티,265067,8445,256622,False,False
O13863,C004,2026-03-17,오픈마켓,패션잡화,210228,6137,204091,False,False
O13864,C004,2026-03-17,오픈마켓,생활용품,273262,11628,261634,False,False
O13865,C004,2026-03-17,오픈마켓,생활용품,395378,21628,373750,False,False
O13866,C005,2026-03-17,자사몰,생활용품,311744,14397,297347,False,False
O13867,C005,2026-03-17,자사몰,뷰티,399397,25214,374183,False,False
O13868,C005,2026-03-17,자사몰,식품,89022,6626,82396,False,False
O13869,C005,2026-03-17,자사몰,패션잡화,237429,7888,229541,False,False
O13870,C005,2026-03-17,자사몰,생활용품,53931,2333,51598,False,False
O13871,C005,2026-03-17,자사몰,패션잡화,382155,22294,359861,False,False
O13872,C005,2026-03-17,자사몰,뷰티,161720,8920,152800,False,False
O13873,C005,2026-03-17,자사몰,생활용품,145653,8336,137317,False,False
O13874,C005,2026-03-17,자사몰,디지털,258155,16057,242098,False,False
O13875,C001,2026-03-18,자사몰,디지털,217085,10577,206508,False,False
O13876,C001,2026-03-18,자사몰,뷰티,295746,10551,285195,False,False
O13877,C001,2026-03-18,자사몰,디지털,72013,5334,66679,False,False
O13878,C001,2026-03-18,자사몰,뷰티,382292,15387,366905,False,False
O13879,C001,2026-03-18,자사몰,패션잡화,43769,1992,41777,False,False
O13880,C001,2026-03-18,자사몰,생활용품,250206,7889,242317,False,False
O13881,C001,2026-03-18,자사몰,생활용품,60013,2655,57358,False,False
O13882,C001,2026-03-18,자사몰,생활용품,165939,7400,158539,False,False
O13883,C001,2026-03-18,자사몰,패션잡화,153539,6865,146674,False,False
O13884,C001,2026-03-18,자사몰,식품,378892,22815,356077,False,False
O13885,C001,2026-03-18,자사몰,식품,207180,14437,192743,False,False
O13886,C002,2026-03-18,오픈마켓,생활용품,277298,13047,264251,False,False
O13887,C002,2026-03-18,오픈마켓,식품,361763,9422,352341,False,False
O13888,C002,2026-03-18,오픈마켓,식품,252832,8080,244752,False,False
O13889,C002,2026-03-18,오픈마켓,뷰티,275970,7331,268639,False,False
O13890,C002,2026-03-18,오픈마켓,뷰티,419813,29969,389844,False,False
O13891,C002,2026-03-18,오픈마켓,식품,103345,7511,95834,False,True
O13892,C002,2026-03-18,오픈마켓,식품,312814,13679,299135,False,False
O13893,C002,2026-03-18,오픈마켓,생활용품,350204,21417,328787,False,False
O13894,C003,2026-03-18,라이브,식품,82013,3948,78065,False,False
O13895,C003,2026-03-18,라이브,뷰티,68125,4262,63863,False,False
O13896,C003,2026-03-18,라이브,디지털,401988,17848,384140,False,False
O13897,C003,2026-03-18,라이브,생활용품,252247,12333,239914,False,False
O13898,C003,2026-03-18,라이브,뷰티,387164,11387,375777,False,False
O13899,C003,2026-03-18,라이브,뷰티,391160,10768,380392,False,False
O13900,C003,2026-03-18,라이브,패션잡화,114264,6992,107272,False,False
O13901,C003,2026-03-18,라이브,패션잡화,197482,5547,191935,False,False
O13902,C003,2026-03-18,라이브,식품,384477,26310,358167,False,False
O13903,C003,2026-03-18,라이브,패션잡화,394725,18253,376472,False,False
O13904,C003,2026-03-18,라이브,디지털,39128,2402,36726,False,False
O13905,C003,2026-03-18,라이브,뷰티,131262,8767,122495,False,False
O13906,C003,2026-03-18,라이브,식품,167785,9016,158769,False,False
O13907,C003,2026-03-18,라이브,뷰티,116423,4979,111444,False,False
O13908,C004,2026-03-18,오픈마켓,생활용품,94304,2544,91760,False,False
O13909,C004,2026-03-18,오픈마켓,디지털,212396,14457,197939,False,False
O13910,C004,2026-03-18,오픈마켓,패션잡화,104089,4790,99299,False,False
O13911,C004,2026-03-18,오픈마켓,패션잡화,209623,7501,202122,False,False
O13912,C004,2026-03-18,오픈마켓,생활용품,187306,9149,178157,False,True
O13913,C004,2026-03-18,오픈마켓,식품,221144,10896,210248,False,False
O13914,C004,2026-03-18,오픈마켓,식품,168538,8154,160384,False,False
O13915,C004,2026-03-18,오픈마켓,생활용품,192512,11110,181402,False,False
O13916,C004,2026-03-18,오픈마켓,디지털,414144,12645,401499,False,False
O13917,C004,2026-03-18,오픈마켓,패션잡화,126146,8487,117659,False,False
O13918,C004,2026-03-18,오픈마켓,패션잡화,213046,9968,203078,False,False
O13919,C004,2026-03-18,오픈마켓,디지털,380420,10215,370205,False,False
O13920,C004,2026-03-18,오픈마켓,패션잡화,362501,22640,339861,False,False
O13921,C005,2026-03-18,자사몰,패션잡화,217640,11311,206329,False,False
O13922,C005,2026-03-18,자사몰,식품,413460,25984,387476,False,False
O13923,C005,2026-03-18,자사몰,패션잡화,222510,12356,210154,False,False
O13924,C005,2026-03-18,자사몰,생활용품,368661,11805,356856,False,False
O13925,C005,2026-03-18,자사몰,디지털,353182,14797,0,True,False
O13926,C001,2026-03-19,자사몰,디지털,348749,16690,332059,False,False
O13927,C001,2026-03-19,자사몰,생활용품,219489,12774,206715,False,False
O13928,C001,2026-03-19,자사몰,뷰티,65349,2162,63187,False,False
O13929,C001,2026-03-19,자사몰,패션잡화,332959,24544,0,True,False
O13930,C001,2026-03-19,자사몰,식품,388416,13935,374481,False,False
O13931,C001,2026-03-19,자사몰,패션잡화,66881,2614,64267,False,False
O13932,C001,2026-03-19,자사몰,식품,45291,2283,43008,False,False
O13933,C002,2026-03-19,오픈마켓,생활용품,415241,15966,399275,False,False
O13934,C002,2026-03-19,오픈마켓,뷰티,79678,3303,0,True,False
O13935,C002,2026-03-19,오픈마켓,생활용품,102032,3699,98333,False,False
O13936,C002,2026-03-19,오픈마켓,식품,249949,7347,242602,False,False
O13937,C002,2026-03-19,오픈마켓,뷰티,243748,16153,227595,False,False
O13938,C002,2026-03-19,오픈마켓,식품,125742,4508,121234,False,False
O13939,C002,2026-03-19,오픈마켓,뷰티,112958,3504,109454,False,False
O13940,C002,2026-03-19,오픈마켓,뷰티,194728,12938,181790,False,False
O13941,C002,2026-03-19,오픈마켓,디지털,157895,5324,152571,False,False
O13942,C002,2026-03-19,오픈마켓,생활용품,385753,18979,366774,False,False
O13943,C002,2026-03-19,오픈마켓,생활용품,251048,9774,241274,False,False
O13944,C002,2026-03-19,오픈마켓,패션잡화,312055,17087,294968,False,False
O13945,C003,2026-03-19,라이브,뷰티,186659,8704,177955,False,False
O13946,C003,2026-03-19,라이브,디지털,271294,10283,261011,False,False
O13947,C003,2026-03-19,라이브,생활용품,232459,8445,224014,False,False
O13948,C003,2026-03-19,라이브,디지털,383110,27400,355710,False,False
O13949,C003,2026-03-19,라이브,생활용품,400210,27155,373055,False,False
O13950,C003,2026-03-19,라이브,뷰티,289341,20812,268529,False,False
O13951,C003,2026-03-19,라이브,디지털,312426,8295,304131,False,False
O13952,C003,2026-03-19,라이브,생활용품,164190,10778,153412,False,False
O13953,C003,2026-03-19,라이브,디지털,74190,5199,68991,False,False
O13954,C003,2026-03-19,라이브,디지털,245686,17411,228275,False,False
O13955,C003,2026-03-19,라이브,뷰티,349908,25874,324034,False,False
O13956,C003,2026-03-19,라이브,생활용품,93463,6657,86806,False,False
O13957,C003,2026-03-19,라이브,생활용품,279571,18566,261005,False,False
O13958,C004,2026-03-19,오픈마켓,패션잡화,76797,2175,74622,False,False
O13959,C004,2026-03-19,오픈마켓,뷰티,119209,6199,113010,False,False
O13960,C004,2026-03-19,오픈마켓,생활용품,345896,23025,0,True,False
O13961,C004,2026-03-19,오픈마켓,생활용품,229819,15643,214176,False,False
O13962,C004,2026-03-19,오픈마켓,뷰티,250464,9268,241196,False,False
O13963,C004,2026-03-19,오픈마켓,뷰티,211023,8071,202952,False,False
O13964,C004,2026-03-19,오픈마켓,패션잡화,44220,1220,43000,False,False
O13965,C004,2026-03-19,오픈마켓,뷰티,227090,6286,220804,False,False
O13966,C004,2026-03-19,오픈마켓,생활용품,68557,2356,66201,False,False
O13967,C004,2026-03-19,오픈마켓,뷰티,350531,21423,329108,False,False
O13968,C004,2026-03-19,오픈마켓,디지털,289388,13382,276006,False,False
O13969,C004,2026-03-19,오픈마켓,뷰티,403492,11705,391787,False,False
O13970,C005,2026-03-19,자사몰,뷰티,241738,15326,226412,False,False
O13971,C005,2026-03-19,자사몰,디지털,353918,15909,338009,False,False
O13972,C005,2026-03-19,자사몰,패션잡화,96723,5436,91287,False,False
O13973,C005,2026-03-19,자사몰,식품,332938,23720,309218,False,False
O13974,C001,2026-03-20,자사몰,식품,120559,8440,112119,False,False
O13975,C001,2026-03-20,자사몰,생활용품,219695,13228,206467,False,False
O13976,C001,2026-03-20,자사몰,식품,206976,5299,201677,False,False
O13977,C001,2026-03-20,자사몰,디지털,47749,2300,45449,False,False
O13978,C001,2026-03-20,자사몰,식품,417939,12098,405841,False,False
O13979,C001,2026-03-20,자사몰,디지털,120759,3856,116903,False,False
O13980,C001,2026-03-20,자사몰,패션잡화,401340,18905,382435,False,False
O13981,C001,2026-03-20,자사몰,식품,308095,13240,294855,False,False
O13982,C001,2026-03-20,자사몰,뷰티,45979,2585,43394,False,False
O13983,C001,2026-03-20,자사몰,생활용품,222112,15472,206640,False,False
O13984,C001,2026-03-20,자사몰,패션잡화,235497,15583,0,True,False
O13985,C001,2026-03-20,자사몰,생활용품,150386,10458,139928,False,False
O13986,C001,2026-03-20,자사몰,패션잡화,397903,13387,384516,False,False
O13987,C001,2026-03-20,자사몰,식품,248752,11623,237129,False,False
O13988,C002,2026-03-20,오픈마켓,식품,244016,8288,235728,False,False
O13989,C002,2026-03-20,오픈마켓,뷰티,74251,3989,70262,False,False
O13990,C002,2026-03-20,오픈마켓,디지털,244857,16449,228408,False,False
O13991,C002,2026-03-20,오픈마켓,생활용품,103159,3593,99566,False,False
O13992,C002,2026-03-20,오픈마켓,생활용품,332147,13427,318720,False,False
O13993,C002,2026-03-20,오픈마켓,패션잡화,261910,15536,246374,False,False
O13994,C002,2026-03-20,오픈마켓,디지털,200804,5521,195283,False,False
O13995,C002,2026-03-20,오픈마켓,디지털,377194,20771,356423,False,False
O13996,C002,2026-03-20,오픈마켓,생활용품,86451,5880,80571,False,False
O13997,C002,2026-03-20,오픈마켓,디지털,64449,4186,60263,False,False
O13998,C003,2026-03-20,라이브,식품,129680,9626,120054,False,False
O13999,C003,2026-03-20,라이브,식품,109782,3619,106163,False,False
O14000,C003,2026-03-20,라이브,식품,140889,10357,130532,False,False
O14001,C003,2026-03-20,라이브,식품,247838,11930,235908,False,False
O14002,C003,2026-03-20,라이브,디지털,364275,9331,354944,False,False
O14003,C003,2026-03-20,라이브,디지털,233387,12271,221116,False,False
O14004,C003,2026-03-20,라이브,생활용품,395322,24021,371301,False,False
O14005,C003,2026-03-20,라이브,뷰티,241357,15923,225434,False,False
O14006,C003,2026-03-20,라이브,생활용품,105678,7261,98417,False,False
O14007,C004,2026-03-20,오픈마켓,식품,410624,10849,399775,False,False
O14008,C004,2026-03-20,오픈마켓,뷰티,35826,1877,33949,False,False
O14009,C004,2026-03-20,오픈마켓,뷰티,52068,1605,50463,False,False
O14010,C004,2026-03-20,오픈마켓,식품,382315,24106,358209,False,False
O14011,C004,2026-03-20,오픈마켓,생활용품,39251,2509,36742,False,False
O14012,C004,2026-03-20,오픈마켓,식품,276429,14614,261815,False,False
O14013,C004,2026-03-20,오픈마켓,디지털,273866,7490,266376,False,False
O14014,C004,2026-03-20,오픈마켓,생활용품,407267,29505,377762,False,False
O14015,C004,2026-03-20,오픈마켓,뷰티,330793,20587,310206,False,False
O14016,C005,2026-03-20,자사몰,식품,281231,11717,0,True,False
O14017,C005,2026-03-20,자사몰,뷰티,320980,17053,303927,False,False
O14018,C005,2026-03-20,자사몰,생활용품,336546,24098,312448,False,False
O14019,C005,2026-03-20,자사몰,패션잡화,271629,15625,256004,False,False
O14020,C005,2026-03-20,자사몰,디지털,268745,14052,254693,False,False
O14021,C001,2026-03-21,자사몰,패션잡화,72639,3569,69070,False,False
O14022,C001,2026-03-21,자사몰,뷰티,286795,13914,272881,False,False
O14023,C001,2026-03-21,자사몰,디지털,255561,15563,239998,False,False
O14024,C001,2026-03-21,자사몰,뷰티,218072,9733,208339,False,False
O14025,C001,2026-03-21,자사몰,패션잡화,141431,8806,132625,False,False
O14026,C001,2026-03-21,자사몰,뷰티,78195,3542,74653,False,False
O14027,C001,2026-03-21,자사몰,패션잡화,369587,15694,353893,False,False
O14028,C001,2026-03-21,자사몰,뷰티,310686,8645,302041,False,False
O14029,C001,2026-03-21,자사몰,패션잡화,187566,4803,182763,False,False
O14030,C001,2026-03-21,자사몰,뷰티,223171,12371,210800,False,False
O14031,C001,2026-03-21,자사몰,식품,254366,8031,246335,False,False
O14032,C001,2026-03-21,자사몰,생활용품,110554,6918,103636,False,False
O14033,C001,2026-03-21,자사몰,식품,410802,26912,383890,False,False
O14034,C002,2026-03-21,오픈마켓,생활용품,91441,5991,85450,False,False
O14035,C002,2026-03-21,오픈마켓,생활용품,322813,16947,305866,False,False
O14036,C002,2026-03-21,오픈마켓,생활용품,146242,5036,0,True,False
O14037,C002,2026-03-21,오픈마켓,패션잡화,45306,1378,43928,False,False
O14038,C003,2026-03-21,라이브,패션잡화,130775,5954,124821,False,False
O14039,C003,2026-03-21,라이브,패션잡화,196165,7598,188567,False,False
O14040,C003,2026-03-21,라이브,식품,70997,2600,68397,False,True
O14041,C003,2026-03-21,라이브,패션잡화,313473,9391,304082,False,False
O14042,C003,2026-03-21,라이브,생활용품,298228,22341,275887,False,False
O14043,C003,2026-03-21,라이브,패션잡화,396538,17279,379259,False,True
O14044,C003,2026-03-21,라이브,식품,395514,24364,371150,False,False
O14045,C003,2026-03-21,라이브,생활용품,197823,12913,0,True,False
O14046,C003,2026-03-21,라이브,뷰티,141152,5430,135722,False,False
O14047,C003,2026-03-21,라이브,패션잡화,57168,2156,55012,False,False
O14048,C003,2026-03-21,라이브,디지털,102449,2669,99780,False,False
O14049,C003,2026-03-21,라이브,패션잡화,254835,18970,235865,False,False
O14050,C003,2026-03-21,라이브,디지털,281086,11054,270032,False,False
O14051,C004,2026-03-21,오픈마켓,식품,127937,7726,120211,False,False
O14052,C004,2026-03-21,오픈마켓,패션잡화,245747,8130,0,True,False
O14053,C004,2026-03-21,오픈마켓,디지털,360507,25443,335064,False,False
O14054,C004,2026-03-21,오픈마켓,식품,353675,24956,328719,False,False
O14055,C004,2026-03-21,오픈마켓,디지털,393690,19193,374497,False,False
O14056,C004,2026-03-21,오픈마켓,뷰티,396375,26006,370369,False,False
O14057,C004,2026-03-21,오픈마켓,뷰티,112028,7628,104400,False,False
O14058,C004,2026-03-21,오픈마켓,패션잡화,134405,4973,129432,False,True
O14059,C004,2026-03-21,오픈마켓,디지털,214003,9157,204846,False,False
O14060,C004,2026-03-21,오픈마켓,식품,174220,4845,169375,False,False
O14061,C004,2026-03-21,오픈마켓,패션잡화,380255,25056,355199,False,False
O14062,C004,2026-03-21,오픈마켓,식품,393952,12598,381354,False,False
O14063,C004,2026-03-21,오픈마켓,식품,417584,27165,390419,False,True
O14064,C005,2026-03-21,자사몰,식품,154306,11025,0,True,False
O14065,C005,2026-03-21,자사몰,디지털,359409,12498,346911,False,False
O14066,C005,2026-03-21,자사몰,뷰티,326869,16777,310092,False,False
O14067,C005,2026-03-21,자사몰,식품,226029,12875,213154,False,False
O14068,C005,2026-03-21,자사몰,생활용품,173511,10402,163109,False,False
O14069,C005,2026-03-21,자사몰,패션잡화,43138,1657,41481,False,False
O14070,C001,2026-03-22,자사몰,식품,326730,10266,316464,False,False
O14071,C001,2026-03-22,자사몰,식품,186758,12611,174147,False,False
O14072,C001,2026-03-22,자사몰,생활용품,114282,4581,109701,False,False
O14073,C001,2026-03-22,자사몰,패션잡화,193042,12200,180842,False,False
O14074,C001,2026-03-22,자사몰,생활용품,224971,8633,216338,False,False
O14075,C001,2026-03-22,자사몰,뷰티,135408,6058,129350,False,False
O14076,C001,2026-03-22,자사몰,생활용품,43757,1660,42097,False,False
O14077,C001,2026-03-22,자사몰,패션잡화,86333,5465,80868,False,False
O14078,C001,2026-03-22,자사몰,뷰티,283782,7162,276620,False,False
O14079,C001,2026-03-22,자사몰,생활용품,218474,5868,212606,False,False
O14080,C002,2026-03-22,오픈마켓,생활용품,125811,7585,0,True,False
O14081,C002,2026-03-22,오픈마켓,뷰티,342136,25189,316947,False,False
O14082,C002,2026-03-22,오픈마켓,식품,193482,8138,185344,False,False
O14083,C002,2026-03-22,오픈마켓,뷰티,215810,7314,208496,False,False
O14084,C002,2026-03-22,오픈마켓,생활용품,354592,26561,328031,False,False
O14085,C002,2026-03-22,오픈마켓,뷰티,40733,2112,38621,False,False
O14086,C002,2026-03-22,오픈마켓,생활용품,276253,14451,261802,False,False
O14087,C002,2026-03-22,오픈마켓,패션잡화,85629,4111,81518,False,False
O14088,C002,2026-03-22,오픈마켓,패션잡화,350158,10401,0,True,False
O14089,C003,2026-03-22,라이브,생활용품,382575,14701,367874,False,False
O14090,C003,2026-03-22,라이브,디지털,131310,6598,124712,False,False
O14091,C003,2026-03-22,라이브,식품,382182,25588,356594,False,False
O14092,C003,2026-03-22,라이브,식품,199662,12521,187141,False,False
O14093,C003,2026-03-22,라이브,생활용품,210846,11670,199176,False,False
O14094,C003,2026-03-22,라이브,패션잡화,178915,12043,166872,False,False
O14095,C004,2026-03-22,오픈마켓,패션잡화,368997,18538,350459,False,False
O14096,C004,2026-03-22,오픈마켓,뷰티,305944,9593,296351,False,False
O14097,C004,2026-03-22,오픈마켓,식품,269999,20047,249952,False,False
O14098,C004,2026-03-22,오픈마켓,디지털,318366,8798,309568,False,False
O14099,C004,2026-03-22,오픈마켓,디지털,54516,2028,52488,False,False
O14100,C005,2026-03-22,자사몰,패션잡화,348738,14225,334513,False,False
O14101,C005,2026-03-22,자사몰,패션잡화,195935,10390,185545,False,False
O14102,C005,2026-03-22,자사몰,패션잡화,200361,5804,194557,False,True
O14103,C005,2026-03-22,자사몰,패션잡화,274761,20176,254585,False,False
O14104,C005,2026-03-22,자사몰,식품,55577,4035,51542,False,False
O14105,C005,2026-03-22,자사몰,식품,390179,18780,371399,False,False
O14106,C005,2026-03-22,자사몰,식품,388445,13875,374570,False,True
O14107,C005,2026-03-22,자사몰,디지털,46225,3015,43210,False,False
O14108,C005,2026-03-22,자사몰,식품,145650,7428,138222,False,False
O14109,C005,2026-03-22,자사몰,패션잡화,401700,10467,391233,False,False
O14110,C001,2026-03-23,자사몰,생활용품,246780,10431,236349,False,False
O14111,C001,2026-03-23,자사몰,생활용품,194842,12540,182302,False,True
O14112,C001,2026-03-23,자사몰,식품,53856,2120,51736,False,False
O14113,C001,2026-03-23,자사몰,패션잡화,108296,5850,102446,False,False
O14114,C001,2026-03-23,자사몰,생활용품,190731,11953,178778,False,False
O14115,C001,2026-03-23,자사몰,뷰티,216373,9960,206413,False,True
O14116,C001,2026-03-23,자사몰,생활용품,93838,5847,87991,False,False
O14117,C001,2026-03-23,자사몰,뷰티,306129,15506,290623,False,False
O14118,C002,2026-03-23,오픈마켓,식품,300221,11570,288651,False,False
O14119,C002,2026-03-23,오픈마켓,뷰티,139637,7139,132498,False,False
O14120,C002,2026-03-23,오픈마켓,식품,325627,13322,312305,False,False
O14121,C002,2026-03-23,오픈마켓,패션잡화,258858,8465,250393,False,False
O14122,C002,2026-03-23,오픈마켓,식품,50174,3220,46954,False,True
O14123,C002,2026-03-23,오픈마켓,생활용품,61323,4243,57080,False,False
O14124,C002,2026-03-23,오픈마켓,패션잡화,80365,5653,74712,False,False
O14125,C002,2026-03-23,오픈마켓,패션잡화,184033,13001,171032,False,False
O14126,C002,2026-03-23,오픈마켓,식품,206983,9556,197427,False,False
O14127,C003,2026-03-23,라이브,패션잡화,309430,12179,297251,False,False
O14128,C003,2026-03-23,라이브,식품,354201,17847,336354,False,False
O14129,C003,2026-03-23,라이브,생활용품,50339,1919,48420,False,True
O14130,C003,2026-03-23,라이브,뷰티,152523,6597,145926,False,False
O14131,C003,2026-03-23,라이브,뷰티,54741,2639,0,True,False
O14132,C003,2026-03-23,라이브,식품,210214,13900,196314,False,False
O14133,C003,2026-03-23,라이브,뷰티,238553,10618,227935,False,False
O14134,C003,2026-03-23,라이브,패션잡화,252757,14607,238150,False,False
O14135,C003,2026-03-23,라이브,뷰티,337072,14661,322411,False,True
O14136,C003,2026-03-23,라이브,생활용품,118803,7215,111588,False,False
O14137,C004,2026-03-23,오픈마켓,식품,303041,19644,283397,False,True
O14138,C004,2026-03-23,오픈마켓,식품,162665,6512,156153,False,False
O14139,C004,2026-03-23,오픈마켓,뷰티,384031,11674,372357,False,False
O14140,C004,2026-03-23,오픈마켓,식품,369069,19278,349791,False,False
O14141,C004,2026-03-23,오픈마켓,식품,234875,13896,220979,False,False
O14142,C004,2026-03-23,오픈마켓,생활용품,136897,5878,131019,False,False
O14143,C004,2026-03-23,오픈마켓,뷰티,384337,20837,363500,False,False
O14144,C005,2026-03-23,자사몰,뷰티,222863,7930,214933,False,False
O14145,C005,2026-03-23,자사몰,식품,328108,15378,312730,False,False
O14146,C005,2026-03-23,자사몰,패션잡화,332216,24213,308003,False,False
O14147,C005,2026-03-23,자사몰,디지털,53337,3430,49907,False,False
O14148,C005,2026-03-23,자사몰,패션잡화,210420,11828,198592,False,False
O14149,C005,2026-03-23,자사몰,생활용품,40743,2969,37774,False,False
O14150,C005,2026-03-23,자사몰,패션잡화,404340,13664,390676,False,False
O14151,C001,2026-03-24,자사몰,생활용품,215979,7276,208703,False,False
O14152,C001,2026-03-24,자사몰,생활용품,298040,8706,289334,False,False
O14153,C001,2026-03-24,자사몰,생활용품,295968,8275,287693,False,False
O14154,C001,2026-03-24,자사몰,식품,254059,10568,243491,False,False
O14155,C001,2026-03-24,자사몰,디지털,47708,2236,45472,False,False
O14156,C001,2026-03-24,자사몰,식품,258258,11655,246603,False,False
O14157,C001,2026-03-24,자사몰,생활용품,74171,4986,69185,False,False
O14158,C001,2026-03-24,자사몰,생활용품,248446,6478,241968,False,False
O14159,C001,2026-03-24,자사몰,생활용품,352553,11198,341355,False,False
O14160,C001,2026-03-24,자사몰,디지털,119834,6313,113521,False,False
O14161,C001,2026-03-24,자사몰,뷰티,310028,18490,291538,False,False
O14162,C001,2026-03-24,자사몰,패션잡화,272528,7388,265140,False,False
O14163,C001,2026-03-24,자사몰,생활용품,277283,14408,262875,False,True
O14164,C001,2026-03-24,자사몰,식품,108458,5721,102737,False,False
O14165,C002,2026-03-24,오픈마켓,패션잡화,226307,7872,218435,False,True
O14166,C002,2026-03-24,오픈마켓,식품,153622,6899,146723,False,False
O14167,C002,2026-03-24,오픈마켓,디지털,205535,7321,198214,False,False
O14168,C002,2026-03-24,오픈마켓,식품,99784,4796,94988,False,False
O14169,C003,2026-03-24,라이브,패션잡화,369683,21341,348342,False,False
O14170,C003,2026-03-24,라이브,뷰티,212870,13976,198894,False,False
O14171,C003,2026-03-24,라이브,뷰티,387179,25030,362149,False,False
O14172,C003,2026-03-24,라이브,식품,86857,4849,82008,False,True
O14173,C003,2026-03-24,라이브,생활용품,117461,8139,109322,False,False
O14174,C003,2026-03-24,라이브,디지털,296960,14584,0,True,False
O14175,C003,2026-03-24,라이브,식품,32299,1462,30837,False,False
O14176,C003,2026-03-24,라이브,식품,409909,16032,393877,False,False
O14177,C004,2026-03-24,오픈마켓,디지털,133340,7523,125817,False,False
O14178,C004,2026-03-24,오픈마켓,생활용품,68658,3604,65054,False,False
O14179,C004,2026-03-24,오픈마켓,생활용품,329961,21097,308864,False,False
O14180,C004,2026-03-24,오픈마켓,디지털,332595,16632,315963,False,False
O14181,C004,2026-03-24,오픈마켓,디지털,415117,20967,394150,False,False
O14182,C005,2026-03-24,자사몰,패션잡화,408093,12081,396012,False,False
O14183,C005,2026-03-24,자사몰,패션잡화,292509,9928,282581,False,False
O14184,C005,2026-03-24,자사몰,식품,277697,20580,257117,False,True
O14185,C005,2026-03-24,자사몰,식품,157581,8487,149094,False,False
O14186,C005,2026-03-24,자사몰,디지털,36444,2429,34015,False,False
O14187,C005,2026-03-24,자사몰,생활용품,347604,25241,322363,False,False
O14188,C005,2026-03-24,자사몰,뷰티,47171,1848,45323,False,False
O14189,C005,2026-03-24,자사몰,뷰티,419405,18850,400555,False,False
O14190,C005,2026-03-24,자사몰,생활용품,366827,12378,354449,False,False
O14191,C005,2026-03-24,자사몰,생활용품,251013,10754,240259,False,False
O14192,C005,2026-03-24,자사몰,패션잡화,294891,9989,284902,False,False
O14193,C005,2026-03-24,자사몰,뷰티,269847,19392,250455,False,False
O14194,C005,2026-03-24,자사몰,뷰티,261392,8795,252597,False,False
O14195,C001,2026-03-25,자사몰,디지털,334266,17309,316957,False,False
O14196,C001,2026-03-25,자사몰,생활용품,90628,5960,84668,False,False
O14197,C001,2026-03-25,자사몰,패션잡화,315584,22177,293407,False,False
O14198,C001,2026-03-25,자사몰,생활용품,329566,15498,314068,False,False
O14199,C001,2026-03-25,자사몰,패션잡화,260374,7869,252505,False,False
O14200,C001,2026-03-25,자사몰,식품,350045,17368,332677,False,False
O14201,C001,2026-03-25,자사몰,생활용품,269024,15203,253821,False,False
O14202,C001,2026-03-25,자사몰,생활용품,152794,8434,144360,False,False
O14203,C001,2026-03-25,자사몰,디지털,59436,2390,57046,False,False
O14204,C001,2026-03-25,자사몰,뷰티,392162,11578,0,True,False
O14205,C001,2026-03-25,자사몰,디지털,274520,9291,265229,False,False
O14206,C001,2026-03-25,자사몰,디지털,69340,4339,65001,False,False
O14207,C001,2026-03-25,자사몰,패션잡화,338579,24311,314268,False,False
O14208,C001,2026-03-25,자사몰,디지털,79784,2490,77294,False,False
O14209,C001,2026-03-25,자사몰,식품,132230,8597,123633,False,False
O14210,C002,2026-03-25,오픈마켓,식품,136782,7732,129050,False,False
O14211,C002,2026-03-25,오픈마켓,생활용품,414888,14097,400791,False,False
O14212,C002,2026-03-25,오픈마켓,생활용품,219370,14532,204838,False,False
O14213,C002,2026-03-25,오픈마켓,패션잡화,360319,23754,336565,False,False
O14214,C002,2026-03-25,오픈마켓,생활용품,67365,3640,63725,False,False
O14215,C002,2026-03-25,오픈마켓,식품,382071,13459,368612,False,False
O14216,C002,2026-03-25,오픈마켓,뷰티,184613,11232,173381,False,False
O14217,C002,2026-03-25,오픈마켓,생활용품,266824,18460,248364,False,False
O14218,C002,2026-03-25,오픈마켓,패션잡화,403046,23531,379515,False,False
O14219,C002,2026-03-25,오픈마켓,패션잡화,389136,15353,373783,False,False
O14220,C002,2026-03-25,오픈마켓,디지털,278579,19249,259330,False,False
O14221,C002,2026-03-25,오픈마켓,식품,52466,2615,49851,False,False
O14222,C002,2026-03-25,오픈마켓,생활용품,262619,6720,255899,False,False
O14223,C002,2026-03-25,오픈마켓,패션잡화,77177,5781,71396,False,False
O14224,C002,2026-03-25,오픈마켓,식품,387821,14998,372823,False,False
O14225,C003,2026-03-25,라이브,생활용품,70222,1837,68385,False,False
O14226,C003,2026-03-25,라이브,생활용품,188287,8011,180276,False,False
O14227,C003,2026-03-25,라이브,디지털,60562,2826,57736,False,False
O14228,C003,2026-03-25,라이브,뷰티,109301,6389,102912,False,False
O14229,C003,2026-03-25,라이브,패션잡화,131710,4638,127072,False,False
O14230,C003,2026-03-25,라이브,디지털,150933,7001,143932,False,False
O14231,C004,2026-03-25,오픈마켓,패션잡화,153433,5982,147451,False,False
O14232,C004,2026-03-25,오픈마켓,뷰티,387655,18076,369579,False,False
O14233,C004,2026-03-25,오픈마켓,식품,342510,14589,327921,False,False
O14234,C004,2026-03-25,오픈마켓,식품,340515,16697,323818,False,False
O14235,C004,2026-03-25,오픈마켓,패션잡화,279379,8883,270496,False,True
O14236,C004,2026-03-25,오픈마켓,디지털,347239,17576,329663,False,False
O14237,C004,2026-03-25,오픈마켓,생활용품,278790,17303,261487,False,False
O14238,C004,2026-03-25,오픈마켓,생활용품,196462,6519,189943,False,False
O14239,C004,2026-03-25,오픈마켓,뷰티,168989,10425,158564,False,False
O14240,C004,2026-03-25,오픈마켓,식품,371747,12032,359715,False,True
O14241,C004,2026-03-25,오픈마켓,식품,46413,2930,43483,False,True
O14242,C004,2026-03-25,오픈마켓,디지털,351413,10456,340957,False,False
O14243,C004,2026-03-25,오픈마켓,뷰티,156233,7118,149115,False,False
O14244,C004,2026-03-25,오픈마켓,식품,179537,12482,167055,False,False
O14245,C004,2026-03-25,오픈마켓,디지털,378002,10491,367511,False,False
O14246,C005,2026-03-25,자사몰,뷰티,224825,7560,217265,False,False
O14247,C005,2026-03-25,자사몰,생활용품,296122,11093,0,True,False
O14248,C005,2026-03-25,자사몰,디지털,101850,6953,94897,False,False
O14249,C005,2026-03-25,자사몰,생활용품,80629,2746,77883,False,False
O14250,C005,2026-03-25,자사몰,뷰티,282605,16293,266312,False,False
O14251,C005,2026-03-25,자사몰,패션잡화,314376,12331,302045,False,False
O14252,C001,2026-03-26,자사몰,디지털,77753,5462,72291,False,False
O14253,C001,2026-03-26,자사몰,패션잡화,78640,2967,75673,False,False
O14254,C001,2026-03-26,자사몰,식품,340402,17268,323134,False,False
O14255,C001,2026-03-26,자사몰,식품,227976,13993,0,True,False
O14256,C001,2026-03-26,자사몰,패션잡화,43033,1812,41221,False,False
O14257,C001,2026-03-26,자사몰,뷰티,67796,2041,65755,False,False
O14258,C001,2026-03-26,자사몰,패션잡화,223141,9136,214005,False,False
O14259,C001,2026-03-26,자사몰,디지털,273691,12897,260794,False,False
O14260,C001,2026-03-26,자사몰,식품,368851,26903,341948,False,True
O14261,C001,2026-03-26,자사몰,패션잡화,376662,17898,358764,False,False
O14262,C001,2026-03-26,자사몰,식품,191586,6500,185086,False,True
O14263,C001,2026-03-26,자사몰,뷰티,79680,3232,76448,False,False
O14264,C001,2026-03-26,자사몰,뷰티,373612,27066,346546,False,False
O14265,C002,2026-03-26,오픈마켓,뷰티,179498,7469,0,True,False
O14266,C002,2026-03-26,오픈마켓,뷰티,157630,7694,149936,False,False
O14267,C002,2026-03-26,오픈마켓,뷰티,68062,3120,64942,False,True
O14268,C002,2026-03-26,오픈마켓,패션잡화,378929,18094,360835,False,False
O14269,C002,2026-03-26,오픈마켓,뷰티,221668,12426,209242,False,False
O14270,C002,2026-03-26,오픈마켓,식품,32012,1540,30472,False,False
O14271,C002,2026-03-26,오픈마켓,식품,111224,7052,104172,False,True
O14272,C003,2026-03-26,라이브,식품,196946,5448,191498,False,False
O14273,C003,2026-03-26,라이브,생활용품,140566,6001,134565,False,True
O14274,C003,2026-03-26,라이브,뷰티,81736,3495,78241,False,True
O14275,C003,2026-03-26,라이브,패션잡화,210025,13497,196528,False,False
O14276,C003,2026-03-26,라이브,뷰티,225415,14992,210423,False,False
O14277,C004,2026-03-26,오픈마켓,뷰티,177758,10412,167346,False,False
O14278,C004,2026-03-26,오픈마켓,패션잡화,317117,9793,307324,False,False
O14279,C004,2026-03-26,오픈마켓,디지털,214038,13125,200913,False,False
O14280,C004,2026-03-26,오픈마켓,패션잡화,395632,20347,375285,False,False
O14281,C004,2026-03-26,오픈마켓,식품,96678,6617,90061,False,False
O14282,C004,2026-03-26,오픈마켓,패션잡화,197425,12752,184673,False,False
O14283,C004,2026-03-26,오픈마켓,식품,35733,2104,33629,False,False
O14284,C004,2026-03-26,오픈마켓,생활용품,264401,15613,248788,False,False
O14285,C004,2026-03-26,오픈마켓,식품,94493,4633,89860,False,True
O14286,C004,2026-03-26,오픈마켓,생활용품,113735,6852,106883,False,False
O14287,C004,2026-03-26,오픈마켓,식품,251650,18225,233425,False,False
O14288,C004,2026-03-26,오픈마켓,뷰티,264452,10037,254415,False,False
O14289,C005,2026-03-26,자사몰,식품,102179,5892,96287,False,False
O14290,C005,2026-03-26,자사몰,생활용품,251587,6502,245085,False,False
O14291,C005,2026-03-26,자사몰,패션잡화,335096,22403,312693,False,False
O14292,C005,2026-03-26,자사몰,패션잡화,141484,5644,135840,False,True
O14293,C005,2026-03-26,자사몰,뷰티,199883,6673,193210,False,False
O14294,C005,2026-03-26,자사몰,뷰티,218531,7740,210791,False,False
O14295,C005,2026-03-26,자사몰,패션잡화,82444,2238,80206,False,False
O14296,C005,2026-03-26,자사몰,식품,183459,4629,178830,False,False
O14297,C005,2026-03-26,자사몰,패션잡화,274326,18075,256251,False,False
O14298,C005,2026-03-26,자사몰,디지털,166151,11807,154344,False,False
O14299,C005,2026-03-26,자사몰,패션잡화,231981,15999,215982,False,False
O14300,C005,2026-03-26,자사몰,뷰티,110229,8009,102220,False,False
O14301,C005,2026-03-26,자사몰,생활용품,403306,19840,383466,False,False
O14302,C001,2026-03-27,자사몰,뷰티,408367,28676,379691,False,False
O14303,C001,2026-03-27,자사몰,뷰티,165066,5034,0,True,False
O14304,C001,2026-03-27,자사몰,생활용품,253467,6795,246672,False,False
O14305,C001,2026-03-27,자사몰,생활용품,335911,20844,315067,False,False
O14306,C002,2026-03-27,오픈마켓,식품,233106,12475,0,True,False
O14307,C002,2026-03-27,오픈마켓,패션잡화,123206,9195,114011,False,False
O14308,C002,2026-03-27,오픈마켓,뷰티,233563,11479,222084,False,True
O14309,C002,2026-03-27,오픈마켓,식품,75498,3864,71634,False,False
O14310,C002,2026-03-27,오픈마켓,뷰티,153036,4872,148164,False,False
O14311,C002,2026-03-27,오픈마켓,생활용품,303774,13740,290034,False,False
O14312,C002,2026-03-27,오픈마켓,뷰티,189359,7019,182340,False,False
O14313,C003,2026-03-27,라이브,디지털,230355,15138,215217,False,False
O14314,C003,2026-03-27,라이브,패션잡화,96043,6232,89811,False,True
O14315,C003,2026-03-27,라이브,패션잡화,380557,16733,363824,False,False
O14316,C003,2026-03-27,라이브,생활용품,259149,11899,247250,False,False
O14317,C003,2026-03-27,라이브,뷰티,32368,1817,30551,False,True
O14318,C004,2026-03-27,오픈마켓,식품,219531,12899,206632,False,False
O14319,C004,2026-03-27,오픈마켓,뷰티,247463,7757,239706,False,False
O14320,C004,2026-03-27,오픈마켓,디지털,289406,18012,271394,False,False
O14321,C004,2026-03-27,오픈마켓,식품,328082,8239,319843,False,False
O14322,C004,2026-03-27,오픈마켓,식품,343208,20070,323138,False,False
O14323,C004,2026-03-27,오픈마켓,생활용품,322702,19092,0,True,False
O14324,C004,2026-03-27,오픈마켓,뷰티,309974,8185,301789,False,False
O14325,C004,2026-03-27,오픈마켓,패션잡화,176514,8281,168233,False,False
O14326,C004,2026-03-27,오픈마켓,디지털,171206,12038,159168,False,False
O14327,C004,2026-03-27,오픈마켓,식품,235201,6487,228714,False,True
O14328,C004,2026-03-27,오픈마켓,뷰티,339810,11083,328727,False,False
O14329,C004,2026-03-27,오픈마켓,디지털,265957,12058,253899,False,False
O14330,C004,2026-03-27,오픈마켓,뷰티,407151,23027,384124,False,False
O14331,C004,2026-03-27,오픈마켓,뷰티,397126,21950,375176,False,False
O14332,C005,2026-03-27,자사몰,패션잡화,284708,13253,271455,False,False
O14333,C005,2026-03-27,자사몰,생활용품,126596,4213,122383,False,False
O14334,C005,2026-03-27,자사몰,디지털,73181,4555,0,True,False
O14335,C005,2026-03-27,자사몰,식품,408272,18354,389918,False,False
O14336,C005,2026-03-27,자사몰,생활용품,313400,13186,300214,False,False
O14337,C005,2026-03-27,자사몰,생활용품,292563,9837,282726,False,False
O14338,C005,2026-03-27,자사몰,뷰티,228647,9613,219034,False,False
O14339,C005,2026-03-27,자사몰,식품,405475,28547,376928,False,True
O14340,C005,2026-03-27,자사몰,식품,325121,15170,309951,False,False
O14341,C005,2026-03-27,자사몰,패션잡화,103409,7455,95954,False,False
O14342,C005,2026-03-27,자사몰,패션잡화,138527,5125,133402,False,False
O14343,C005,2026-03-27,자사몰,디지털,233270,14849,218421,False,True
O14344,C005,2026-03-27,자사몰,뷰티,231261,12255,219006,False,False
O14345,C005,2026-03-27,자사몰,식품,368371,24463,343908,False,False
O14346,C005,2026-03-27,자사몰,생활용품,111345,7340,104005,False,False
O14347,C001,2026-03-28,자사몰,패션잡화,378082,13062,365020,False,False
O14348,C001,2026-03-28,자사몰,디지털,74223,2609,71614,False,False
O14349,C001,2026-03-28,자사몰,생활용품,90296,6095,84201,False,False
O14350,C001,2026-03-28,자사몰,생활용품,104265,3595,100670,False,False
O14351,C001,2026-03-28,자사몰,식품,416865,18813,398052,False,False
O14352,C001,2026-03-28,자사몰,뷰티,241043,11276,229767,False,True
O14353,C001,2026-03-28,자사몰,생활용품,268344,20031,0,True,False
O14354,C001,2026-03-28,자사몰,식품,410515,30627,0,True,False
O14355,C001,2026-03-28,자사몰,뷰티,221781,6257,215524,False,False
O14356,C001,2026-03-28,자사몰,생활용품,149810,4371,145439,False,False
O14357,C001,2026-03-28,자사몰,생활용품,316435,16306,300129,False,False
O14358,C001,2026-03-28,자사몰,패션잡화,145203,5624,139579,False,False
O14359,C002,2026-03-28,오픈마켓,패션잡화,370665,22352,348313,False,False
O14360,C002,2026-03-28,오픈마켓,식품,367750,14335,353415,False,False
O14361,C002,2026-03-28,오픈마켓,패션잡화,147748,6289,141459,False,False
O14362,C002,2026-03-28,오픈마켓,뷰티,194420,9139,0,True,False
O14363,C002,2026-03-28,오픈마켓,식품,128852,5707,123145,False,False
O14364,C002,2026-03-28,오픈마켓,식품,364630,26635,337995,False,False
O14365,C002,2026-03-28,오픈마켓,뷰티,383797,18170,365627,False,False
O14366,C002,2026-03-28,오픈마켓,뷰티,219106,15594,203512,False,False
O14367,C002,2026-03-28,오픈마켓,패션잡화,385304,27084,358220,False,False
O14368,C002,2026-03-28,오픈마켓,뷰티,178216,10613,167603,False,False
O14369,C002,2026-03-28,오픈마켓,패션잡화,347201,11899,335302,False,False
O14370,C002,2026-03-28,오픈마켓,디지털,86836,3216,83620,False,False
O14371,C002,2026-03-28,오픈마켓,디지털,75602,4852,70750,False,False
O14372,C002,2026-03-28,오픈마켓,생활용품,191790,12757,179033,False,False
O14373,C002,2026-03-28,오픈마켓,디지털,288661,7561,281100,False,False
O14374,C003,2026-03-28,라이브,디지털,224258,10796,213462,False,False
O14375,C003,2026-03-28,라이브,패션잡화,397349,14017,383332,False,False
O14376,C003,2026-03-28,라이브,식품,100887,3515,97372,False,False
O14377,C003,2026-03-28,라이브,디지털,143438,5482,137956,False,False
O14378,C003,2026-03-28,라이브,생활용품,126052,7701,118351,False,False
O14379,C003,2026-03-28,라이브,생활용품,64421,2746,0,True,False
O14380,C003,2026-03-28,라이브,뷰티,373483,13163,360320,False,False
O14381,C003,2026-03-28,라이브,식품,306835,12491,294344,False,False
O14382,C003,2026-03-28,라이브,디지털,277553,15985,261568,False,False
O14383,C003,2026-03-28,라이브,뷰티,302846,11546,291300,False,False
O14384,C003,2026-03-28,라이브,디지털,276674,8562,0,True,False
O14385,C003,2026-03-28,라이브,패션잡화,33039,1532,31507,False,False
O14386,C003,2026-03-28,라이브,생활용품,90770,2919,0,True,False
O14387,C004,2026-03-28,오픈마켓,뷰티,70591,5030,65561,False,False
O14388,C004,2026-03-28,오픈마켓,디지털,387936,22584,365352,False,False
O14389,C004,2026-03-28,오픈마켓,뷰티,318595,17880,300715,False,False
O14390,C004,2026-03-28,오픈마켓,패션잡화,287538,15453,272085,False,False
O14391,C004,2026-03-28,오픈마켓,생활용품,43137,1784,41353,False,False
O14392,C004,2026-03-28,오픈마켓,식품,255957,8531,247426,False,True
O14393,C004,2026-03-28,오픈마켓,디지털,226882,13153,213729,False,False
O14394,C004,2026-03-28,오픈마켓,패션잡화,45944,2005,43939,False,False
O14395,C005,2026-03-28,자사몰,식품,280945,8992,271953,False,False
O14396,C005,2026-03-28,자사몰,식품,124794,7837,116957,False,False
O14397,C005,2026-03-28,자사몰,식품,99460,5527,93933,False,False
O14398,C005,2026-03-28,자사몰,디지털,300375,15971,284404,False,False
O14399,C005,2026-03-28,자사몰,패션잡화,325706,8336,317370,False,True
O14400,C005,2026-03-28,자사몰,식품,109461,6961,102500,False,False
O14401,C005,2026-03-28,자사몰,생활용품,361743,13420,348323,False,True
O14402,C001,2026-03-29,자사몰,생활용품,128659,8852,119807,False,False
O14403,C001,2026-03-29,자사몰,식품,164348,5033,159315,False,False
O14404,C001,2026-03-29,자사몰,패션잡화,175130,6356,168774,False,False
O14405,C001,2026-03-29,자사몰,식품,389771,15486,374285,False,False
O14406,C001,2026-03-29,자사몰,뷰티,89583,5901,83682,False,False
O14407,C001,2026-03-29,자사몰,뷰티,331356,9604,321752,False,False
O14408,C001,2026-03-29,자사몰,뷰티,249574,9306,240268,False,False
O14409,C001,2026-03-29,자사몰,생활용품,289909,9800,280109,False,False
O14410,C001,2026-03-29,자사몰,패션잡화,144343,7173,137170,False,False
O14411,C001,2026-03-29,자사몰,생활용품,150885,6725,144160,False,False
O14412,C001,2026-03-29,자사몰,디지털,75834,2511,73323,False,False
O14413,C001,2026-03-29,자사몰,식품,180945,5267,0,True,False
O14414,C001,2026-03-29,자사몰,생활용품,111385,5213,106172,False,False
O14415,C002,2026-03-29,오픈마켓,뷰티,344126,19473,324653,False,False
O14416,C002,2026-03-29,오픈마켓,식품,295708,18220,277488,False,False
O14417,C002,2026-03-29,오픈마켓,식품,177316,4803,172513,False,False
O14418,C002,2026-03-29,오픈마켓,생활용품,88458,2796,85662,False,False
O14419,C002,2026-03-29,오픈마켓,생활용품,143130,6050,137080,False,False
O14420,C002,2026-03-29,오픈마켓,식품,75173,2513,72660,False,False
O14421,C002,2026-03-29,오픈마켓,패션잡화,345026,12589,332437,False,False
O14422,C002,2026-03-29,오픈마켓,패션잡화,187598,5901,181697,False,False
O14423,C003,2026-03-29,라이브,식품,396918,17889,379029,False,False
O14424,C003,2026-03-29,라이브,패션잡화,374502,17319,357183,False,False
O14425,C003,2026-03-29,라이브,생활용품,240064,12399,227665,False,False
O14426,C003,2026-03-29,라이브,패션잡화,183094,9748,173346,False,False
O14427,C003,2026-03-29,라이브,뷰티,368075,27379,340696,False,False
O14428,C003,2026-03-29,라이브,패션잡화,288158,11127,277031,False,False
O14429,C004,2026-03-29,오픈마켓,패션잡화,165281,9550,155731,False,False
O14430,C004,2026-03-29,오픈마켓,뷰티,321086,9385,311701,False,False
O14431,C004,2026-03-29,오픈마켓,식품,338684,16630,322054,False,False
O14432,C004,2026-03-29,오픈마켓,뷰티,155155,7984,147171,False,False
O14433,C004,2026-03-29,오픈마켓,식품,173242,5510,167732,False,False
O14434,C004,2026-03-29,오픈마켓,뷰티,296952,22184,274768,False,False
O14435,C004,2026-03-29,오픈마켓,패션잡화,49515,2047,47468,False,False
O14436,C004,2026-03-29,오픈마켓,패션잡화,161510,6759,154751,False,False
O14437,C004,2026-03-29,오픈마켓,생활용품,408588,12953,395635,False,False
O14438,C004,2026-03-29,오픈마켓,패션잡화,247584,17981,229603,False,False
O14439,C004,2026-03-29,오픈마켓,디지털,330659,19009,311650,False,True
O14440,C004,2026-03-29,오픈마켓,뷰티,309972,19821,290151,False,False
O14441,C004,2026-03-29,오픈마켓,생활용품,54618,3339,51279,False,True
O14442,C005,2026-03-29,자사몰,생활용품,340718,14365,326353,False,False
O14443,C005,2026-03-29,자사몰,패션잡화,310733,15816,294917,False,False
O14444,C005,2026-03-29,자사몰,디지털,211038,13676,197362,False,False
O14445,C005,2026-03-29,자사몰,패션잡화,308802,21128,287674,False,False
O14446,C005,2026-03-29,자사몰,디지털,265763,19390,246373,False,False
O14447,C005,2026-03-29,자사몰,디지털,64254,3968,0,True,False
O14448,C005,2026-03-29,자사몰,뷰티,45155,2835,42320,False,False
O14449,C005,2026-03-29,자사몰,생활용품,103552,6284,97268,False,False
O14450,C005,2026-03-29,자사몰,패션잡화,200705,9969,190736,False,False
O14451,C005,2026-03-29,자사몰,식품,359260,22792,336468,False,False
O14452,C005,2026-03-29,자사몰,디지털,188812,7783,181029,False,False
O14453,C005,2026-03-29,자사몰,생활용품,278720,20736,257984,False,False
O14454,C001,2026-03-30,자사몰,뷰티,317406,23683,293723,False,False
O14455,C001,2026-03-30,자사몰,뷰티,114946,3015,111931,False,False
O14456,C001,2026-03-30,자사몰,뷰티,327578,13676,313902,False,True
O14457,C001,2026-03-30,자사몰,패션잡화,371984,9539,362445,False,False
O14458,C001,2026-03-30,자사몰,디지털,387261,23733,363528,False,False
O14459,C001,2026-03-30,자사몰,뷰티,39414,2038,37376,False,False
O14460,C001,2026-03-30,자사몰,디지털,121294,5510,115784,False,False
O14461,C001,2026-03-30,자사몰,뷰티,96420,5134,91286,False,False
O14462,C001,2026-03-30,자사몰,디지털,111944,3450,108494,False,False
O14463,C001,2026-03-30,자사몰,식품,271769,9570,262199,False,False
O14464,C001,2026-03-30,자사몰,뷰티,170787,8220,162567,False,True
O14465,C001,2026-03-30,자사몰,패션잡화,370574,16923,353651,False,False
O14466,C001,2026-03-30,자사몰,식품,236471,16660,219811,False,False
O14467,C001,2026-03-30,자사몰,생활용품,199562,7646,191916,False,False
O14468,C002,2026-03-30,오픈마켓,패션잡화,70126,1872,68254,False,False
O14469,C002,2026-03-30,오픈마켓,패션잡화,348595,9958,338637,False,False
O14470,C002,2026-03-30,오픈마켓,디지털,411289,29113,382176,False,False
O14471,C002,2026-03-30,오픈마켓,식품,69892,3595,66297,False,False
O14472,C002,2026-03-30,오픈마켓,식품,218673,6507,212166,False,False
O14473,C002,2026-03-30,오픈마켓,뷰티,419550,20786,398764,False,False
O14474,C002,2026-03-30,오픈마켓,식품,54132,3243,50889,False,False
O14475,C002,2026-03-30,오픈마켓,패션잡화,274775,15211,259564,False,False
O14476,C002,2026-03-30,오픈마켓,생활용품,340426,21411,319015,False,False
O14477,C003,2026-03-30,라이브,식품,148376,7260,141116,False,False
O14478,C003,2026-03-30,라이브,식품,194981,7557,187424,False,False
O14479,C003,2026-03-30,라이브,디지털,242076,6122,235954,False,False
O14480,C003,2026-03-30,라이브,패션잡화,217861,8561,209300,False,False
O14481,C003,2026-03-30,라이브,디지털,54423,2613,51810,False,False
O14482,C003,2026-03-30,라이브,뷰티,35185,1618,33567,False,False
O14483,C003,2026-03-30,라이브,디지털,308275,10695,297580,False,False
O14484,C003,2026-03-30,라이브,식품,92986,4850,88136,False,False
O14485,C004,2026-03-30,오픈마켓,디지털,137690,5168,132522,False,False
O14486,C004,2026-03-30,오픈마켓,식품,112349,3842,108507,False,True
O14487,C004,2026-03-30,오픈마켓,패션잡화,380984,27298,353686,False,False
O14488,C004,2026-03-30,오픈마켓,패션잡화,285107,8054,0,True,False
O14489,C004,2026-03-30,오픈마켓,식품,219553,7029,212524,False,False
O14490,C004,2026-03-30,오픈마켓,뷰티,195784,9256,186528,False,False
O14491,C004,2026-03-30,오픈마켓,생활용품,99818,3262,96556,False,False
O14492,C004,2026-03-30,오픈마켓,뷰티,353495,22354,331141,False,False
O14493,C004,2026-03-30,오픈마켓,뷰티,177529,11364,166165,False,False
O14494,C004,2026-03-30,오픈마켓,디지털,54939,1632,53307,False,False
O14495,C004,2026-03-30,오픈마켓,생활용품,369168,23049,346119,False,False
O14496,C004,2026-03-30,오픈마켓,뷰티,211711,12578,199133,False,False
O14497,C004,2026-03-30,오픈마켓,식품,181399,6282,175117,False,False
O14498,C004,2026-03-30,오픈마켓,뷰티,336223,13331,322892,False,False
O14499,C005,2026-03-30,자사몰,식품,392327,28356,363971,False,False
O14500,C005,2026-03-30,자사몰,디지털,195489,11019,184470,False,False
O14501,C005,2026-03-30,자사몰,패션잡화,373365,23722,349643,False,True
O14502,C005,2026-03-30,자사몰,식품,278296,11284,267012,False,False
O14503,C005,2026-03-30,자사몰,식품,329908,15368,314540,False,False
O14504,C005,2026-03-30,자사몰,생활용품,48009,1979,46030,False,False
O14505,C005,2026-03-30,자사몰,식품,353778,14919,338859,False,True
O14506,C005,2026-03-30,자사몰,식품,148571,10147,138424,False,False
O14507,C005,2026-03-30,자사몰,뷰티,211650,7384,204266,False,False
O14508,C005,2026-03-30,자사몰,패션잡화,85463,2991,82472,False,False
O14509,C005,2026-03-30,자사몰,뷰티,172978,9300,163678,False,False
O14510,C005,2026-03-30,자사몰,생활용품,142674,9399,133275,False,False
O14511,C005,2026-03-30,자사몰,뷰티,417965,23450,394515,False,False
O14512,C005,2026-03-30,자사몰,생활용품,306927,18833,288094,False,False
O14513,C005,2026-03-30,자사몰,식품,102169,4920,97249,False,False
O14514,C005,2026-03-30,자사몰,생활용품,109173,5838,103335,False,False
O14515,C001,2026-03-31,자사몰,생활용품,295601,14444,281157,False,False
O14516,C001,2026-03-31,자사몰,패션잡화,281284,20284,261000,False,False
O14517,C001,2026-03-31,자사몰,뷰티,309423,8864,300559,False,False
O14518,C001,2026-03-31,자사몰,패션잡화,174877,7028,167849,False,False
O14519,C001,2026-03-31,자사몰,생활용품,337510,19938,317572,False,True
O14520,C001,2026-03-31,자사몰,생활용품,276469,12988,263481,False,False
O14521,C001,2026-03-31,자사몰,디지털,196047,11401,184646,False,False
O14522,C001,2026-03-31,자사몰,생활용품,88791,5901,82890,False,False
O14523,C001,2026-03-31,자사몰,생활용품,342011,23842,318169,False,False
O14524,C001,2026-03-31,자사몰,식품,358922,19959,0,True,False
O14525,C002,2026-03-31,오픈마켓,식품,200495,9698,190797,False,False
O14526,C002,2026-03-31,오픈마켓,생활용품,367973,24833,343140,False,False
O14527,C002,2026-03-31,오픈마켓,생활용품,320489,18877,301612,False,False
O14528,C002,2026-03-31,오픈마켓,뷰티,180064,6465,173599,False,False
O14529,C002,2026-03-31,오픈마켓,뷰티,52262,1933,50329,False,False
O14530,C002,2026-03-31,오픈마켓,디지털,307848,16925,290923,False,False
O14531,C002,2026-03-31,오픈마켓,생활용품,286971,20217,266754,False,True
O14532,C002,2026-03-31,오픈마켓,생활용품,412932,24202,388730,False,False
O14533,C002,2026-03-31,오픈마켓,뷰티,140651,9546,131105,False,False
O14534,C002,2026-03-31,오픈마켓,생활용품,153983,10708,143275,False,False
O14535,C002,2026-03-31,오픈마켓,디지털,32423,1531,30892,False,True
O14536,C002,2026-03-31,오픈마켓,패션잡화,373367,12762,360605,False,False
O14537,C003,2026-03-31,라이브,생활용품,401956,11077,390879,False,False
O14538,C003,2026-03-31,라이브,생활용품,403445,11068,392377,False,False
O14539,C003,2026-03-31,라이브,디지털,113099,5790,107309,False,False
O14540,C003,2026-03-31,라이브,패션잡화,119668,3132,116536,False,False
O14541,C004,2026-03-31,오픈마켓,디지털,166348,7434,158914,False,False
O14542,C004,2026-03-31,오픈마켓,뷰티,245794,16177,229617,False,True
O14543,C004,2026-03-31,오픈마켓,뷰티,144074,6192,137882,False,True
O14544,C004,2026-03-31,오픈마켓,디지털,150315,6442,143873,False,False
O14545,C004,2026-03-31,오픈마켓,생활용품,404302,26699,377603,False,True
O14546,C004,2026-03-31,오픈마켓,디지털,279989,20211,259778,False,False
O14547,C004,2026-03-31,오픈마켓,패션잡화,84544,3297,81247,False,False
O14548,C004,2026-03-31,오픈마켓,뷰티,355710,15478,340232,False,False
O14549,C004,2026-03-31,오픈마켓,식품,298314,16616,281698,False,False
O14550,C004,2026-03-31,오픈마켓,생활용품,41966,2648,39318,False,False
O14551,C004,2026-03-31,오픈마켓,패션잡화,332847,15987,316860,False,False
O14552,C004,2026-03-31,오픈마켓,생활용품,162415,6680,155735,False,False
O14553,C004,2026-03-31,오픈마켓,디지털,235283,12428,222855,False,False
O14554,C004,2026-03-31,오픈마켓,식품,414645,16381,0,True,False
O14555,C004,2026-03-31,오픈마켓,디지털,245873,10598,235275,False,False
O14556,C005,2026-03-31,자사몰,뷰티,78679,4964,73715,False,True
O14557,C005,2026-03-31,자사몰,디지털,334923,23026,311897,False,False
O14558,C005,2026-03-31,자사몰,패션잡화,362991,17311,345680,False,False
O14559,C005,2026-03-31,자사몰,패션잡화,66742,4748,61994,False,False
O14560,C005,2026-03-31,자사몰,식품,378438,23241,355197,False,False
O14561,C005,2026-03-31,자사몰,뷰티,295166,9104,286062,False,False
O14562,C005,2026-03-31,자사몰,디지털,407802,23661,384141,False,False
O14563,C005,2026-03-31,자사몰,패션잡화,332943,19659,313284,False,False
O14564,C001,2026-04-01,자사몰,생활용품,274393,13914,260479,False,False
O14565,C001,2026-04-01,자사몰,생활용품,53032,3354,49678,False,False
O14566,C001,2026-04-01,자사몰,디지털,79936,3804,76132,False,False
O14567,C001,2026-04-01,자사몰,디지털,234784,10470,224314,False,False
O14568,C001,2026-04-01,자사몰,디지털,132906,7997,124909,False,False
O14569,C001,2026-04-01,자사몰,패션잡화,241956,16652,225304,False,False
O14570,C001,2026-04-01,자사몰,뷰티,71292,3388,67904,False,False
O14571,C001,2026-04-01,자사몰,식품,302318,10612,291706,False,False
O14572,C001,2026-04-01,자사몰,디지털,389051,12273,376778,False,False
O14573,C001,2026-04-01,자사몰,패션잡화,162587,11963,150624,False,False
O14574,C001,2026-04-01,자사몰,생활용품,38711,1760,36951,False,False
O14575,C001,2026-04-01,자사몰,식품,72187,3093,69094,False,False
O14576,C001,2026-04-01,자사몰,식품,406941,12502,394439,False,False
O14577,C001,2026-04-01,자사몰,뷰티,73777,2874,70903,False,False
O14578,C002,2026-04-01,오픈마켓,식품,123989,3268,120721,False,False
O14579,C002,2026-04-01,오픈마켓,생활용품,224315,12095,212220,False,False
O14580,C002,2026-04-01,오픈마켓,생활용품,396613,25477,371136,False,False
O14581,C002,2026-04-01,오픈마켓,디지털,214339,13455,200884,False,False
O14582,C002,2026-04-01,오픈마켓,패션잡화,237143,11455,225688,False,False
O14583,C002,2026-04-01,오픈마켓,패션잡화,392507,15664,376843,False,False
O14584,C002,2026-04-01,오픈마켓,식품,408909,18580,390329,False,True
O14585,C003,2026-04-01,라이브,패션잡화,135764,6712,129052,False,False
O14586,C003,2026-04-01,라이브,뷰티,44060,3133,40927,False,False
O14587,C003,2026-04-01,라이브,생활용품,163180,9715,153465,False,False
O14588,C003,2026-04-01,라이브,생활용품,368025,15016,353009,False,False
O14589,C003,2026-04-01,라이브,디지털,350816,20247,330569,False,False
O14590,C004,2026-04-01,오픈마켓,디지털,177935,6757,171178,False,False
O14591,C004,2026-04-01,오픈마켓,뷰티,238981,14253,224728,False,False
O14592,C004,2026-04-01,오픈마켓,식품,167940,7562,160378,False,False
O14593,C004,2026-04-01,오픈마켓,뷰티,235752,8170,227582,False,False
O14594,C004,2026-04-01,오픈마켓,식품,221736,6969,214767,False,False
O14595,C004,2026-04-01,오픈마켓,뷰티,415305,14093,401212,False,False
O14596,C004,2026-04-01,오픈마켓,식품,299588,21624,277964,False,True
O14597,C004,2026-04-01,오픈마켓,패션잡화,391695,20998,370697,False,False
O14598,C004,2026-04-01,오픈마켓,식품,382638,25594,357044,False,False
O14599,C004,2026-04-01,오픈마켓,생활용품,56212,2749,53463,False,False
O14600,C004,2026-04-01,오픈마켓,패션잡화,82579,3908,78671,False,False
O14601,C004,2026-04-01,오픈마켓,패션잡화,260718,10451,250267,False,False
O14602,C004,2026-04-01,오픈마켓,디지털,111601,7479,104122,False,False
O14603,C005,2026-04-01,자사몰,패션잡화,338423,21062,317361,False,False
O14604,C005,2026-04-01,자사몰,뷰티,248435,17847,230588,False,False
O14605,C005,2026-04-01,자사몰,생활용품,252964,18812,234152,False,True
O14606,C005,2026-04-01,자사몰,패션잡화,173603,6631,166972,False,False
O14607,C005,2026-04-01,자사몰,디지털,172948,4356,168592,False,False
O14608,C005,2026-04-01,자사몰,디지털,260643,8612,252031,False,False
O14609,C005,2026-04-01,자사몰,생활용품,337441,9437,328004,False,False
O14610,C005,2026-04-01,자사몰,패션잡화,416300,30893,385407,False,False
O14611,C005,2026-04-01,자사몰,생활용품,370700,11680,359020,False,False
O14612,C005,2026-04-01,자사몰,뷰티,193580,5212,188368,False,False
O14613,C005,2026-04-01,자사몰,패션잡화,184134,9911,174223,False,False
O14614,C005,2026-04-01,자사몰,뷰티,72776,2520,70256,False,False
O14615,C005,2026-04-01,자사몰,뷰티,118477,6726,111751,False,False
O14616,C005,2026-04-01,자사몰,패션잡화,301065,11551,289514,False,False
O14617,C001,2026-04-02,자사몰,생활용품,350159,18449,0,True,False
O14618,C001,2026-04-02,자사몰,식품,66763,2236,64527,False,True
O14619,C001,2026-04-02,자사몰,패션잡화,135505,9537,125968,False,False
O14620,C001,2026-04-02,자사몰,뷰티,276579,12756,263823,False,False
O14621,C001,2026-04-02,자사몰,디지털,329783,23538,306245,False,False
O14622,C001,2026-04-02,자사몰,패션잡화,354868,11542,343326,False,False
O14623,C001,2026-04-02,자사몰,식품,321090,20166,300924,False,False
O14624,C001,2026-04-02,자사몰,뷰티,250462,16735,233727,False,False
O14625,C001,2026-04-02,자사몰,패션잡화,242249,11742,230507,False,False
O14626,C001,2026-04-02,자사몰,식품,197022,5739,191283,False,False
O14627,C002,2026-04-02,오픈마켓,식품,289645,19214,270431,False,False
O14628,C002,2026-04-02,오픈마켓,생활용품,109588,7346,102242,False,False
O14629,C002,2026-04-02,오픈마켓,디지털,172855,4769,168086,False,False
O14630,C002,2026-04-02,오픈마켓,식품,326055,22712,303343,False,False
O14631,C003,2026-04-02,라이브,뷰티,345986,10744,335242,False,False
O14632,C003,2026-04-02,라이브,식품,146027,9474,136553,False,False
O14633,C003,2026-04-02,라이브,생활용품,225412,11176,0,True,False
O14634,C003,2026-04-02,라이브,생활용품,291193,19985,271208,False,False
O14635,C003,2026-04-02,라이브,패션잡화,397003,18648,378355,False,False
O14636,C004,2026-04-02,오픈마켓,패션잡화,190767,6635,0,True,False
O14637,C004,2026-04-02,오픈마켓,생활용품,198481,13533,184948,False,False
O14638,C004,2026-04-02,오픈마켓,생활용품,260193,10878,249315,False,False
O14639,C004,2026-04-02,오픈마켓,생활용품,393684,20968,372716,False,False
O14640,C004,2026-04-02,오픈마켓,식품,211711,7755,203956,False,False
O14641,C004,2026-04-02,오픈마켓,디지털,276706,11928,264778,False,False
O14642,C004,2026-04-02,오픈마켓,생활용품,126382,6159,120223,False,False
O14643,C004,2026-04-02,오픈마켓,식품,248225,9895,238330,False,False
O14644,C004,2026-04-02,오픈마켓,생활용품,66911,4150,0,True,False
O14645,C004,2026-04-02,오픈마켓,패션잡화,398041,16779,381262,False,False
O14646,C005,2026-04-02,자사몰,디지털,306844,21262,285582,False,False
O14647,C005,2026-04-02,자사몰,패션잡화,85051,2707,82344,False,False
O14648,C005,2026-04-02,자사몰,뷰티,191706,12472,179234,False,False
O14649,C005,2026-04-02,자사몰,식품,71283,3361,67922,False,False
O14650,C001,2026-04-03,자사몰,생활용품,393019,17126,375893,False,False
O14651,C001,2026-04-03,자사몰,디지털,291443,11759,279684,False,False
O14652,C001,2026-04-03,자사몰,뷰티,320313,23585,296728,False,False
O14653,C001,2026-04-03,자사몰,뷰티,256264,8957,0,True,False
O14654,C002,2026-04-03,오픈마켓,뷰티,333238,9198,324040,False,False
O14655,C002,2026-04-03,오픈마켓,패션잡화,316704,22109,294595,False,False
O14656,C002,2026-04-03,오픈마켓,패션잡화,315224,11907,303317,False,False
O14657,C002,2026-04-03,오픈마켓,뷰티,174432,4399,170033,False,False
O14658,C002,2026-04-03,오픈마켓,식품,112184,3266,108918,False,False
O14659,C002,2026-04-03,오픈마켓,패션잡화,199702,9341,190361,False,False
O14660,C002,2026-04-03,오픈마켓,디지털,93340,5579,87761,False,False
O14661,C002,2026-04-03,오픈마켓,뷰티,224798,6842,217956,False,False
O14662,C002,2026-04-03,오픈마켓,식품,416389,20662,395727,False,False
O14663,C002,2026-04-03,오픈마켓,패션잡화,53761,1952,0,True,False
O14664,C002,2026-04-03,오픈마켓,생활용품,309321,20355,288966,False,False
O14665,C003,2026-04-03,라이브,생활용품,304927,12379,292548,False,False
O14666,C003,2026-04-03,라이브,생활용품,239784,11138,228646,False,True
O14667,C003,2026-04-03,라이브,뷰티,382949,17323,365626,False,False
O14668,C003,2026-04-03,라이브,뷰티,157647,11235,146412,False,False
O14669,C003,2026-04-03,라이브,뷰티,332049,12257,319792,False,False
O14670,C003,2026-04-03,라이브,식품,35900,1515,34385,False,False
O14671,C003,2026-04-03,라이브,디지털,417837,18891,398946,False,False
O14672,C003,2026-04-03,라이브,식품,101569,3556,98013,False,False
O14673,C003,2026-04-03,라이브,뷰티,351546,12574,338972,False,False
O14674,C003,2026-04-03,라이브,식품,57150,1429,55721,False,True
O14675,C003,2026-04-03,라이브,뷰티,53966,2635,51331,False,False
O14676,C003,2026-04-03,라이브,디지털,265520,13152,252368,False,False
O14677,C003,2026-04-03,라이브,식품,101769,6260,95509,False,False
O14678,C003,2026-04-03,라이브,뷰티,389117,20215,368902,False,False
O14679,C003,2026-04-03,라이브,패션잡화,191986,6710,185276,False,False
O14680,C004,2026-04-03,오픈마켓,뷰티,311495,21389,290106,False,False
O14681,C004,2026-04-03,오픈마켓,생활용품,351557,19095,332462,False,False
O14682,C004,2026-04-03,오픈마켓,패션잡화,372174,24562,347612,False,False
O14683,C004,2026-04-03,오픈마켓,패션잡화,75595,2996,72599,False,False
O14684,C004,2026-04-03,오픈마켓,뷰티,181985,11376,170609,False,False
O14685,C005,2026-04-03,자사몰,디지털,271774,9087,262687,False,False
O14686,C005,2026-04-03,자사몰,디지털,114137,6804,107333,False,False
O14687,C005,2026-04-03,자사몰,디지털,179589,8912,0,True,False
O14688,C005,2026-04-03,자사몰,뷰티,256176,18489,237687,False,False
O14689,C005,2026-04-03,자사몰,패션잡화,384078,10563,0,True,False
O14690,C005,2026-04-03,자사몰,뷰티,40243,1779,38464,False,False
O14691,C005,2026-04-03,자사몰,디지털,219830,14153,205677,False,True
O14692,C005,2026-04-03,자사몰,디지털,50756,3493,47263,False,False
O14693,C005,2026-04-03,자사몰,생활용품,377135,25681,351454,False,True
O14694,C005,2026-04-03,자사몰,패션잡화,279177,19405,259772,False,False
O14695,C001,2026-04-04,자사몰,생활용품,190305,13850,176455,False,True
O14696,C001,2026-04-04,자사몰,디지털,320030,13066,306964,False,False
O14697,C001,2026-04-04,자사몰,식품,347481,26044,0,True,False
O14698,C001,2026-04-04,자사몰,뷰티,247314,11600,235714,False,False
O14699,C001,2026-04-04,자사몰,생활용품,380034,11865,368169,False,True
O14700,C001,2026-04-04,자사몰,디지털,295448,11424,284024,False,False
O14701,C001,2026-04-04,자사몰,생활용품,132813,3510,129303,False,False
O14702,C001,2026-04-04,자사몰,식품,408202,29076,379126,False,False
O14703,C001,2026-04-04,자사몰,생활용품,120886,7008,113878,False,False
O14704,C001,2026-04-04,자사몰,디지털,419560,22150,397410,False,False
O14705,C001,2026-04-04,자사몰,식품,84827,3859,80968,False,False
O14706,C002,2026-04-04,오픈마켓,디지털,151849,5423,146426,False,False
O14707,C002,2026-04-04,오픈마켓,뷰티,156048,4782,151266,False,False
O14708,C002,2026-04-04,오픈마켓,뷰티,299111,17382,281729,False,False
O14709,C002,2026-04-04,오픈마켓,패션잡화,200507,11276,189231,False,False
O14710,C002,2026-04-04,오픈마켓,식품,167179,11559,155620,False,False
O14711,C002,2026-04-04,오픈마켓,생활용품,298328,20863,277465,False,False
O14712,C002,2026-04-04,오픈마켓,뷰티,323843,22957,300886,False,True
O14713,C003,2026-04-04,라이브,뷰티,48681,1903,46778,False,False
O14714,C003,2026-04-04,라이브,뷰티,68880,1967,66913,False,False
O14715,C003,2026-04-04,라이브,생활용품,66766,4866,61900,False,True
O14716,C003,2026-04-04,라이브,패션잡화,72028,3850,68178,False,False
O14717,C003,2026-04-04,라이브,생활용품,306106,8847,297259,False,False
O14718,C003,2026-04-04,라이브,패션잡화,196085,5040,191045,False,False
O14719,C003,2026-04-04,라이브,생활용품,189182,5409,183773,False,False
O14720,C003,2026-04-04,라이브,식품,362019,22460,339559,False,False
O14721,C003,2026-04-04,라이브,뷰티,91709,3266,88443,False,False
O14722,C003,2026-04-04,라이브,패션잡화,374069,22616,351453,False,False
O14723,C003,2026-04-04,라이브,뷰티,416870,11013,405857,False,False
O14724,C003,2026-04-04,라이브,식품,302571,20873,281698,False,False
O14725,C004,2026-04-04,오픈마켓,식품,215723,10294,205429,False,False
O14726,C004,2026-04-04,오픈마켓,뷰티,341016,19265,321751,False,False
O14727,C004,2026-04-04,오픈마켓,디지털,124518,8433,116085,False,False
O14728,C004,2026-04-04,오픈마켓,생활용품,166599,6064,160535,False,False
O14729,C004,2026-04-04,오픈마켓,생활용품,279404,20198,259206,False,False
O14730,C004,2026-04-04,오픈마켓,식품,103413,4307,99106,False,False
O14731,C004,2026-04-04,오픈마켓,생활용품,330870,21819,309051,False,False
O14732,C004,2026-04-04,오픈마켓,디지털,404640,25101,379539,False,False
O14733,C005,2026-04-04,자사몰,뷰티,309779,13224,296555,False,False
O14734,C005,2026-04-04,자사몰,디지털,340046,9007,331039,False,False
O14735,C005,2026-04-04,자사몰,식품,256315,15882,240433,False,False
O14736,C005,2026-04-04,자사몰,뷰티,138350,6362,0,True,False
O14737,C005,2026-04-04,자사몰,뷰티,284165,17466,266699,False,False
O14738,C005,2026-04-04,자사몰,패션잡화,70368,3817,66551,False,False
O14739,C005,2026-04-04,자사몰,패션잡화,358085,20682,337403,False,True
O14740,C005,2026-04-04,자사몰,생활용품,40530,2167,38363,False,False
O14741,C005,2026-04-04,자사몰,식품,115927,6816,109111,False,False
O14742,C001,2026-04-05,자사몰,식품,386183,21100,365083,False,False
O14743,C001,2026-04-05,자사몰,뷰티,211005,11788,199217,False,False
O14744,C001,2026-04-05,자사몰,식품,61367,2084,59283,False,False
O14745,C001,2026-04-05,자사몰,패션잡화,249477,14792,234685,False,False
O14746,C001,2026-04-05,자사몰,생활용품,140144,4646,135498,False,True
O14747,C001,2026-04-05,자사몰,디지털,306947,9215,297732,False,False
O14748,C001,2026-04-05,자사몰,패션잡화,165779,4689,161090,False,False
O14749,C001,2026-04-05,자사몰,패션잡화,310992,14741,296251,False,True
O14750,C002,2026-04-05,오픈마켓,뷰티,393283,17018,376265,False,False
O14751,C002,2026-04-05,오픈마켓,생활용품,337534,24434,313100,False,True
O14752,C002,2026-04-05,오픈마켓,디지털,312142,19197,292945,False,False
O14753,C002,2026-04-05,오픈마켓,패션잡화,406782,25876,380906,False,False
O14754,C002,2026-04-05,오픈마켓,디지털,264313,6770,257543,False,True
O14755,C002,2026-04-05,오픈마켓,디지털,250839,15006,235833,False,False
O14756,C002,2026-04-05,오픈마켓,패션잡화,281686,15511,266175,False,False
O14757,C003,2026-04-05,라이브,뷰티,95629,3679,91950,False,False
O14758,C003,2026-04-05,라이브,패션잡화,96960,6122,90838,False,False
O14759,C003,2026-04-05,라이브,생활용품,108911,7628,101283,False,False
O14760,C003,2026-04-05,라이브,패션잡화,347964,12830,335134,False,False
O14761,C003,2026-04-05,라이브,디지털,153160,4042,149118,False,False
O14762,C003,2026-04-05,라이브,디지털,396181,15745,380436,False,False
O14763,C003,2026-04-05,라이브,뷰티,234395,12047,222348,False,False
O14764,C003,2026-04-05,라이브,뷰티,64626,3934,60692,False,False
O14765,C003,2026-04-05,라이브,디지털,50601,2053,48548,False,False
O14766,C003,2026-04-05,라이브,패션잡화,302273,17979,284294,False,False
O14767,C003,2026-04-05,라이브,디지털,342453,21722,0,True,False
O14768,C003,2026-04-05,라이브,패션잡화,302247,19186,283061,False,False
O14769,C003,2026-04-05,라이브,패션잡화,257840,10422,247418,False,False
O14770,C004,2026-04-05,오픈마켓,디지털,81918,2268,79650,False,False
O14771,C004,2026-04-05,오픈마켓,생활용품,155021,6325,148696,False,False
O14772,C004,2026-04-05,오픈마켓,패션잡화,369224,25361,343863,False,False
O14773,C004,2026-04-05,오픈마켓,뷰티,294047,19964,274083,False,False
O14774,C004,2026-04-05,오픈마켓,식품,74469,2841,71628,False,False
O14775,C004,2026-04-05,오픈마켓,생활용품,207911,12699,195212,False,False
O14776,C004,2026-04-05,오픈마켓,뷰티,35590,2407,33183,False,False
O14777,C004,2026-04-05,오픈마켓,디지털,387816,25854,361962,False,False
O14778,C005,2026-04-05,자사몰,생활용품,301356,14123,287233,False,False
O14779,C005,2026-04-05,자사몰,패션잡화,157540,5969,151571,False,False
O14780,C005,2026-04-05,자사몰,디지털,118383,7750,110633,False,False
O14781,C005,2026-04-05,자사몰,패션잡화,132479,9533,122946,False,False
O14782,C005,2026-04-05,자사몰,뷰티,92617,2538,90079,False,False
O14783,C005,2026-04-05,자사몰,패션잡화,217180,15982,201198,False,False
O14784,C005,2026-04-05,자사몰,생활용품,228555,9901,218654,False,False
O14785,C005,2026-04-05,자사몰,디지털,210860,7492,203368,False,False
O14786,C005,2026-04-05,자사몰,패션잡화,273180,14065,259115,False,False
O14787,C005,2026-04-05,자사몰,생활용품,208644,13555,195089,False,True
O14788,C005,2026-04-05,자사몰,패션잡화,86155,4615,81540,False,False
O14789,C005,2026-04-05,자사몰,디지털,400513,25877,374636,False,False
O14790,C005,2026-04-05,자사몰,뷰티,328312,13202,315110,False,False
O14791,C001,2026-04-06,자사몰,뷰티,102499,4591,97908,False,False
O14792,C001,2026-04-06,자사몰,패션잡화,290482,12522,277960,False,False
O14793,C001,2026-04-06,자사몰,뷰티,48521,3326,45195,False,False
O14794,C001,2026-04-06,자사몰,패션잡화,172267,6152,166115,False,False
O14795,C001,2026-04-06,자사몰,뷰티,94909,5295,89614,False,False
O14796,C001,2026-04-06,자사몰,패션잡화,352754,18901,0,True,False
O14797,C001,2026-04-06,자사몰,생활용품,46990,2416,44574,False,False
O14798,C001,2026-04-06,자사몰,디지털,303282,18719,284563,False,False
O14799,C001,2026-04-06,자사몰,식품,301380,10391,290989,False,False
O14800,C001,2026-04-06,자사몰,생활용품,246662,17135,229527,False,False
O14801,C001,2026-04-06,자사몰,뷰티,92982,3067,89915,False,False
O14802,C001,2026-04-06,자사몰,패션잡화,336351,16939,319412,False,False
O14803,C001,2026-04-06,자사몰,패션잡화,160086,9516,150570,False,False
O14804,C001,2026-04-06,자사몰,패션잡화,155179,10817,144362,False,False
O14805,C001,2026-04-06,자사몰,뷰티,50639,1672,48967,False,False
O14806,C001,2026-04-06,자사몰,식품,179073,6054,173019,False,False
O14807,C002,2026-04-06,오픈마켓,디지털,341652,15935,325717,False,False
O14808,C002,2026-04-06,오픈마켓,뷰티,259175,10696,248479,False,False
O14809,C002,2026-04-06,오픈마켓,뷰티,228658,13420,215238,False,True
O14810,C002,2026-04-06,오픈마켓,디지털,419278,30048,389230,False,False
O14811,C002,2026-04-06,오픈마켓,패션잡화,320048,12289,307759,False,False
O14812,C003,2026-04-06,라이브,생활용품,146026,9981,136045,False,False
O14813,C003,2026-04-06,라이브,뷰티,287761,10410,277351,False,False
O14814,C003,2026-04-06,라이브,뷰티,65526,2785,62741,False,False
O14815,C003,2026-04-06,라이브,식품,161577,10370,151207,False,False
O14816,C003,2026-04-06,라이브,뷰티,157581,10377,147204,False,False
O14817,C003,2026-04-06,라이브,뷰티,141135,5687,135448,False,False
O14818,C003,2026-04-06,라이브,생활용품,243173,10906,232267,False,True
O14819,C003,2026-04-06,라이브,패션잡화,111972,4774,107198,False,False
O14820,C003,2026-04-06,라이브,생활용품,287958,14073,273885,False,False
O14821,C003,2026-04-06,라이브,패션잡화,87446,5133,82313,False,False
O14822,C003,2026-04-06,라이브,디지털,153266,4851,148415,False,False
O14823,C003,2026-04-06,라이브,패션잡화,255532,12565,242967,False,True
O14824,C004,2026-04-06,오픈마켓,패션잡화,168584,5133,163451,False,True
O14825,C004,2026-04-06,오픈마켓,디지털,219450,13907,205543,False,False
O14826,C004,2026-04-06,오픈마켓,뷰티,314804,17413,297391,False,False
O14827,C004,2026-04-06,오픈마켓,패션잡화,254503,18795,235708,False,False
O14828,C004,2026-04-06,오픈마켓,디지털,221966,7885,214081,False,False
O14829,C004,2026-04-06,오픈마켓,식품,77613,5161,72452,False,False
O14830,C004,2026-04-06,오픈마켓,생활용품,237562,13334,224228,False,False
O14831,C004,2026-04-06,오픈마켓,생활용품,280346,9209,271137,False,False
O14832,C004,2026-04-06,오픈마켓,생활용품,148672,11035,137637,False,False
O14833,C004,2026-04-06,오픈마켓,식품,84731,5440,79291,False,False
O14834,C005,2026-04-06,자사몰,생활용품,355506,14194,341312,False,False
O14835,C005,2026-04-06,자사몰,뷰티,37288,1781,35507,False,False
O14836,C005,2026-04-06,자사몰,패션잡화,333279,15204,318075,False,False
O14837,C005,2026-04-06,자사몰,패션잡화,136951,5002,131949,False,False
O14838,C005,2026-04-06,자사몰,디지털,39541,1363,38178,False,False
O14839,C005,2026-04-06,자사몰,패션잡화,294745,21606,273139,False,False
O14840,C005,2026-04-06,자사몰,뷰티,324110,9872,314238,False,False
O14841,C005,2026-04-06,자사몰,뷰티,170393,8735,161658,False,False
O14842,C005,2026-04-06,자사몰,식품,341523,10833,0,True,False
O14843,C005,2026-04-06,자사몰,패션잡화,415729,12061,0,True,False
O14844,C005,2026-04-06,자사몰,생활용품,67468,3182,64286,False,False
O14845,C005,2026-04-06,자사몰,생활용품,365553,25387,0,True,False
O14846,C005,2026-04-06,자사몰,생활용품,83423,4045,79378,False,False
O14847,C005,2026-04-06,자사몰,디지털,142655,8412,134243,False,False
O14848,C005,2026-04-06,자사몰,생활용품,54151,3571,50580,False,False
O14849,C001,2026-04-07,자사몰,식품,326405,14527,311878,False,False
O14850,C001,2026-04-07,자사몰,패션잡화,415499,15560,399939,False,False
O14851,C001,2026-04-07,자사몰,생활용품,43063,2778,40285,False,False
O14852,C001,2026-04-07,자사몰,식품,268203,19665,248538,False,False
O14853,C001,2026-04-07,자사몰,식품,199552,8445,191107,False,False
O14854,C002,2026-04-07,오픈마켓,디지털,184004,6032,177972,False,False
O14855,C002,2026-04-07,오픈마켓,생활용품,151805,5280,146525,False,False
O14856,C002,2026-04-07,오픈마켓,생활용품,255496,12930,242566,False,False
O14857,C002,2026-04-07,오픈마켓,디지털,144475,6246,138229,False,False
O14858,C002,2026-04-07,오픈마켓,식품,154884,5933,148951,False,False
O14859,C002,2026-04-07,오픈마켓,뷰티,63400,2348,61052,False,True
O14860,C003,2026-04-07,라이브,뷰티,62260,1967,0,True,False
O14861,C003,2026-04-07,라이브,뷰티,191008,11034,179974,False,False
O14862,C003,2026-04-07,라이브,생활용품,231671,9453,222218,False,False
O14863,C003,2026-04-07,라이브,패션잡화,235805,14706,221099,False,False
O14864,C003,2026-04-07,라이브,디지털,233689,12940,220749,False,False
O14865,C004,2026-04-07,오픈마켓,생활용품,347669,24501,323168,False,False
O14866,C004,2026-04-07,오픈마켓,식품,354684,16173,338511,False,False
O14867,C004,2026-04-07,오픈마켓,디지털,146773,7996,0,True,False
O14868,C004,2026-04-07,오픈마켓,패션잡화,361234,10927,350307,False,False
O14869,C004,2026-04-07,오픈마켓,생활용품,144407,5884,138523,False,False
O14870,C004,2026-04-07,오픈마켓,뷰티,256569,14075,242494,False,False
O14871,C004,2026-04-07,오픈마켓,디지털,100465,6767,93698,False,False
O14872,C005,2026-04-07,자사몰,생활용품,374925,25781,349144,False,False
O14873,C005,2026-04-07,자사몰,식품,113988,5511,108477,False,True
O14874,C005,2026-04-07,자사몰,패션잡화,384155,26382,357773,False,False
O14875,C005,2026-04-07,자사몰,생활용품,262583,16400,246183,False,False
O14876,C005,2026-04-07,자사몰,패션잡화,98823,4595,94228,False,False
O14877,C005,2026-04-07,자사몰,디지털,161417,6960,154457,False,False
O14878,C005,2026-04-07,자사몰,식품,336327,10758,325569,False,False
O14879,C005,2026-04-07,자사몰,생활용품,357970,25172,332798,False,False
O14880,C005,2026-04-07,자사몰,패션잡화,83736,3831,79905,False,False
O14881,C005,2026-04-07,자사몰,뷰티,163928,11237,152691,False,False
O14882,C005,2026-04-07,자사몰,식품,55326,1807,53519,False,False
O14883,C005,2026-04-07,자사몰,식품,235312,13985,221327,False,False
O14884,C005,2026-04-07,자사몰,식품,58250,1912,56338,False,False
O14885,C005,2026-04-07,자사몰,생활용품,362358,21092,341266,False,False
O14886,C005,2026-04-07,자사몰,패션잡화,381391,26823,354568,False,False
O14887,C001,2026-04-08,자사몰,생활용품,125952,7444,118508,False,False
O14888,C001,2026-04-08,자사몰,패션잡화,110219,5439,104780,False,False
O14889,C001,2026-04-08,자사몰,생활용품,403963,18275,385688,False,False
O14890,C001,2026-04-08,자사몰,뷰티,230293,17239,213054,False,False
O14891,C001,2026-04-08,자사몰,생활용품,40690,2494,38196,False,False
O14892,C001,2026-04-08,자사몰,생활용품,343495,11461,332034,False,False
O14893,C002,2026-04-08,오픈마켓,식품,92252,4789,0,True,False
O14894,C002,2026-04-08,오픈마켓,디지털,259353,11765,247588,False,False
O14895,C002,2026-04-08,오픈마켓,디지털,326083,24419,0,True,False
O14896,C002,2026-04-08,오픈마켓,디지털,166555,4421,162134,False,False
O14897,C002,2026-04-08,오픈마켓,생활용품,96791,6842,89949,False,False
O14898,C002,2026-04-08,오픈마켓,디지털,90766,3519,87247,False,False
O14899,C002,2026-04-08,오픈마켓,식품,75643,3820,71823,False,False
O14900,C002,2026-04-08,오픈마켓,생활용품,307128,7683,299445,False,False
O14901,C002,2026-04-08,오픈마켓,식품,154105,4264,0,True,False
O14902,C003,2026-04-08,라이브,패션잡화,50060,2511,47549,False,False
O14903,C003,2026-04-08,라이브,생활용품,189992,11020,178972,False,False
O14904,C003,2026-04-08,라이브,패션잡화,369966,14117,355849,False,False
O14905,C003,2026-04-08,라이브,생활용품,34493,1479,33014,False,False
O14906,C003,2026-04-08,라이브,뷰티,32056,1852,30204,False,False
O14907,C003,2026-04-08,라이브,생활용품,367617,25462,342155,False,False
O14908,C003,2026-04-08,라이브,식품,70935,2767,68168,False,False
O14909,C003,2026-04-08,라이브,뷰티,50793,2325,48468,False,False
O14910,C003,2026-04-08,라이브,디지털,387236,23207,0,True,False
O14911,C003,2026-04-08,라이브,뷰티,54747,2164,52583,False,False
O14912,C003,2026-04-08,라이브,뷰티,77094,3855,73239,False,False
O14913,C003,2026-04-08,라이브,패션잡화,259555,17015,0,True,False
O14914,C003,2026-04-08,라이브,식품,197454,9454,188000,False,False
O14915,C003,2026-04-08,라이브,생활용품,293817,10003,283814,False,False
O14916,C003,2026-04-08,라이브,뷰티,396719,12072,384647,False,False
O14917,C003,2026-04-08,라이브,디지털,77021,2487,74534,False,False
O14918,C004,2026-04-08,오픈마켓,생활용품,221885,14547,207338,False,False
O14919,C004,2026-04-08,오픈마켓,디지털,254820,17006,237814,False,False
O14920,C004,2026-04-08,오픈마켓,뷰티,371443,12257,359186,False,False
O14921,C004,2026-04-08,오픈마켓,뷰티,310956,22459,288497,False,False
O14922,C004,2026-04-08,오픈마켓,식품,107574,7966,99608,False,False
O14923,C004,2026-04-08,오픈마켓,생활용품,372693,14179,358514,False,False
O14924,C004,2026-04-08,오픈마켓,디지털,267162,7474,259688,False,True
O14925,C004,2026-04-08,오픈마켓,뷰티,62247,2761,59486,False,False
O14926,C004,2026-04-08,오픈마켓,뷰티,361189,16294,0,True,False
O14927,C004,2026-04-08,오픈마켓,패션잡화,349259,9625,339634,False,False
O14928,C004,2026-04-08,오픈마켓,뷰티,229172,7204,221968,False,False
O14929,C005,2026-04-08,자사몰,식품,399852,17469,382383,False,False
O14930,C005,2026-04-08,자사몰,패션잡화,158134,11375,146759,False,False
O14931,C005,2026-04-08,자사몰,패션잡화,140292,10381,129911,False,False
O14932,C005,2026-04-08,자사몰,디지털,177934,9753,168181,False,False
O14933,C005,2026-04-08,자사몰,식품,197633,12925,0,True,False
O14934,C005,2026-04-08,자사몰,패션잡화,45490,2286,43204,False,False
O14935,C005,2026-04-08,자사몰,식품,181967,7666,174301,False,False
O14936,C005,2026-04-08,자사몰,디지털,174073,6606,167467,False,False
O14937,C005,2026-04-08,자사몰,디지털,394407,16326,378081,False,False
O14938,C005,2026-04-08,자사몰,패션잡화,318580,20036,298544,False,False
O14939,C005,2026-04-08,자사몰,생활용품,217845,7946,209899,False,False
O14940,C005,2026-04-08,자사몰,패션잡화,104135,2909,101226,False,True
O14941,C005,2026-04-08,자사몰,식품,92939,6800,86139,False,False
O14942,C005,2026-04-08,자사몰,뷰티,216488,8442,208046,False,False
O14943,C001,2026-04-09,자사몰,생활용품,229497,5884,223613,False,False
O14944,C001,2026-04-09,자사몰,디지털,303895,20981,282914,False,False
O14945,C001,2026-04-09,자사몰,패션잡화,119397,4193,115204,False,False
O14946,C001,2026-04-09,자사몰,생활용품,396237,19891,376346,False,False
O14947,C001,2026-04-09,자사몰,식품,284750,9933,274817,False,False
O14948,C001,2026-04-09,자사몰,디지털,341699,19706,321993,False,False
O14949,C001,2026-04-09,자사몰,뷰티,262079,8866,253213,False,False
O14950,C001,2026-04-09,자사몰,뷰티,389528,19301,370227,False,False
O14951,C001,2026-04-09,자사몰,식품,334982,23354,311628,False,False
O14952,C001,2026-04-09,자사몰,뷰티,67663,2207,65456,False,False
O14953,C001,2026-04-09,자사몰,패션잡화,388232,18436,369796,False,False
O14954,C001,2026-04-09,자사몰,디지털,210245,11714,198531,False,False
O14955,C001,2026-04-09,자사몰,생활용품,161884,6572,155312,False,False
O14956,C001,2026-04-09,자사몰,뷰티,128194,3506,124688,False,False
O14957,C001,2026-04-09,자사몰,식품,339998,14104,325894,False,False
O14958,C002,2026-04-09,오픈마켓,패션잡화,217442,13530,203912,False,False
O14959,C002,2026-04-09,오픈마켓,생활용품,298784,14140,284644,False,False
O14960,C002,2026-04-09,오픈마켓,패션잡화,416134,26768,389366,False,False
O14961,C002,2026-04-09,오픈마켓,식품,271878,20033,251845,False,False
O14962,C002,2026-04-09,오픈마켓,생활용품,418165,14397,403768,False,False
O14963,C003,2026-04-09,라이브,디지털,234002,12030,221972,False,False
O14964,C003,2026-04-09,라이브,식품,111033,3005,108028,False,False
O14965,C003,2026-04-09,라이브,생활용품,145990,7586,138404,False,False
O14966,C003,2026-04-09,라이브,디지털,376832,13307,363525,False,False
O14967,C003,2026-04-09,라이브,생활용품,308359,17732,290627,False,False
O14968,C003,2026-04-09,라이브,생활용품,135189,3719,131470,False,False
O14969,C003,2026-04-09,라이브,패션잡화,191918,5441,186477,False,True
O14970,C003,2026-04-09,라이브,패션잡화,72747,2349,70398,False,False
O14971,C003,2026-04-09,라이브,디지털,287563,14190,273373,False,False
O14972,C003,2026-04-09,라이브,뷰티,35827,1194,34633,False,False
O14973,C003,2026-04-09,라이브,뷰티,156676,7103,149573,False,False
O14974,C003,2026-04-09,라이브,패션잡화,304419,20299,284120,False,False
O14975,C003,2026-04-09,라이브,패션잡화,39896,2932,36964,False,False
O14976,C003,2026-04-09,라이브,식품,183941,8197,175744,False,True
O14977,C003,2026-04-09,라이브,디지털,142627,8385,134242,False,False
O14978,C003,2026-04-09,라이브,뷰티,353830,15497,338333,False,False
O14979,C004,2026-04-09,오픈마켓,패션잡화,154151,8632,0,True,False
O14980,C004,2026-04-09,오픈마켓,식품,138396,7706,130690,False,False
O14981,C004,2026-04-09,오픈마켓,식품,182969,12793,170176,False,False
O14982,C004,2026-04-09,오픈마켓,식품,405022,14938,390084,False,False
O14983,C004,2026-04-09,오픈마켓,패션잡화,151220,5310,0,True,False
O14984,C004,2026-04-09,오픈마켓,뷰티,192310,11860,180450,False,False
O14985,C004,2026-04-09,오픈마켓,디지털,139376,4069,135307,False,False
O14986,C004,2026-04-09,오픈마켓,뷰티,270168,10575,259593,False,False
O14987,C004,2026-04-09,오픈마켓,디지털,228120,16193,211927,False,False
O14988,C004,2026-04-09,오픈마켓,생활용품,204262,14989,189273,False,False
O14989,C004,2026-04-09,오픈마켓,식품,146158,8438,137720,False,False
O14990,C004,2026-04-09,오픈마켓,생활용품,351253,14356,336897,False,False
O14991,C004,2026-04-09,오픈마켓,식품,343242,23057,320185,False,False
O14992,C004,2026-04-09,오픈마켓,뷰티,291132,21153,269979,False,False
O14993,C005,2026-04-09,자사몰,식품,33428,1082,32346,False,False
O14994,C005,2026-04-09,자사몰,디지털,218567,15621,202946,False,False
O14995,C005,2026-04-09,자사몰,패션잡화,403363,25008,378355,False,False
O14996,C005,2026-04-09,자사몰,디지털,205717,11550,194167,False,False
O14997,C005,2026-04-09,자사몰,뷰티,272006,19662,252344,False,False
O14998,C005,2026-04-09,자사몰,디지털,405996,17055,388941,False,False
O14999,C005,2026-04-09,자사몰,생활용품,137628,8389,129239,False,False
O15000,C005,2026-04-09,자사몰,식품,135810,3513,132297,False,False
O15001,C001,2026-04-10,자사몰,뷰티,318469,14381,304088,False,False
O15002,C001,2026-04-10,자사몰,뷰티,334247,15936,318311,False,False
O15003,C001,2026-04-10,자사몰,뷰티,292281,13754,278527,False,False
O15004,C001,2026-04-10,자사몰,뷰티,46840,1311,45529,False,False
O15005,C001,2026-04-10,자사몰,패션잡화,195652,8743,186909,False,False
O15006,C001,2026-04-10,자사몰,생활용품,143178,8651,134527,False,False
O15007,C001,2026-04-10,자사몰,패션잡화,45434,2410,43024,False,False
O15008,C001,2026-04-10,자사몰,디지털,214564,8998,205566,False,False
O15009,C001,2026-04-10,자사몰,패션잡화,284547,13060,271487,False,False
O15010,C001,2026-04-10,자사몰,생활용품,242617,17198,225419,False,False
O15011,C001,2026-04-10,자사몰,패션잡화,193981,12158,181823,False,False
O15012,C002,2026-04-10,오픈마켓,식품,185040,8548,176492,False,False
O15013,C002,2026-04-10,오픈마켓,패션잡화,204394,13747,190647,False,False
O15014,C002,2026-04-10,오픈마켓,생활용품,128314,3425,124889,False,False
O15015,C002,2026-04-10,오픈마켓,패션잡화,101059,5293,95766,False,True
O15016,C002,2026-04-10,오픈마켓,패션잡화,234011,9372,224639,False,False
O15017,C002,2026-04-10,오픈마켓,패션잡화,138502,4898,133604,False,False
O15018,C002,2026-04-10,오픈마켓,패션잡화,206192,10040,196152,False,False
O15019,C002,2026-04-10,오픈마켓,패션잡화,273042,7577,265465,False,False
O15020,C002,2026-04-10,오픈마켓,뷰티,193691,6117,187574,False,False
O15021,C002,2026-04-10,오픈마켓,디지털,149072,6887,142185,False,False
O15022,C002,2026-04-10,오픈마켓,패션잡화,87255,3363,83892,False,False
O15023,C002,2026-04-10,오픈마켓,뷰티,309121,11898,297223,False,False
O15024,C002,2026-04-10,오픈마켓,식품,258826,11868,246958,False,False
O15025,C002,2026-04-10,오픈마켓,생활용품,382495,17240,365255,False,False
O15026,C003,2026-04-10,라이브,디지털,304831,22033,282798,False,True
O15027,C003,2026-04-10,라이브,생활용품,182009,7023,174986,False,False
O15028,C003,2026-04-10,라이브,디지털,238655,11175,227480,False,False
O15029,C003,2026-04-10,라이브,식품,121559,5812,115747,False,False
O15030,C003,2026-04-10,라이브,식품,134019,7297,126722,False,False
O15031,C003,2026-04-10,라이브,패션잡화,145541,7957,137584,False,False
O15032,C003,2026-04-10,라이브,디지털,159253,8853,150400,False,False
O15033,C003,2026-04-10,라이브,패션잡화,291703,19756,271947,False,False
O15034,C003,2026-04-10,라이브,생활용품,346656,12449,334207,False,False
O15035,C003,2026-04-10,라이브,뷰티,366690,16273,350417,False,False
O15036,C003,2026-04-10,라이브,식품,400375,12771,387604,False,False
O15037,C003,2026-04-10,라이브,뷰티,292267,18409,273858,False,False
O15038,C004,2026-04-10,오픈마켓,생활용품,241048,11675,229373,False,False
O15039,C004,2026-04-10,오픈마켓,디지털,368339,19935,348404,False,False
O15040,C004,2026-04-10,오픈마켓,디지털,401467,21979,379488,False,False
O15041,C004,2026-04-10,오픈마켓,뷰티,47541,3493,44048,False,False
O15042,C004,2026-04-10,오픈마켓,식품,388554,19321,369233,False,False
O15043,C004,2026-04-10,오픈마켓,생활용품,289558,14870,0,True,False
O15044,C004,2026-04-10,오픈마켓,패션잡화,65592,1686,63906,False,False
O15045,C004,2026-04-10,오픈마켓,디지털,417409,13017,0,True,False
O15046,C004,2026-04-10,오픈마켓,디지털,122085,8030,114055,False,False
O15047,C005,2026-04-10,자사몰,생활용품,307528,10475,297053,False,False
O15048,C005,2026-04-10,자사몰,뷰티,276875,18788,258087,False,False
O15049,C005,2026-04-10,자사몰,뷰티,219859,7192,212667,False,False
O15050,C005,2026-04-10,자사몰,패션잡화,127627,3843,123784,False,False
O15051,C001,2026-04-11,자사몰,뷰티,196489,9458,187031,False,False
O15052,C001,2026-04-11,자사몰,패션잡화,83665,5167,78498,False,False
O15053,C001,2026-04-11,자사몰,뷰티,388549,11007,377542,False,False
O15054,C001,2026-04-11,자사몰,생활용품,74511,2414,72097,False,False
O15055,C002,2026-04-11,오픈마켓,패션잡화,221801,9595,212206,False,False
O15056,C002,2026-04-11,오픈마켓,뷰티,381356,26913,354443,False,False
O15057,C002,2026-04-11,오픈마켓,뷰티,141667,8858,132809,False,False
O15058,C002,2026-04-11,오픈마켓,뷰티,223886,9181,214705,False,False
O15059,C002,2026-04-11,오픈마켓,디지털,242464,10238,232226,False,False
O15060,C002,2026-04-11,오픈마켓,식품,322169,14104,308065,False,False
O15061,C002,2026-04-11,오픈마켓,패션잡화,279313,16595,262718,False,False
O15062,C002,2026-04-11,오픈마켓,식품,57436,2408,55028,False,False
O15063,C002,2026-04-11,오픈마켓,패션잡화,121807,8893,112914,False,False
O15064,C002,2026-04-11,오픈마켓,식품,248389,10019,238370,False,False
O15065,C002,2026-04-11,오픈마켓,뷰티,249495,13813,235682,False,False
O15066,C002,2026-04-11,오픈마켓,패션잡화,408841,30523,378318,False,False
O15067,C002,2026-04-11,오픈마켓,패션잡화,109106,4621,104485,False,False
O15068,C003,2026-04-11,라이브,생활용품,200591,10150,190441,False,False
O15069,C003,2026-04-11,라이브,디지털,216883,6173,210710,False,False
O15070,C003,2026-04-11,라이브,패션잡화,393324,17343,375981,False,False
O15071,C003,2026-04-11,라이브,식품,233607,10094,223513,False,False
O15072,C003,2026-04-11,라이브,패션잡화,179000,10898,0,True,False
O15073,C003,2026-04-11,라이브,식품,244060,18099,225961,False,False
O15074,C003,2026-04-11,라이브,디지털,253377,10333,243044,False,False
O15075,C003,2026-04-11,라이브,패션잡화,329425,12695,316730,False,False
O15076,C003,2026-04-11,라이브,패션잡화,331313,20246,311067,False,False
O15077,C004,2026-04-11,오픈마켓,뷰티,171640,5768,165872,False,False
O15078,C004,2026-04-11,오픈마켓,식품,263576,18784,244792,False,False
O15079,C004,2026-04-11,오픈마켓,디지털,211501,10816,0,True,False
O15080,C004,2026-04-11,오픈마켓,생활용품,288321,7802,280519,False,False
O15081,C004,2026-04-11,오픈마켓,뷰티,338830,11234,327596,False,False
O15082,C004,2026-04-11,오픈마켓,생활용품,66467,3794,62673,False,False
O15083,C004,2026-04-11,오픈마켓,식품,112879,4327,108552,False,False
O15084,C004,2026-04-11,오픈마켓,식품,326030,13798,312232,False,False
O15085,C004,2026-04-11,오픈마켓,뷰티,238652,16141,222511,False,False
O15086,C004,2026-04-11,오픈마켓,식품,399709,28884,370825,False,False
O15087,C004,2026-04-11,오픈마켓,디지털,49068,2672,46396,False,False
O15088,C005,2026-04-11,자사몰,생활용품,254668,13913,240755,False,False
O15089,C005,2026-04-11,자사몰,디지털,344500,10917,333583,False,False
O15090,C005,2026-04-11,자사몰,패션잡화,214382,11473,202909,False,False
O15091,C005,2026-04-11,자사몰,디지털,296806,16835,279971,False,False
O15092,C005,2026-04-11,자사몰,생활용품,211938,6890,205048,False,False
O15093,C005,2026-04-11,자사몰,생활용품,148365,8979,139386,False,False
O15094,C005,2026-04-11,자사몰,식품,370510,12188,358322,False,False
O15095,C005,2026-04-11,자사몰,생활용품,295765,17805,277960,False,False
O15096,C005,2026-04-11,자사몰,디지털,406023,16425,389598,False,False
O15097,C005,2026-04-11,자사몰,디지털,181741,9408,172333,False,False
O15098,C001,2026-04-12,자사몰,생활용품,34196,981,33215,False,True
O15099,C001,2026-04-12,자사몰,패션잡화,329896,22530,307366,False,False
O15100,C001,2026-04-12,자사몰,디지털,362228,19701,342527,False,False
O15101,C001,2026-04-12,자사몰,패션잡화,176126,8059,168067,False,False
O15102,C002,2026-04-12,오픈마켓,패션잡화,248479,10739,237740,False,False
O15103,C002,2026-04-12,오픈마켓,패션잡화,315586,10605,304981,False,False
O15104,C002,2026-04-12,오픈마켓,패션잡화,130945,8759,122186,False,False
O15105,C002,2026-04-12,오픈마켓,뷰티,341624,18973,322651,False,False
O15106,C003,2026-04-12,라이브,패션잡화,98442,5360,93082,False,False
O15107,C003,2026-04-12,라이브,생활용품,333358,10381,322977,False,False
O15108,C003,2026-04-12,라이브,디지털,294774,18101,276673,False,False
O15109,C003,2026-04-12,라이브,식품,296641,19087,277554,False,False
O15110,C003,2026-04-12,라이브,생활용품,78553,3358,75195,False,False
O15111,C003,2026-04-12,라이브,식품,312455,12672,299783,False,False
O15112,C003,2026-04-12,라이브,뷰티,173165,6548,166617,False,False
O15113,C003,2026-04-12,라이브,식품,308601,8513,300088,False,False
O15114,C004,2026-04-12,오픈마켓,디지털,250763,9501,241262,False,False
O15115,C004,2026-04-12,오픈마켓,식품,358506,12594,345912,False,True
O15116,C004,2026-04-12,오픈마켓,뷰티,262980,11206,251774,False,False
O15117,C004,2026-04-12,오픈마켓,패션잡화,212845,6073,206772,False,False
O15118,C004,2026-04-12,오픈마켓,뷰티,222640,11838,210802,False,False
O15119,C004,2026-04-12,오픈마켓,식품,220311,11706,208605,False,False
O15120,C004,2026-04-12,오픈마켓,디지털,217476,9721,207755,False,False
O15121,C004,2026-04-12,오픈마켓,뷰티,392843,18388,374455,False,False
O15122,C004,2026-04-12,오픈마켓,뷰티,316536,15352,301184,False,False
O15123,C004,2026-04-12,오픈마켓,뷰티,149447,4581,144866,False,False
O15124,C004,2026-04-12,오픈마켓,디지털,100317,6168,94149,False,False
O15125,C004,2026-04-12,오픈마켓,식품,338517,23245,315272,False,False
O15126,C004,2026-04-12,오픈마켓,패션잡화,147177,4786,142391,False,False
O15127,C005,2026-04-12,자사몰,뷰티,373159,17205,355954,False,False
O15128,C005,2026-04-12,자사몰,식품,82151,4882,0,True,False
O15129,C005,2026-04-12,자사몰,패션잡화,248676,10281,0,True,False
O15130,C005,2026-04-12,자사몰,생활용품,43838,2100,41738,False,False
O15131,C005,2026-04-12,자사몰,뷰티,39602,2023,37579,False,False
O15132,C005,2026-04-12,자사몰,디지털,277872,17963,259909,False,False
O15133,C005,2026-04-12,자사몰,식품,81367,5191,76176,False,False
O15134,C005,2026-04-12,자사몰,뷰티,170605,6506,164099,False,False
O15135,C005,2026-04-12,자사몰,패션잡화,76457,3591,72866,False,False
O15136,C005,2026-04-12,자사몰,패션잡화,116616,7918,108698,False,False
O15137,C005,2026-04-12,자사몰,생활용품,354649,18224,0,True,False
O15138,C001,2026-04-13,자사몰,생활용품,274625,15470,259155,False,False
O15139,C001,2026-04-13,자사몰,뷰티,162082,11922,150160,False,False
O15140,C001,2026-04-13,자사몰,패션잡화,397346,16946,380400,False,False
O15141,C001,2026-04-13,자사몰,식품,416389,18940,397449,False,False
O15142,C001,2026-04-13,자사몰,패션잡화,417190,10650,406540,False,False
O15143,C001,2026-04-13,자사몰,식품,166110,5678,160432,False,True
O15144,C001,2026-04-13,자사몰,패션잡화,299930,19775,280155,False,False
O15145,C001,2026-04-13,자사몰,뷰티,33576,1007,32569,False,False
O15146,C001,2026-04-13,자사몰,식품,277098,8732,268366,False,False
O15147,C001,2026-04-13,자사몰,생활용품,216939,13822,203117,False,False
O15148,C001,2026-04-13,자사몰,생활용품,137204,7654,129550,False,False
O15149,C001,2026-04-13,자사몰,생활용품,305047,9225,295822,False,False
O15150,C002,2026-04-13,오픈마켓,디지털,199645,10179,189466,False,False
O15151,C002,2026-04-13,오픈마켓,생활용품,387809,25468,362341,False,True
O15152,C002,2026-04-13,오픈마켓,생활용품,373864,26089,347775,False,False
O15153,C002,2026-04-13,오픈마켓,식품,60892,3785,57107,False,False
O15154,C002,2026-04-13,오픈마켓,식품,166847,4709,162138,False,False
O15155,C002,2026-04-13,오픈마켓,식품,320411,9703,310708,False,False
O15156,C002,2026-04-13,오픈마켓,식품,77812,4818,72994,False,False
O15157,C002,2026-04-13,오픈마켓,식품,250463,18050,232413,False,False
O15158,C003,2026-04-13,라이브,생활용품,179111,12885,166226,False,False
O15159,C003,2026-04-13,라이브,디지털,120094,4782,115312,False,False
O15160,C003,2026-04-13,라이브,디지털,379170,16622,362548,False,False
O15161,C003,2026-04-13,라이브,디지털,113907,8357,105550,False,False
O15162,C003,2026-04-13,라이브,뷰티,387377,14561,372816,False,False
O15163,C003,2026-04-13,라이브,패션잡화,79003,2193,76810,False,False
O15164,C003,2026-04-13,라이브,패션잡화,222430,11473,210957,False,False
O15165,C003,2026-04-13,라이브,식품,164947,5143,159804,False,False
O15166,C003,2026-04-13,라이브,패션잡화,311645,18125,293520,False,True
O15167,C003,2026-04-13,라이브,뷰티,258018,11569,246449,False,False
O15168,C003,2026-04-13,라이브,생활용품,306968,14861,292107,False,False
O15169,C003,2026-04-13,라이브,디지털,179196,11620,167576,False,False
O15170,C003,2026-04-13,라이브,디지털,309307,22529,286778,False,False
O15171,C003,2026-04-13,라이브,뷰티,223369,14039,209330,False,False
O15172,C004,2026-04-13,오픈마켓,뷰티,400797,17342,383455,False,False
O15173,C004,2026-04-13,오픈마켓,패션잡화,259321,7310,252011,False,False
O15174,C004,2026-04-13,오픈마켓,패션잡화,162381,9617,152764,False,False
O15175,C004,2026-04-13,오픈마켓,패션잡화,353268,9792,0,True,False
O15176,C004,2026-04-13,오픈마켓,뷰티,172890,5469,167421,False,False
O15177,C005,2026-04-13,자사몰,뷰티,351157,21018,330139,False,False
O15178,C005,2026-04-13,자사몰,디지털,360223,20259,339964,False,False
O15179,C005,2026-04-13,자사몰,패션잡화,336409,19696,316713,False,False
O15180,C005,2026-04-13,자사몰,뷰티,379309,10779,368530,False,False
O15181,C005,2026-04-13,자사몰,패션잡화,339707,18871,320836,False,False
O15182,C005,2026-04-13,자사몰,생활용품,406880,16583,390297,False,False
O15183,C005,2026-04-13,자사몰,생활용품,69133,4717,64416,False,True
O15184,C005,2026-04-13,자사몰,생활용품,333978,15014,318964,False,False
O15185,C005,2026-04-13,자사몰,생활용품,193823,5680,188143,False,False
O15186,C005,2026-04-13,자사몰,생활용품,131974,8136,123838,False,True
O15187,C001,2026-04-14,자사몰,디지털,305101,9853,295248,False,False
O15188,C001,2026-04-14,자사몰,생활용품,403834,25400,378434,False,False
O15189,C001,2026-04-14,자사몰,식품,352965,25964,327001,False,False
O15190,C001,2026-04-14,자사몰,생활용품,315999,13374,302625,False,False
O15191,C001,2026-04-14,자사몰,패션잡화,232189,6689,225500,False,False
O15192,C001,2026-04-14,자사몰,뷰티,314716,14789,299927,False,False
O15193,C001,2026-04-14,자사몰,디지털,293306,8952,284354,False,False
O15194,C001,2026-04-14,자사몰,뷰티,206561,7116,199445,False,False
O15195,C001,2026-04-14,자사몰,식품,158964,9341,149623,False,False
O15196,C001,2026-04-14,자사몰,패션잡화,244014,10978,233036,False,False
O15197,C001,2026-04-14,자사몰,뷰티,244683,18118,226565,False,False
O15198,C001,2026-04-14,자사몰,패션잡화,76200,4511,71689,False,False
O15199,C002,2026-04-14,오픈마켓,뷰티,79548,5152,74396,False,True
O15200,C002,2026-04-14,오픈마켓,생활용품,173045,11876,161169,False,False
O15201,C002,2026-04-14,오픈마켓,뷰티,283677,13652,0,True,False
O15202,C002,2026-04-14,오픈마켓,뷰티,356088,25994,330094,False,False
O15203,C002,2026-04-14,오픈마켓,패션잡화,361048,12574,348474,False,False
O15204,C002,2026-04-14,오픈마켓,식품,35246,1982,33264,False,False
O15205,C002,2026-04-14,오픈마켓,식품,218797,11621,207176,False,False
O15206,C002,2026-04-14,오픈마켓,디지털,226674,15674,211000,False,False
O15207,C002,2026-04-14,오픈마켓,식품,380884,21222,359662,False,False
O15208,C002,2026-04-14,오픈마켓,생활용품,138072,4499,133573,False,False
O15209,C002,2026-04-14,오픈마켓,뷰티,248358,10163,238195,False,False
O15210,C002,2026-04-14,오픈마켓,패션잡화,101715,3114,98601,False,False
O15211,C002,2026-04-14,오픈마켓,식품,249382,15106,234276,False,False
O15212,C003,2026-04-14,라이브,생활용품,208044,6910,201134,False,False
O15213,C003,2026-04-14,라이브,뷰티,62096,3324,58772,False,False
O15214,C003,2026-04-14,라이브,생활용품,91451,3121,88330,False,False
O15215,C003,2026-04-14,라이브,디지털,322069,9481,312588,False,False
O15216,C003,2026-04-14,라이브,식품,212370,7162,205208,False,False
O15217,C003,2026-04-14,라이브,디지털,117858,6670,0,True,False
O15218,C003,2026-04-14,라이브,식품,413940,29600,384340,False,False
O15219,C003,2026-04-14,라이브,뷰티,357969,21837,336132,False,False
O15220,C003,2026-04-14,라이브,생활용품,124634,5859,0,True,False
O15221,C003,2026-04-14,라이브,뷰티,195692,13301,182391,False,False
O15222,C003,2026-04-14,라이브,식품,334377,19478,314899,False,False
O15223,C003,2026-04-14,라이브,디지털,187674,5587,182087,False,False
O15224,C003,2026-04-14,라이브,뷰티,90960,3498,87462,False,False
O15225,C003,2026-04-14,라이브,패션잡화,114935,7492,107443,False,False
O15226,C004,2026-04-14,오픈마켓,패션잡화,80318,4530,75788,False,False
O15227,C004,2026-04-14,오픈마켓,뷰티,158733,7436,151297,False,False
O15228,C004,2026-04-14,오픈마켓,뷰티,211219,7238,203981,False,False
O15229,C004,2026-04-14,오픈마켓,생활용품,408704,30198,378506,False,False
O15230,C004,2026-04-14,오픈마켓,뷰티,309370,16714,292656,False,False
O15231,C004,2026-04-14,오픈마켓,생활용품,279477,16793,262684,False,False
O15232,C004,2026-04-14,오픈마켓,식품,315544,17823,297721,False,False
O15233,C004,2026-04-14,오픈마켓,디지털,235824,9121,226703,False,False
O15234,C004,2026-04-14,오픈마켓,뷰티,233433,11048,222385,False,False
O15235,C004,2026-04-14,오픈마켓,식품,228860,12908,215952,False,False
O15236,C005,2026-04-14,자사몰,생활용품,384367,17730,366637,False,False
O15237,C005,2026-04-14,자사몰,뷰티,358016,17674,340342,False,False
O15238,C005,2026-04-14,자사몰,생활용품,77620,4676,72944,False,False
O15239,C005,2026-04-14,자사몰,패션잡화,417191,20874,396317,False,False
O15240,C005,2026-04-14,자사몰,생활용품,83983,3781,80202,False,False
O15241,C005,2026-04-14,자사몰,디지털,405656,16365,389291,False,True
O15242,C005,2026-04-14,자사몰,생활용품,182004,9119,172885,False,False
O15243,C005,2026-04-14,자사몰,뷰티,399898,23183,376715,False,False
O15244,C005,2026-04-14,자사몰,생활용품,334618,17299,317319,False,False
O15245,C005,2026-04-14,자사몰,생활용품,104871,7161,97710,False,False
O15246,C005,2026-04-14,자사몰,식품,219839,9682,210157,False,False
O15247,C005,2026-04-14,자사몰,디지털,206027,11599,194428,False,False
O15248,C001,2026-04-15,자사몰,뷰티,230103,12145,217958,False,False
O15249,C001,2026-04-15,자사몰,디지털,288606,7393,281213,False,False
O15250,C001,2026-04-15,자사몰,식품,207768,8589,199179,False,False
O15251,C001,2026-04-15,자사몰,식품,165771,8164,157607,False,False
O15252,C001,2026-04-15,자사몰,식품,403869,15201,388668,False,False
O15253,C001,2026-04-15,자사몰,식품,333408,23699,309709,False,False
O15254,C001,2026-04-15,자사몰,생활용품,404835,22437,382398,False,False
O15255,C001,2026-04-15,자사몰,디지털,63011,2998,60013,False,False
O15256,C001,2026-04-15,자사몰,패션잡화,227820,8567,219253,False,False
O15257,C001,2026-04-15,자사몰,식품,106707,7618,99089,False,False
O15258,C002,2026-04-15,오픈마켓,패션잡화,402468,17470,384998,False,True
O15259,C002,2026-04-15,오픈마켓,뷰티,112276,7649,104627,False,False
O15260,C002,2026-04-15,오픈마켓,패션잡화,33320,2341,30979,False,False
O15261,C002,2026-04-15,오픈마켓,뷰티,96262,4125,92137,False,False
O15262,C002,2026-04-15,오픈마켓,패션잡화,178695,11206,167489,False,False
O15263,C002,2026-04-15,오픈마켓,뷰티,188216,5946,182270,False,False
O15264,C002,2026-04-15,오픈마켓,패션잡화,51705,3133,48572,False,False
O15265,C002,2026-04-15,오픈마켓,패션잡화,98191,7118,91073,False,False
O15266,C002,2026-04-15,오픈마켓,디지털,120025,6566,113459,False,False
O15267,C002,2026-04-15,오픈마켓,식품,58472,3277,55195,False,False
O15268,C002,2026-04-15,오픈마켓,생활용품,90059,4097,85962,False,False
O15269,C002,2026-04-15,오픈마켓,디지털,173481,10708,162773,False,False
O15270,C002,2026-04-15,오픈마켓,생활용품,292656,15796,276860,False,False
O15271,C002,2026-04-15,오픈마켓,디지털,234232,14594,219638,False,False
O15272,C003,2026-04-15,라이브,패션잡화,185338,5724,179614,False,False
O15273,C003,2026-04-15,라이브,패션잡화,206250,14611,191639,False,False
O15274,C003,2026-04-15,라이브,디지털,393467,24099,369368,False,False
O15275,C003,2026-04-15,라이브,패션잡화,41739,1227,40512,False,False
O15276,C003,2026-04-15,라이브,생활용품,217212,11213,205999,False,False
O15277,C003,2026-04-15,라이브,뷰티,368781,18034,350747,False,False
O15278,C003,2026-04-15,라이브,패션잡화,39902,2376,37526,False,False
O15279,C003,2026-04-15,라이브,디지털,270039,7976,262063,False,False
O15280,C003,2026-04-15,라이브,패션잡화,345016,24055,320961,False,False
O15281,C003,2026-04-15,라이브,패션잡화,279255,11555,267700,False,False
O15282,C004,2026-04-15,오픈마켓,패션잡화,340208,23081,317127,False,False
O15283,C004,2026-04-15,오픈마켓,디지털,210629,8315,202314,False,False
O15284,C004,2026-04-15,오픈마켓,디지털,88456,2930,85526,False,False
O15285,C004,2026-04-15,오픈마켓,뷰티,106334,6904,99430,False,False
O15286,C004,2026-04-15,오픈마켓,뷰티,229051,9296,219755,False,False
O15287,C004,2026-04-15,오픈마켓,생활용품,335474,19082,316392,False,False
O15288,C004,2026-04-15,오픈마켓,디지털,221772,11072,210700,False,False
O15289,C004,2026-04-15,오픈마켓,패션잡화,75814,4840,70974,False,False
O15290,C004,2026-04-15,오픈마켓,디지털,241921,9179,232742,False,False
O15291,C004,2026-04-15,오픈마켓,생활용품,344344,16363,327981,False,False
O15292,C004,2026-04-15,오픈마켓,뷰티,365380,23262,342118,False,False
O15293,C004,2026-04-15,오픈마켓,생활용품,190312,5310,185002,False,False
O15294,C005,2026-04-15,자사몰,뷰티,260064,13068,246996,False,False
O15295,C005,2026-04-15,자사몰,뷰티,50786,1476,0,True,False
O15296,C005,2026-04-15,자사몰,패션잡화,389955,18715,371240,False,False
O15297,C005,2026-04-15,자사몰,식품,60656,3597,57059,False,False
O15298,C005,2026-04-15,자사몰,생활용품,272446,16639,255807,False,False
O15299,C005,2026-04-15,자사몰,뷰티,230620,9535,221085,False,False
O15300,C005,2026-04-15,자사몰,패션잡화,39628,2044,37584,False,False
O15301,C005,2026-04-15,자사몰,뷰티,276126,10757,265369,False,False
O15302,C005,2026-04-15,자사몰,뷰티,201882,13595,188287,False,False
O15303,C005,2026-04-15,자사몰,뷰티,309478,16987,292491,False,False
O15304,C005,2026-04-15,자사몰,식품,142833,7126,135707,False,False
O15305,C005,2026-04-15,자사몰,패션잡화,194793,11357,183436,False,False
O15306,C005,2026-04-15,자사몰,생활용품,279979,18857,261122,False,False
O15307,C001,2026-04-16,자사몰,패션잡화,246617,17784,228833,False,False
O15308,C001,2026-04-16,자사몰,생활용품,104475,6002,98473,False,False
O15309,C001,2026-04-16,자사몰,디지털,373602,17806,355796,False,False
O15310,C001,2026-04-16,자사몰,패션잡화,224072,12726,211346,False,False
O15311,C001,2026-04-16,자사몰,생활용품,182924,5412,177512,False,False
O15312,C001,2026-04-16,자사몰,식품,409737,25829,383908,False,False
O15313,C001,2026-04-16,자사몰,패션잡화,348349,23898,324451,False,False
O15314,C002,2026-04-16,오픈마켓,생활용품,350439,9737,340702,False,False
O15315,C002,2026-04-16,오픈마켓,뷰티,325468,11840,313628,False,False
O15316,C002,2026-04-16,오픈마켓,생활용품,270322,16665,253657,False,False
O15317,C002,2026-04-16,오픈마켓,식품,322730,13211,309519,False,False
O15318,C003,2026-04-16,라이브,뷰티,270625,15764,254861,False,False
O15319,C003,2026-04-16,라이브,패션잡화,191750,7457,184293,False,False
O15320,C003,2026-04-16,라이브,디지털,406364,26035,380329,False,True
O15321,C003,2026-04-16,라이브,디지털,124412,6639,117773,False,False
O15322,C003,2026-04-16,라이브,식품,142853,6662,136191,False,False
O15323,C003,2026-04-16,라이브,식품,53993,1963,52030,False,False
O15324,C004,2026-04-16,오픈마켓,생활용품,373439,27702,345737,False,False
O15325,C004,2026-04-16,오픈마켓,식품,306364,8710,297654,False,False
O15326,C004,2026-04-16,오픈마켓,패션잡화,113190,6245,106945,False,False
O15327,C004,2026-04-16,오픈마켓,식품,322404,11969,310435,False,False
O15328,C005,2026-04-16,자사몰,생활용품,84836,3927,80909,False,False
O15329,C005,2026-04-16,자사몰,뷰티,288409,13972,274437,False,False
O15330,C005,2026-04-16,자사몰,식품,145371,3657,141714,False,False
O15331,C005,2026-04-16,자사몰,생활용품,110004,4371,105633,False,False
O15332,C005,2026-04-16,자사몰,디지털,174097,11211,162886,False,False
O15333,C005,2026-04-16,자사몰,패션잡화,190472,13078,177394,False,False
O15334,C001,2026-04-17,자사몰,생활용품,253008,18032,234976,False,True
O15335,C001,2026-04-17,자사몰,뷰티,198024,6217,191807,False,False
O15336,C001,2026-04-17,자사몰,뷰티,80267,4110,76157,False,False
O15337,C001,2026-04-17,자사몰,디지털,182938,12742,0,True,False
O15338,C001,2026-04-17,자사몰,디지털,353005,25459,327546,False,False
O15339,C001,2026-04-17,자사몰,디지털,416985,16010,400975,False,False
O15340,C002,2026-04-17,오픈마켓,디지털,181350,10416,170934,False,False
O15341,C002,2026-04-17,오픈마켓,뷰티,131603,4434,127169,False,False
O15342,C002,2026-04-17,오픈마켓,디지털,321381,21424,299957,False,False
O15343,C002,2026-04-17,오픈마켓,디지털,79438,2515,76923,False,False
O15344,C002,2026-04-17,오픈마켓,디지털,93856,4757,89099,False,False
O15345,C002,2026-04-17,오픈마켓,패션잡화,102323,4765,97558,False,False
O15346,C002,2026-04-17,오픈마켓,식품,403646,22624,381022,False,False
O15347,C002,2026-04-17,오픈마켓,디지털,298254,19534,278720,False,False
O15348,C002,2026-04-17,오픈마켓,패션잡화,189557,10160,179397,False,False
O15349,C002,2026-04-17,오픈마켓,식품,380218,17040,0,True,False
O15350,C002,2026-04-17,오픈마켓,생활용품,86829,2843,83986,False,False
O15351,C002,2026-04-17,오픈마켓,뷰티,390879,23332,367547,False,True
O15352,C002,2026-04-17,오픈마켓,식품,259815,18946,240869,False,False
O15353,C002,2026-04-17,오픈마켓,디지털,416272,25260,391012,False,False
O15354,C003,2026-04-17,라이브,생활용품,293497,9733,283764,False,False
O15355,C003,2026-04-17,라이브,생활용품,178112,4757,173355,False,False
O15356,C003,2026-04-17,라이브,패션잡화,74936,2491,72445,False,False
O15357,C003,2026-04-17,라이브,식품,138593,6994,0,True,False
O15358,C003,2026-04-17,라이브,식품,368720,16172,352548,False,False
O15359,C003,2026-04-17,라이브,생활용품,34528,1525,0,True,False
O15360,C003,2026-04-17,라이브,뷰티,131034,9026,122008,False,False
O15361,C003,2026-04-17,라이브,디지털,113720,7521,106199,False,False
O15362,C004,2026-04-17,오픈마켓,생활용품,216207,11591,204616,False,False
O15363,C004,2026-04-17,오픈마켓,뷰티,122607,3592,119015,False,False
O15364,C004,2026-04-17,오픈마켓,뷰티,297698,19421,278277,False,False
O15365,C004,2026-04-17,오픈마켓,디지털,400757,20158,380599,False,True
O15366,C004,2026-04-17,오픈마켓,패션잡화,86579,6395,80184,False,False
O15367,C004,2026-04-17,오픈마켓,뷰티,325784,10554,315230,False,False
O15368,C004,2026-04-17,오픈마켓,식품,248021,11775,236246,False,False
O15369,C005,2026-04-17,자사몰,디지털,244138,10921,233217,False,True
O15370,C005,2026-04-17,자사몰,패션잡화,197410,9028,188382,False,False
O15371,C005,2026-04-17,자사몰,디지털,261297,17186,244111,False,False
O15372,C005,2026-04-17,자사몰,디지털,300945,20385,280560,False,False
O15373,C005,2026-04-17,자사몰,뷰티,184497,6088,178409,False,False
O15374,C005,2026-04-17,자사몰,뷰티,301283,21879,279404,False,False
O15375,C005,2026-04-17,자사몰,디지털,77339,3313,74026,False,False
O15376,C005,2026-04-17,자사몰,디지털,400701,10411,390290,False,True
O15377,C005,2026-04-17,자사몰,생활용품,247778,16282,231496,False,True
O15378,C005,2026-04-17,자사몰,식품,418242,16564,401678,False,False
O15379,C005,2026-04-17,자사몰,뷰티,332989,10790,322199,False,False
O15380,C005,2026-04-17,자사몰,패션잡화,144471,7007,137464,False,False
O15381,C005,2026-04-17,자사몰,식품,103933,6620,97313,False,False
O15382,C005,2026-04-17,자사몰,패션잡화,323577,20239,303338,False,False
O15383,C001,2026-04-18,자사몰,뷰티,95075,4931,90144,False,False
O15384,C001,2026-04-18,자사몰,생활용품,320169,8702,311467,False,False
O15385,C001,2026-04-18,자사몰,식품,272424,19796,252628,False,False
O15386,C001,2026-04-18,자사몰,디지털,189179,4941,184238,False,False
O15387,C001,2026-04-18,자사몰,디지털,255974,13378,242596,False,False
O15388,C002,2026-04-18,오픈마켓,식품,310505,12132,298373,False,False
O15389,C002,2026-04-18,오픈마켓,패션잡화,325085,13663,311422,False,False
O15390,C002,2026-04-18,오픈마켓,디지털,309956,18302,291654,False,False
O15391,C002,2026-04-18,오픈마켓,패션잡화,55999,3917,52082,False,False
O15392,C002,2026-04-18,오픈마켓,식품,256600,11871,244729,False,False
O15393,C002,2026-04-18,오픈마켓,디지털,284317,9105,275212,False,False
O15394,C002,2026-04-18,오픈마켓,패션잡화,41867,2827,39040,False,False
O15395,C003,2026-04-18,라이브,패션잡화,286070,17144,268926,False,False
O15396,C003,2026-04-18,라이브,식품,122546,7702,114844,False,True
O15397,C003,2026-04-18,라이브,뷰티,367978,24476,343502,False,False
O15398,C003,2026-04-18,라이브,생활용품,368449,19999,348450,False,False
O15399,C003,2026-04-18,라이브,디지털,94566,4692,0,True,False
O15400,C003,2026-04-18,라이브,패션잡화,45518,2960,42558,False,False
O15401,C003,2026-04-18,라이브,식품,413210,28571,384639,False,False
O15402,C003,2026-04-18,라이브,패션잡화,43008,1822,41186,False,False
O15403,C003,2026-04-18,라이브,식품,77294,4832,0,True,False
O15404,C003,2026-04-18,라이브,패션잡화,328765,12950,315815,False,False
O15405,C004,2026-04-18,오픈마켓,디지털,234390,6798,227592,False,False
O15406,C004,2026-04-18,오픈마켓,패션잡화,395635,26304,369331,False,True
O15407,C004,2026-04-18,오픈마켓,생활용품,325411,23310,302101,False,False
O15408,C004,2026-04-18,오픈마켓,생활용품,40915,1106,39809,False,False
O15409,C005,2026-04-18,자사몰,디지털,132383,8002,124381,False,False
O15410,C005,2026-04-18,자사몰,디지털,290580,20742,269838,False,False
O15411,C005,2026-04-18,자사몰,식품,63433,2916,60517,False,False
O15412,C005,2026-04-18,자사몰,생활용품,205554,8410,197144,False,False
O15413,C005,2026-04-18,자사몰,뷰티,187683,11597,176086,False,False
O15414,C005,2026-04-18,자사몰,디지털,59789,1777,58012,False,False
O15415,C005,2026-04-18,자사몰,패션잡화,108345,4408,103937,False,False
O15416,C001,2026-04-19,자사몰,식품,121796,6045,115751,False,False
O15417,C001,2026-04-19,자사몰,디지털,132142,4688,127454,False,False
O15418,C001,2026-04-19,자사몰,식품,190680,8768,181912,False,False
O15419,C001,2026-04-19,자사몰,생활용품,153657,6126,147531,False,False
O15420,C001,2026-04-19,자사몰,생활용품,172209,10996,161213,False,False
O15421,C001,2026-04-19,자사몰,식품,150289,8886,141403,False,False
O15422,C001,2026-04-19,자사몰,뷰티,192571,13296,179275,False,False
O15423,C001,2026-04-19,자사몰,식품,402954,24877,378077,False,False
O15424,C001,2026-04-19,자사몰,생활용품,270557,7442,263115,False,False
O15425,C001,2026-04-19,자사몰,뷰티,199676,7716,191960,False,False
O15426,C001,2026-04-19,자사몰,식품,325350,10993,314357,False,False
O15427,C001,2026-04-19,자사몰,디지털,265307,16963,248344,False,False
O15428,C001,2026-04-19,자사몰,패션잡화,197089,9762,187327,False,False
O15429,C001,2026-04-19,자사몰,뷰티,174864,7118,167746,False,False
O15430,C002,2026-04-19,오픈마켓,디지털,130711,4310,126401,False,False
O15431,C002,2026-04-19,오픈마켓,식품,126827,6999,119828,False,False
O15432,C002,2026-04-19,오픈마켓,뷰티,237466,17225,220241,False,False
O15433,C002,2026-04-19,오픈마켓,뷰티,379389,26015,353374,False,False
O15434,C002,2026-04-19,오픈마켓,생활용품,178535,8308,170227,False,False
O15435,C002,2026-04-19,오픈마켓,패션잡화,68631,4846,63785,False,False
O15436,C002,2026-04-19,오픈마켓,디지털,44255,2991,41264,False,False
O15437,C002,2026-04-19,오픈마켓,디지털,263733,12471,251262,False,False
O15438,C002,2026-04-19,오픈마켓,식품,190320,8186,182134,False,False
O15439,C002,2026-04-19,오픈마켓,뷰티,282562,20768,261794,False,True
O15440,C002,2026-04-19,오픈마켓,생활용품,313222,11533,301689,False,False
O15441,C002,2026-04-19,오픈마켓,뷰티,194947,13491,181456,False,False
O15442,C002,2026-04-19,오픈마켓,뷰티,244880,7116,0,True,False
O15443,C002,2026-04-19,오픈마켓,뷰티,200117,7123,192994,False,False
O15444,C002,2026-04-19,오픈마켓,뷰티,337536,24686,312850,False,False
O15445,C002,2026-04-19,오픈마켓,패션잡화,273663,19389,254274,False,False
O15446,C003,2026-04-19,라이브,패션잡화,279863,16858,263005,False,False
O15447,C003,2026-04-19,라이브,디지털,321218,21214,300004,False,False
O15448,C003,2026-04-19,라이브,식품,387480,16991,370489,False,False
O15449,C003,2026-04-19,라이브,패션잡화,84007,2594,81413,False,False
O15450,C003,2026-04-19,라이브,생활용품,114911,5380,109531,False,True
O15451,C003,2026-04-19,라이브,뷰티,303624,17464,286160,False,False
O15452,C003,2026-04-19,라이브,뷰티,48552,3119,45433,False,False
O15453,C003,2026-04-19,라이브,디지털,312173,12051,300122,False,False
O15454,C003,2026-04-19,라이브,패션잡화,146313,8130,138183,False,False
O15455,C003,2026-04-19,라이브,식품,372516,26826,345690,False,False
O15456,C003,2026-04-19,라이브,디지털,305043,15743,289300,False,False
O15457,C003,2026-04-19,라이브,패션잡화,93671,5862,87809,False,False
O15458,C003,2026-04-19,라이브,뷰티,268810,20023,248787,False,False
O15459,C003,2026-04-19,라이브,디지털,38347,1695,36652,False,False
O15460,C004,2026-04-19,오픈마켓,패션잡화,214479,6086,208393,False,False
O15461,C004,2026-04-19,오픈마켓,디지털,148522,5872,142650,False,False
O15462,C004,2026-04-19,오픈마켓,패션잡화,171589,5139,166450,False,False
O15463,C004,2026-04-19,오픈마켓,패션잡화,317839,15770,302069,False,False
O15464,C004,2026-04-19,오픈마켓,식품,190055,8281,181774,False,False
O15465,C004,2026-04-19,오픈마켓,디지털,403881,20222,383659,False,False
O15466,C004,2026-04-19,오픈마켓,식품,93435,4762,88673,False,False
O15467,C005,2026-04-19,자사몰,생활용품,60035,2993,57042,False,False
O15468,C005,2026-04-19,자사몰,생활용품,173831,8495,165336,False,False
O15469,C005,2026-04-19,자사몰,디지털,78440,1986,76454,False,False
O15470,C005,2026-04-19,자사몰,디지털,336839,22931,313908,False,False
O15471,C005,2026-04-19,자사몰,패션잡화,387520,26297,361223,False,False
O15472,C005,2026-04-19,자사몰,뷰티,157474,11056,146418,False,False
O15473,C005,2026-04-19,자사몰,패션잡화,302862,15190,287672,False,False
O15474,C005,2026-04-19,자사몰,생활용품,199672,10109,189563,False,False
O15475,C005,2026-04-19,자사몰,디지털,329379,10640,318739,False,False
O15476,C005,2026-04-19,자사몰,식품,363876,10799,353077,False,False
O15477,C005,2026-04-19,자사몰,디지털,203356,8564,194792,False,True
O15478,C005,2026-04-19,자사몰,패션잡화,90722,5701,85021,False,False
O15479,C005,2026-04-19,자사몰,식품,161393,7090,154303,False,False
O15480,C005,2026-04-19,자사몰,식품,376038,25884,350154,False,False
O15481,C001,2026-04-20,자사몰,생활용품,121079,4331,116748,False,True
O15482,C001,2026-04-20,자사몰,생활용품,307005,9995,297010,False,False
O15483,C001,2026-04-20,자사몰,생활용품,376664,28003,348661,False,False
O15484,C001,2026-04-20,자사몰,식품,293520,9739,283781,False,False
O15485,C001,2026-04-20,자사몰,패션잡화,162645,9159,0,True,False
O15486,C001,2026-04-20,자사몰,식품,133033,5274,127759,False,False
O15487,C001,2026-04-20,자사몰,디지털,409386,11269,398117,False,False
O15488,C001,2026-04-20,자사몰,디지털,103067,4358,98709,False,True
O15489,C001,2026-04-20,자사몰,디지털,203221,8107,195114,False,False
O15490,C002,2026-04-20,오픈마켓,디지털,325591,18613,306978,False,False
O15491,C002,2026-04-20,오픈마켓,뷰티,78850,5259,73591,False,False
O15492,C002,2026-04-20,오픈마켓,뷰티,132635,4884,127751,False,False
O15493,C002,2026-04-20,오픈마켓,패션잡화,206902,14375,192527,False,False
O15494,C002,2026-04-20,오픈마켓,디지털,133350,5533,127817,False,False
O15495,C002,2026-04-20,오픈마켓,디지털,395602,20775,374827,False,False
O15496,C003,2026-04-20,라이브,뷰티,80235,5912,74323,False,False
O15497,C003,2026-04-20,라이브,생활용품,171861,4583,167278,False,False
O15498,C003,2026-04-20,라이브,디지털,40758,2060,38698,False,False
O15499,C003,2026-04-20,라이브,뷰티,32074,1676,30398,False,False
O15500,C003,2026-04-20,라이브,뷰티,161011,10869,150142,False,False
O15501,C003,2026-04-20,라이브,생활용품,194791,6899,187892,False,False
O15502,C003,2026-04-20,라이브,생활용품,256535,8656,247879,False,False
O15503,C003,2026-04-20,라이브,생활용품,146460,8154,138306,False,False
O15504,C003,2026-04-20,라이브,디지털,325320,17173,308147,False,False
O15505,C003,2026-04-20,라이브,패션잡화,280632,13134,267498,False,False
O15506,C003,2026-04-20,라이브,디지털,33874,1085,32789,False,False
O15507,C003,2026-04-20,라이브,식품,70743,3141,67602,False,False
O15508,C003,2026-04-20,라이브,디지털,404023,23922,380101,False,False
O15509,C004,2026-04-20,오픈마켓,생활용품,345934,8817,337117,False,False
O15510,C004,2026-04-20,오픈마켓,식품,51282,3198,48084,False,False
O15511,C004,2026-04-20,오픈마켓,생활용품,83324,4056,79268,False,False
O15512,C004,2026-04-20,오픈마켓,뷰티,86646,5516,81130,False,False
O15513,C004,2026-04-20,오픈마켓,생활용품,72683,5426,67257,False,False
O15514,C004,2026-04-20,오픈마켓,뷰티,122876,3875,119001,False,False
O15515,C004,2026-04-20,오픈마켓,디지털,156948,10254,146694,False,False
O15516,C004,2026-04-20,오픈마켓,생활용품,293033,18809,274224,False,False
O15517,C004,2026-04-20,오픈마켓,패션잡화,168604,6448,162156,False,False
O15518,C004,2026-04-20,오픈마켓,패션잡화,142812,10618,132194,False,False
O15519,C004,2026-04-20,오픈마켓,디지털,95734,4318,91416,False,False
O15520,C004,2026-04-20,오픈마켓,식품,164432,11696,152736,False,False
O15521,C004,2026-04-20,오픈마켓,뷰티,347016,13463,333553,False,False
O15522,C005,2026-04-20,자사몰,생활용품,56384,3543,52841,False,False
O15523,C005,2026-04-20,자사몰,디지털,209605,8985,200620,False,False
O15524,C005,2026-04-20,자사몰,뷰티,218985,16085,202900,False,False
O15525,C005,2026-04-20,자사몰,뷰티,154622,5312,149310,False,False
O15526,C005,2026-04-20,자사몰,패션잡화,327541,15617,0,True,False
O15527,C005,2026-04-20,자사몰,식품,296177,20726,275451,False,False
O15528,C005,2026-04-20,자사몰,디지털,117739,3953,113786,False,False
O15529,C001,2026-04-21,자사몰,생활용품,339299,18061,321238,False,False
O15530,C001,2026-04-21,자사몰,생활용품,416632,16682,399950,False,False
O15531,C001,2026-04-21,자사몰,식품,277725,8061,269664,False,False
O15532,C001,2026-04-21,자사몰,생활용품,252088,17038,235050,False,False
O15533,C001,2026-04-21,자사몰,생활용품,337723,23478,314245,False,False
O15534,C001,2026-04-21,자사몰,식품,99988,6108,93880,False,False
O15535,C001,2026-04-21,자사몰,뷰티,150250,7409,142841,False,True
O15536,C001,2026-04-21,자사몰,생활용품,318385,17329,301056,False,False
O15537,C001,2026-04-21,자사몰,뷰티,326009,12622,313387,False,False
O15538,C001,2026-04-21,자사몰,뷰티,340840,23878,316962,False,False
O15539,C001,2026-04-21,자사몰,식품,113158,4345,108813,False,False
O15540,C002,2026-04-21,오픈마켓,생활용품,194559,11847,182712,False,False
O15541,C002,2026-04-21,오픈마켓,뷰티,385809,20242,365567,False,False
O15542,C002,2026-04-21,오픈마켓,디지털,356631,17695,0,True,False
O15543,C002,2026-04-21,오픈마켓,식품,390904,18613,372291,False,False
O15544,C002,2026-04-21,오픈마켓,뷰티,146386,8711,137675,False,False
O15545,C002,2026-04-21,오픈마켓,식품,408185,30568,377617,False,True
O15546,C002,2026-04-21,오픈마켓,뷰티,146866,7547,139319,False,False
O15547,C002,2026-04-21,오픈마켓,생활용품,95370,4587,90783,False,False
O15548,C002,2026-04-21,오픈마켓,생활용품,189242,12336,176906,False,False
O15549,C002,2026-04-21,오픈마켓,패션잡화,46486,3217,43269,False,False
O15550,C002,2026-04-21,오픈마켓,생활용품,283542,7719,275823,False,False
O15551,C002,2026-04-21,오픈마켓,식품,70485,2611,0,True,False
O15552,C002,2026-04-21,오픈마켓,식품,322478,9526,312952,False,False
O15553,C002,2026-04-21,오픈마켓,식품,311448,8320,303128,False,False
O15554,C002,2026-04-21,오픈마켓,식품,237587,13338,0,True,False
O15555,C002,2026-04-21,오픈마켓,패션잡화,317925,17509,300416,False,False
O15556,C003,2026-04-21,라이브,생활용품,365786,24316,341470,False,True
O15557,C003,2026-04-21,라이브,생활용품,413941,22854,391087,False,False
O15558,C003,2026-04-21,라이브,생활용품,63208,4515,58693,False,False
O15559,C003,2026-04-21,라이브,패션잡화,193157,5224,187933,False,False
O15560,C003,2026-04-21,라이브,식품,321897,20678,301219,False,False
O15561,C003,2026-04-21,라이브,디지털,409386,18914,390472,False,True
O15562,C003,2026-04-21,라이브,생활용품,408753,20070,388683,False,False
O15563,C003,2026-04-21,라이브,패션잡화,352932,23667,329265,False,False
O15564,C004,2026-04-21,오픈마켓,뷰티,212204,13519,198685,False,False
O15565,C004,2026-04-21,오픈마켓,디지털,294297,8828,285469,False,False
O15566,C004,2026-04-21,오픈마켓,식품,44351,1602,42749,False,False
O15567,C004,2026-04-21,오픈마켓,식품,82321,5978,76343,False,False
O15568,C004,2026-04-21,오픈마켓,디지털,402462,26371,376091,False,False
O15569,C004,2026-04-21,오픈마켓,패션잡화,75135,4704,70431,False,False
O15570,C004,2026-04-21,오픈마켓,디지털,94370,7057,87313,False,False
O15571,C004,2026-04-21,오픈마켓,생활용품,377115,24910,352205,False,False
O15572,C004,2026-04-21,오픈마켓,디지털,364640,24225,340415,False,False
O15573,C004,2026-04-21,오픈마켓,생활용품,179018,10295,168723,False,False
O15574,C004,2026-04-21,오픈마켓,패션잡화,272642,20187,252455,False,False
O15575,C004,2026-04-21,오픈마켓,생활용품,44313,1605,42708,False,False
O15576,C004,2026-04-21,오픈마켓,뷰티,222524,14667,207857,False,False
O15577,C004,2026-04-21,오픈마켓,생활용품,156034,7612,148422,False,False
O15578,C004,2026-04-21,오픈마켓,뷰티,267196,19730,247466,False,False
O15579,C004,2026-04-21,오픈마켓,패션잡화,195259,10660,184599,False,False
O15580,C005,2026-04-21,자사몰,생활용품,317231,12138,305093,False,False
O15581,C005,2026-04-21,자사몰,패션잡화,307444,8973,298471,False,False
O15582,C005,2026-04-21,자사몰,디지털,51305,2625,48680,False,False
O15583,C005,2026-04-21,자사몰,패션잡화,288543,13442,275101,False,False
O15584,C005,2026-04-21,자사몰,식품,384229,10026,374203,False,False
O15585,C001,2026-04-22,자사몰,디지털,315249,11946,303303,False,False
O15586,C001,2026-04-22,자사몰,생활용품,288256,16220,272036,False,False
O15587,C001,2026-04-22,자사몰,식품,252686,10623,242063,False,False
O15588,C001,2026-04-22,자사몰,생활용품,159681,6073,153608,False,False
O15589,C001,2026-04-22,자사몰,생활용품,298436,10463,287973,False,False
O15590,C001,2026-04-22,자사몰,뷰티,96385,5964,90421,False,False
O15591,C001,2026-04-22,자사몰,뷰티,413617,12735,400882,False,False
O15592,C001,2026-04-22,자사몰,패션잡화,406543,16787,389756,False,True
O15593,C001,2026-04-22,자사몰,패션잡화,184872,4976,179896,False,False
O15594,C001,2026-04-22,자사몰,식품,67700,3392,64308,False,False
O15595,C001,2026-04-22,자사몰,뷰티,42429,3074,39355,False,False
O15596,C001,2026-04-22,자사몰,식품,325350,15972,309378,False,False
O15597,C001,2026-04-22,자사몰,뷰티,254805,12752,242053,False,False
O15598,C001,2026-04-22,자사몰,디지털,349542,14848,334694,False,False
O15599,C001,2026-04-22,자사몰,패션잡화,97522,4128,93394,False,False
O15600,C001,2026-04-22,자사몰,뷰티,262470,16078,246392,False,False
O15601,C002,2026-04-22,오픈마켓,뷰티,366683,11129,355554,False,False
O15602,C002,2026-04-22,오픈마켓,패션잡화,255644,6896,248748,False,False
O15603,C002,2026-04-22,오픈마켓,식품,138978,5042,133936,False,False
O15604,C002,2026-04-22,오픈마켓,디지털,402356,25128,377228,False,False
O15605,C002,2026-04-22,오픈마켓,패션잡화,316307,22069,294238,False,False
O15606,C002,2026-04-22,오픈마켓,패션잡화,344490,16087,328403,False,False
O15607,C002,2026-04-22,오픈마켓,디지털,419898,13153,406745,False,False
O15608,C002,2026-04-22,오픈마켓,식품,380383,20578,359805,False,False
O15609,C002,2026-04-22,오픈마켓,뷰티,50946,1938,49008,False,False
O15610,C002,2026-04-22,오픈마켓,디지털,50243,2223,48020,False,False
O15611,C002,2026-04-22,오픈마켓,디지털,175872,12989,162883,False,False
O15612,C002,2026-04-22,오픈마켓,디지털,223730,7985,215745,False,False
O15613,C003,2026-04-22,라이브,패션잡화,134614,9273,125341,False,False
O15614,C003,2026-04-22,라이브,디지털,113027,2919,110108,False,False
O15615,C003,2026-04-22,라이브,패션잡화,309777,20872,288905,False,False
O15616,C003,2026-04-22,라이브,뷰티,171962,4371,167591,False,False
O15617,C003,2026-04-22,라이브,식품,285284,13301,271983,False,False
O15618,C003,2026-04-22,라이브,뷰티,303705,12234,291471,False,False
O15619,C003,2026-04-22,라이브,디지털,47829,2623,45206,False,False
O15620,C003,2026-04-22,라이브,생활용품,226262,15079,211183,False,False
O15621,C003,2026-04-22,라이브,패션잡화,378228,22608,355620,False,False
O15622,C003,2026-04-22,라이브,디지털,357899,19555,338344,False,False
O15623,C003,2026-04-22,라이브,생활용품,351735,11789,339946,False,True
O15624,C003,2026-04-22,라이브,뷰티,317913,23202,294711,False,False
O15625,C003,2026-04-22,라이브,디지털,136215,9205,127010,False,False
O15626,C004,2026-04-22,오픈마켓,식품,39104,1345,37759,False,False
O15627,C004,2026-04-22,오픈마켓,식품,46145,1296,44849,False,True
O15628,C004,2026-04-22,오픈마켓,생활용품,184560,8379,176181,False,False
O15629,C004,2026-04-22,오픈마켓,식품,235892,15719,220173,False,False
O15630,C004,2026-04-22,오픈마켓,디지털,58097,3954,54143,False,False
O15631,C004,2026-04-22,오픈마켓,디지털,32538,1968,30570,False,False
O15632,C004,2026-04-22,오픈마켓,식품,99000,2877,96123,False,False
O15633,C004,2026-04-22,오픈마켓,생활용품,148761,9823,0,True,False
O15634,C004,2026-04-22,오픈마켓,식품,97129,4159,92970,False,False
O15635,C005,2026-04-22,자사몰,뷰티,247593,15328,232265,False,False
O15636,C005,2026-04-22,자사몰,식품,36674,1225,35449,False,False
O15637,C005,2026-04-22,자사몰,뷰티,372603,10028,362575,False,False
O15638,C005,2026-04-22,자사몰,식품,345384,24234,321150,False,False
O15639,C005,2026-04-22,자사몰,디지털,158564,9353,149211,False,False
O15640,C005,2026-04-22,자사몰,디지털,56641,2296,54345,False,False
O15641,C005,2026-04-22,자사몰,디지털,207181,14133,193048,False,False
O15642,C005,2026-04-22,자사몰,생활용품,90616,5923,84693,False,True
O15643,C005,2026-04-22,자사몰,생활용품,106728,5702,101026,False,False
O15644,C005,2026-04-22,자사몰,생활용품,371175,9627,361548,False,False
O15645,C005,2026-04-22,자사몰,생활용품,181446,5101,176345,False,False
O15646,C005,2026-04-22,자사몰,식품,205858,13999,0,True,False
O15647,C001,2026-04-23,자사몰,생활용품,96181,6216,89965,False,False
O15648,C001,2026-04-23,자사몰,패션잡화,316164,19470,296694,False,False
O15649,C001,2026-04-23,자사몰,식품,208414,13046,195368,False,False
O15650,C001,2026-04-23,자사몰,생활용품,249255,17584,231671,False,False
O15651,C001,2026-04-23,자사몰,패션잡화,52185,2146,50039,False,False
O15652,C001,2026-04-23,자사몰,생활용품,123379,5283,118096,False,True
O15653,C001,2026-04-23,자사몰,디지털,298758,9391,289367,False,False
O15654,C001,2026-04-23,자사몰,디지털,77616,3290,74326,False,False
O15655,C001,2026-04-23,자사몰,생활용품,102701,5855,96846,False,False
O15656,C001,2026-04-23,자사몰,디지털,379167,22588,356579,False,False
O15657,C002,2026-04-23,오픈마켓,생활용품,312198,10503,301695,False,False
O15658,C002,2026-04-23,오픈마켓,생활용품,181177,6425,174752,False,False
O15659,C002,2026-04-23,오픈마켓,뷰티,381175,12064,369111,False,False
O15660,C002,2026-04-23,오픈마켓,식품,229663,7611,222052,False,False
O15661,C002,2026-04-23,오픈마켓,뷰티,262408,15354,247054,False,False
O15662,C002,2026-04-23,오픈마켓,패션잡화,366799,15009,351790,False,False
O15663,C003,2026-04-23,라이브,생활용품,60802,2184,58618,False,False
O15664,C003,2026-04-23,라이브,패션잡화,215969,5478,210491,False,False
O15665,C003,2026-04-23,라이브,뷰티,249290,6758,242532,False,False
O15666,C003,2026-04-23,라이브,생활용품,331238,17249,313989,False,False
O15667,C003,2026-04-23,라이브,생활용품,75232,1971,73261,False,False
O15668,C003,2026-04-23,라이브,식품,221909,6957,214952,False,False
O15669,C003,2026-04-23,라이브,디지털,207083,10882,196201,False,False
O15670,C003,2026-04-23,라이브,뷰티,315556,9419,306137,False,False
O15671,C003,2026-04-23,라이브,뷰티,69800,3807,0,True,False
O15672,C003,2026-04-23,라이브,생활용품,321047,9610,311437,False,False
O15673,C003,2026-04-23,라이브,패션잡화,157075,4236,152839,False,False
O15674,C003,2026-04-23,라이브,식품,321404,9441,311963,False,False
O15675,C003,2026-04-23,라이브,패션잡화,167348,10373,156975,False,False
O15676,C003,2026-04-23,라이브,뷰티,389693,20310,369383,False,False
O15677,C004,2026-04-23,오픈마켓,디지털,269745,19676,250069,False,False
O15678,C004,2026-04-23,오픈마켓,생활용품,82261,3727,78534,False,False
O15679,C004,2026-04-23,오픈마켓,패션잡화,61704,3100,58604,False,False
O15680,C004,2026-04-23,오픈마켓,뷰티,58518,1562,56956,False,False
O15681,C004,2026-04-23,오픈마켓,디지털,264281,17868,246413,False,True
O15682,C004,2026-04-23,오픈마켓,뷰티,239859,13545,226314,False,False
O15683,C004,2026-04-23,오픈마켓,생활용품,83168,4591,78577,False,False
O15684,C004,2026-04-23,오픈마켓,뷰티,241256,13963,227293,False,False
O15685,C004,2026-04-23,오픈마켓,뷰티,282957,11714,271243,False,False
O15686,C004,2026-04-23,오픈마켓,생활용품,56384,3015,53369,False,False
O15687,C004,2026-04-23,오픈마켓,생활용품,253424,9744,243680,False,False
O15688,C004,2026-04-23,오픈마켓,생활용품,381274,23420,357854,False,False
O15689,C004,2026-04-23,오픈마켓,디지털,377891,11258,366633,False,False
O15690,C004,2026-04-23,오픈마켓,패션잡화,331750,22035,309715,False,False
O15691,C005,2026-04-23,자사몰,생활용품,294127,14123,280004,False,False
O15692,C005,2026-04-23,자사몰,생활용품,122681,8165,114516,False,False
O15693,C005,2026-04-23,자사몰,디지털,225618,15161,210457,False,False
O15694,C005,2026-04-23,자사몰,패션잡화,260875,17547,243328,False,False
O15695,C005,2026-04-23,자사몰,패션잡화,152641,8576,144065,False,True
O15696,C005,2026-04-23,자사몰,디지털,224791,15076,209715,False,False
O15697,C005,2026-04-23,자사몰,패션잡화,152898,5787,147111,False,False
O15698,C005,2026-04-23,자사몰,패션잡화,398606,27458,371148,False,False
O15699,C005,2026-04-23,자사몰,패션잡화,169277,9949,159328,False,False
O15700,C005,2026-04-23,자사몰,디지털,404379,17233,387146,False,False
O15701,C005,2026-04-23,자사몰,패션잡화,216270,13348,202922,False,False
O15702,C005,2026-04-23,자사몰,패션잡화,62897,2970,59927,False,False
O15703,C005,2026-04-23,자사몰,생활용품,33317,1323,31994,False,False
O15704,C001,2026-04-24,자사몰,디지털,260727,8584,252143,False,False
O15705,C001,2026-04-24,자사몰,패션잡화,79198,2985,76213,False,False
O15706,C001,2026-04-24,자사몰,뷰티,52038,1920,50118,False,False
O15707,C001,2026-04-24,자사몰,뷰티,343631,19341,324290,False,False
O15708,C001,2026-04-24,자사몰,생활용품,266800,14195,252605,False,False
O15709,C001,2026-04-24,자사몰,생활용품,268639,8549,260090,False,False
O15710,C001,2026-04-24,자사몰,식품,408628,21903,386725,False,False
O15711,C001,2026-04-24,자사몰,패션잡화,292204,19429,272775,False,False
O15712,C001,2026-04-24,자사몰,생활용품,34587,2411,32176,False,False
O15713,C001,2026-04-24,자사몰,패션잡화,373532,22781,350751,False,False
O15714,C001,2026-04-24,자사몰,식품,188102,11051,177051,False,False
O15715,C001,2026-04-24,자사몰,식품,230952,7467,223485,False,False
O15716,C001,2026-04-24,자사몰,디지털,337997,18124,319873,False,False
O15717,C002,2026-04-24,오픈마켓,뷰티,254235,7668,0,True,False
O15718,C002,2026-04-24,오픈마켓,뷰티,161499,7718,153781,False,True
O15719,C002,2026-04-24,오픈마켓,디지털,169362,6723,162639,False,False
O15720,C002,2026-04-24,오픈마켓,뷰티,341754,12417,329337,False,False
O15721,C002,2026-04-24,오픈마켓,디지털,67577,3317,64260,False,False
O15722,C002,2026-04-24,오픈마켓,뷰티,227246,11412,215834,False,False
O15723,C002,2026-04-24,오픈마켓,뷰티,301390,20615,280775,False,False
O15724,C003,2026-04-24,라이브,디지털,311117,12345,298772,False,False
O15725,C003,2026-04-24,라이브,식품,410850,10717,400133,False,False
O15726,C003,2026-04-24,라이브,패션잡화,365777,21134,344643,False,False
O15727,C003,2026-04-24,라이브,뷰티,174302,5119,169183,False,False
O15728,C003,2026-04-24,라이브,디지털,411837,29476,382361,False,False
O15729,C003,2026-04-24,라이브,뷰티,292285,21904,270381,False,False
O15730,C003,2026-04-24,라이브,생활용품,132112,7686,124426,False,True
O15731,C003,2026-04-24,라이브,뷰티,124778,4490,120288,False,False
O15732,C003,2026-04-24,라이브,패션잡화,340176,14697,325479,False,False
O15733,C003,2026-04-24,라이브,생활용품,369778,12164,357614,False,True
O15734,C003,2026-04-24,라이브,식품,120796,8064,112732,False,False
O15735,C003,2026-04-24,라이브,패션잡화,283996,18748,265248,False,False
O15736,C003,2026-04-24,라이브,식품,409800,16552,393248,False,False
O15737,C003,2026-04-24,라이브,디지털,52129,1344,50785,False,True
O15738,C004,2026-04-24,오픈마켓,생활용품,41480,2029,39451,False,False
O15739,C004,2026-04-24,오픈마켓,생활용품,333837,24507,309330,False,False
O15740,C004,2026-04-24,오픈마켓,패션잡화,332894,20021,312873,False,True
O15741,C004,2026-04-24,오픈마켓,생활용품,69774,3895,65879,False,False
O15742,C004,2026-04-24,오픈마켓,패션잡화,138576,4319,134257,False,False
O15743,C004,2026-04-24,오픈마켓,패션잡화,245168,10728,234440,False,False
O15744,C004,2026-04-24,오픈마켓,뷰티,117292,6858,110434,False,False
O15745,C004,2026-04-24,오픈마켓,디지털,220626,5809,214817,False,False
O15746,C004,2026-04-24,오픈마켓,뷰티,346810,10049,336761,False,False
O15747,C005,2026-04-24,자사몰,생활용품,132517,5593,126924,False,False
O15748,C005,2026-04-24,자사몰,패션잡화,96820,4680,92140,False,False
O15749,C005,2026-04-24,자사몰,패션잡화,299376,13787,285589,False,False
O15750,C005,2026-04-24,자사몰,패션잡화,133643,4268,129375,False,False
O15751,C005,2026-04-24,자사몰,식품,356447,23116,333331,False,False
O15752,C005,2026-04-24,자사몰,식품,132328,7287,125041,False,False
O15753,C005,2026-04-24,자사몰,식품,230958,13671,217287,False,False
O15754,C005,2026-04-24,자사몰,패션잡화,258751,13203,245548,False,False
O15755,C005,2026-04-24,자사몰,생활용품,207271,12588,194683,False,False
O15756,C005,2026-04-24,자사몰,디지털,175184,6020,169164,False,False
O15757,C005,2026-04-24,자사몰,패션잡화,220474,15677,204797,False,False
O15758,C005,2026-04-24,자사몰,생활용품,280707,19801,260906,False,False
O15759,C005,2026-04-24,자사몰,뷰티,168177,4763,163414,False,False
O15760,C005,2026-04-24,자사몰,식품,367268,9698,357570,False,True
O15761,C005,2026-04-24,자사몰,디지털,418010,30848,387162,False,False
O15762,C001,2026-04-25,자사몰,디지털,395847,19899,375948,False,False
O15763,C001,2026-04-25,자사몰,생활용품,60056,3736,56320,False,False
O15764,C001,2026-04-25,자사몰,식품,359942,21089,338853,False,False
O15765,C001,2026-04-25,자사몰,디지털,332547,17397,315150,False,False
O15766,C001,2026-04-25,자사몰,뷰티,306992,22496,284496,False,True
O15767,C001,2026-04-25,자사몰,식품,56957,3050,53907,False,False
O15768,C001,2026-04-25,자사몰,생활용품,65318,4788,60530,False,False
O15769,C001,2026-04-25,자사몰,뷰티,344991,16118,328873,False,False
O15770,C001,2026-04-25,자사몰,디지털,315416,8675,306741,False,True
O15771,C001,2026-04-25,자사몰,패션잡화,82252,2431,79821,False,True
O15772,C001,2026-04-25,자사몰,생활용품,50903,2056,48847,False,False
O15773,C001,2026-04-25,자사몰,디지털,323830,17269,306561,False,False
O15774,C001,2026-04-25,자사몰,식품,154001,11109,142892,False,False
O15775,C002,2026-04-25,오픈마켓,패션잡화,398821,27059,371762,False,True
O15776,C002,2026-04-25,오픈마켓,생활용품,112329,4627,107702,False,False
O15777,C002,2026-04-25,오픈마켓,생활용품,85593,5484,80109,False,False
O15778,C002,2026-04-25,오픈마켓,디지털,266341,6833,0,True,False
O15779,C002,2026-04-25,오픈마켓,식품,117639,4340,113299,False,False
O15780,C002,2026-04-25,오픈마켓,생활용품,349808,16800,333008,False,False
O15781,C002,2026-04-25,오픈마켓,식품,293057,11074,281983,False,False
O15782,C002,2026-04-25,오픈마켓,디지털,349692,23975,325717,False,False
O15783,C002,2026-04-25,오픈마켓,뷰티,161710,5444,156266,False,False
O15784,C002,2026-04-25,오픈마켓,뷰티,283084,19185,263899,False,True
O15785,C002,2026-04-25,오픈마켓,패션잡화,259598,14135,245463,False,False
O15786,C003,2026-04-25,라이브,뷰티,67772,4338,63434,False,False
O15787,C003,2026-04-25,라이브,생활용품,396606,16092,380514,False,False
O15788,C003,2026-04-25,라이브,뷰티,113650,4852,108798,False,False
O15789,C003,2026-04-25,라이브,식품,263244,18644,244600,False,False
O15790,C003,2026-04-25,라이브,패션잡화,332719,21655,311064,False,False
O15791,C003,2026-04-25,라이브,생활용품,68463,3016,65447,False,False
O15792,C003,2026-04-25,라이브,패션잡화,62540,2651,59889,False,False
O15793,C003,2026-04-25,라이브,식품,181964,7840,174124,False,False
O15794,C003,2026-04-25,라이브,식품,149686,4318,145368,False,False
O15795,C004,2026-04-25,오픈마켓,디지털,369359,13344,356015,False,False
O15796,C004,2026-04-25,오픈마켓,뷰티,150830,7278,143552,False,False
O15797,C004,2026-04-25,오픈마켓,식품,250803,10622,240181,False,False
O15798,C004,2026-04-25,오픈마켓,뷰티,287216,19269,267947,False,False
O15799,C004,2026-04-25,오픈마켓,디지털,376198,13144,363054,False,False
O15800,C004,2026-04-25,오픈마켓,뷰티,136147,4928,131219,False,False
O15801,C004,2026-04-25,오픈마켓,식품,285046,15351,269695,False,False
O15802,C004,2026-04-25,오픈마켓,식품,90866,5695,85171,False,False
O15803,C004,2026-04-25,오픈마켓,패션잡화,246221,9392,0,True,False
O15804,C004,2026-04-25,오픈마켓,디지털,404668,18747,385921,False,False
O15805,C004,2026-04-25,오픈마켓,생활용품,332465,19084,313381,False,False
O15806,C004,2026-04-25,오픈마켓,생활용품,145303,9867,135436,False,False
O15807,C004,2026-04-25,오픈마켓,디지털,37291,1116,36175,False,False
O15808,C004,2026-04-25,오픈마켓,뷰티,118379,7469,110910,False,False
O15809,C004,2026-04-25,오픈마켓,생활용품,229750,14150,215600,False,False
O15810,C004,2026-04-25,오픈마켓,패션잡화,57825,2106,0,True,False
O15811,C005,2026-04-25,자사몰,패션잡화,41379,1974,39405,False,False
O15812,C005,2026-04-25,자사몰,생활용품,153603,4998,148605,False,False
O15813,C005,2026-04-25,자사몰,디지털,157904,8553,149351,False,False
O15814,C005,2026-04-25,자사몰,패션잡화,322826,12993,309833,False,False
O15815,C005,2026-04-25,자사몰,생활용품,160004,10836,149168,False,False
O15816,C005,2026-04-25,자사몰,생활용품,292227,7793,284434,False,False
O15817,C005,2026-04-25,자사몰,디지털,245128,9026,236102,False,False
O15818,C005,2026-04-25,자사몰,뷰티,182055,7782,174273,False,True
O15819,C005,2026-04-25,자사몰,디지털,72556,3816,0,True,False
O15820,C001,2026-04-26,자사몰,생활용품,103534,6096,97438,False,False
O15821,C001,2026-04-26,자사몰,디지털,235727,8235,227492,False,False
O15822,C001,2026-04-26,자사몰,뷰티,183304,5549,177755,False,False
O15823,C001,2026-04-26,자사몰,디지털,192747,8712,0,True,False
O15824,C001,2026-04-26,자사몰,패션잡화,226297,9417,216880,False,False
O15825,C002,2026-04-26,오픈마켓,디지털,291721,8366,283355,False,False
O15826,C002,2026-04-26,오픈마켓,디지털,203523,5559,197964,False,False
O15827,C002,2026-04-26,오픈마켓,식품,53413,2796,50617,False,False
O15828,C002,2026-04-26,오픈마켓,생활용품,357792,24787,333005,False,True
O15829,C002,2026-04-26,오픈마켓,생활용품,219594,9278,210316,False,False
O15830,C002,2026-04-26,오픈마켓,뷰티,154669,11277,143392,False,False
O15831,C002,2026-04-26,오픈마켓,디지털,55767,2642,53125,False,False
O15832,C002,2026-04-26,오픈마켓,식품,258828,11281,247547,False,False
O15833,C002,2026-04-26,오픈마켓,뷰티,175758,11508,164250,False,False
O15834,C002,2026-04-26,오픈마켓,생활용품,294679,14496,280183,False,False
O15835,C002,2026-04-26,오픈마켓,패션잡화,58707,2588,56119,False,False
O15836,C003,2026-04-26,라이브,뷰티,336943,13736,323207,False,True
O15837,C003,2026-04-26,라이브,생활용품,309411,14341,295070,False,False
O15838,C003,2026-04-26,라이브,생활용품,278249,16046,262203,False,False
O15839,C003,2026-04-26,라이브,식품,327104,15965,311139,False,True
O15840,C003,2026-04-26,라이브,뷰티,169811,12446,157365,False,False
O15841,C003,2026-04-26,라이브,디지털,211980,7085,204895,False,False
O15842,C003,2026-04-26,라이브,패션잡화,218635,10090,208545,False,False
O15843,C003,2026-04-26,라이브,생활용품,307355,8222,299133,False,False
O15844,C003,2026-04-26,라이브,디지털,192256,12618,179638,False,False
O15845,C003,2026-04-26,라이브,뷰티,359432,25700,333732,False,False
O15846,C004,2026-04-26,오픈마켓,뷰티,58884,2619,56265,False,False
O15847,C004,2026-04-26,오픈마켓,패션잡화,115590,3446,0,True,False
O15848,C004,2026-04-26,오픈마켓,식품,285574,18733,266841,False,True
O15849,C004,2026-04-26,오픈마켓,패션잡화,242351,13998,228353,False,True
O15850,C004,2026-04-26,오픈마켓,디지털,271764,13919,257845,False,False
O15851,C004,2026-04-26,오픈마켓,디지털,51181,2269,48912,False,False
O15852,C004,2026-04-26,오픈마켓,패션잡화,268248,14347,253901,False,False
O15853,C004,2026-04-26,오픈마켓,식품,118888,6061,112827,False,False
O15854,C004,2026-04-26,오픈마켓,패션잡화,286174,9497,276677,False,False
O15855,C004,2026-04-26,오픈마켓,디지털,96372,6535,89837,False,False
O15856,C004,2026-04-26,오픈마켓,생활용품,114918,7346,107572,False,False
O15857,C004,2026-04-26,오픈마켓,식품,239775,13751,226024,False,False
O15858,C005,2026-04-26,자사몰,뷰티,224214,8088,216126,False,False
O15859,C005,2026-04-26,자사몰,패션잡화,367461,12965,354496,False,False
O15860,C005,2026-04-26,자사몰,뷰티,51656,1568,50088,False,False
O15861,C005,2026-04-26,자사몰,식품,206521,6967,199554,False,False
O15862,C005,2026-04-26,자사몰,뷰티,166170,6099,160071,False,False
O15863,C005,2026-04-26,자사몰,식품,288571,18535,270036,False,False
O15864,C005,2026-04-26,자사몰,패션잡화,260177,10946,249231,False,False
O15865,C005,2026-04-26,자사몰,패션잡화,382231,24568,357663,False,True
O15866,C001,2026-04-27,자사몰,생활용품,332406,19534,312872,False,False
O15867,C001,2026-04-27,자사몰,식품,406323,29064,377259,False,False
O15868,C001,2026-04-27,자사몰,패션잡화,106795,4807,101988,False,False
O15869,C001,2026-04-27,자사몰,뷰티,291233,19891,271342,False,False
O15870,C001,2026-04-27,자사몰,생활용품,113637,3568,110069,False,False
O15871,C001,2026-04-27,자사몰,뷰티,298799,10367,288432,False,False
O15872,C001,2026-04-27,자사몰,패션잡화,216115,6682,209433,False,False
O15873,C001,2026-04-27,자사몰,패션잡화,366833,11405,355428,False,False
O15874,C001,2026-04-27,자사몰,생활용품,228384,5784,222600,False,False
O15875,C001,2026-04-27,자사몰,생활용품,385061,16203,368858,False,False
O15876,C001,2026-04-27,자사몰,패션잡화,156229,10698,145531,False,False
O15877,C001,2026-04-27,자사몰,식품,299511,21852,277659,False,False
O15878,C001,2026-04-27,자사몰,생활용품,399553,14163,385390,False,False
O15879,C001,2026-04-27,자사몰,디지털,96510,6517,89993,False,False
O15880,C002,2026-04-27,오픈마켓,패션잡화,363420,16709,346711,False,False
O15881,C002,2026-04-27,오픈마켓,뷰티,159562,7244,152318,False,False
O15882,C002,2026-04-27,오픈마켓,패션잡화,210877,7666,203211,False,False
O15883,C002,2026-04-27,오픈마켓,뷰티,35847,1550,34297,False,False
O15884,C002,2026-04-27,오픈마켓,식품,57088,3408,53680,False,False
O15885,C002,2026-04-27,오픈마켓,생활용품,416952,26662,390290,False,False
O15886,C002,2026-04-27,오픈마켓,패션잡화,161269,11435,149834,False,False
O15887,C002,2026-04-27,오픈마켓,뷰티,318213,21743,296470,False,False
O15888,C002,2026-04-27,오픈마켓,식품,347537,16584,330953,False,False
O15889,C002,2026-04-27,오픈마켓,패션잡화,325194,10810,314384,False,False
O15890,C002,2026-04-27,오픈마켓,디지털,156776,9725,147051,False,False
O15891,C002,2026-04-27,오픈마켓,생활용품,138241,9280,128961,False,False
O15892,C002,2026-04-27,오픈마켓,디지털,172446,6479,165967,False,False
O15893,C002,2026-04-27,오픈마켓,패션잡화,264952,10577,254375,False,False
O15894,C002,2026-04-27,오픈마켓,식품,341700,15927,325773,False,False
O15895,C003,2026-04-27,라이브,디지털,241046,8237,232809,False,False
O15896,C003,2026-04-27,라이브,식품,234798,10349,224449,False,False
O15897,C003,2026-04-27,라이브,디지털,129883,8248,0,True,False
O15898,C003,2026-04-27,라이브,뷰티,99060,2820,96240,False,False
O15899,C003,2026-04-27,라이브,식품,73174,4132,69042,False,True
O15900,C003,2026-04-27,라이브,뷰티,97071,3727,93344,False,False
O15901,C003,2026-04-27,라이브,생활용품,406362,19118,387244,False,False
O15902,C003,2026-04-27,라이브,생활용품,385348,26038,359310,False,False
O15903,C004,2026-04-27,오픈마켓,디지털,173468,8031,165437,False,False
O15904,C004,2026-04-27,오픈마켓,디지털,299931,16596,283335,False,False
O15905,C004,2026-04-27,오픈마켓,식품,334348,23003,311345,False,True
O15906,C004,2026-04-27,오픈마켓,뷰티,192738,7108,185630,False,False
O15907,C004,2026-04-27,오픈마켓,생활용품,408995,27918,381077,False,False
O15908,C004,2026-04-27,오픈마켓,패션잡화,257002,16216,240786,False,False
O15909,C004,2026-04-27,오픈마켓,뷰티,319218,17429,301789,False,False
O15910,C004,2026-04-27,오픈마켓,식품,286723,9303,277420,False,False
O15911,C004,2026-04-27,오픈마켓,생활용품,289494,10591,278903,False,False
O15912,C004,2026-04-27,오픈마켓,뷰티,338082,23285,314797,False,False
O15913,C004,2026-04-27,오픈마켓,디지털,340528,14880,325648,False,False
O15914,C004,2026-04-27,오픈마켓,뷰티,361769,25975,335794,False,False
O15915,C004,2026-04-27,오픈마켓,뷰티,96239,2651,93588,False,False
O15916,C005,2026-04-27,자사몰,식품,58113,2873,55240,False,False
O15917,C005,2026-04-27,자사몰,식품,313512,14179,299333,False,False
O15918,C005,2026-04-27,자사몰,디지털,139895,7010,132885,False,False
O15919,C005,2026-04-27,자사몰,패션잡화,264243,15122,249121,False,False
O15920,C005,2026-04-27,자사몰,생활용품,378809,22117,356692,False,False
O15921,C005,2026-04-27,자사몰,생활용품,249834,18731,231103,False,False
O15922,C005,2026-04-27,자사몰,패션잡화,156366,8456,147910,False,False
O15923,C001,2026-04-28,자사몰,생활용품,127500,8340,119160,False,False
O15924,C001,2026-04-28,자사몰,식품,329526,16710,312816,False,False
O15925,C001,2026-04-28,자사몰,식품,237446,17573,219873,False,False
O15926,C001,2026-04-28,자사몰,뷰티,388039,24087,363952,False,False
O15927,C001,2026-04-28,자사몰,디지털,43510,1592,41918,False,False
O15928,C001,2026-04-28,자사몰,생활용품,140587,5800,134787,False,False
O15929,C001,2026-04-28,자사몰,뷰티,131046,5272,125774,False,True
O15930,C002,2026-04-28,오픈마켓,식품,132305,4377,127928,False,False
O15931,C002,2026-04-28,오픈마켓,생활용품,101365,2818,98547,False,False
O15932,C002,2026-04-28,오픈마켓,뷰티,368338,25312,343026,False,False
O15933,C002,2026-04-28,오픈마켓,디지털,117526,4599,112927,False,False
O15934,C002,2026-04-28,오픈마켓,식품,57850,2621,55229,False,False
O15935,C002,2026-04-28,오픈마켓,뷰티,405546,14655,390891,False,False
O15936,C002,2026-04-28,오픈마켓,생활용품,295224,13942,281282,False,False
O15937,C002,2026-04-28,오픈마켓,디지털,313353,12616,300737,False,False
O15938,C002,2026-04-28,오픈마켓,생활용품,254083,13035,241048,False,False
O15939,C002,2026-04-28,오픈마켓,디지털,108422,3079,105343,False,False
O15940,C003,2026-04-28,라이브,디지털,264829,14639,0,True,False
O15941,C003,2026-04-28,라이브,디지털,210161,6228,203933,False,False
O15942,C003,2026-04-28,라이브,패션잡화,202116,7996,194120,False,True
O15943,C003,2026-04-28,라이브,생활용품,325501,19983,305518,False,False
O15944,C003,2026-04-28,라이브,식품,391440,22379,369061,False,False
O15945,C003,2026-04-28,라이브,생활용품,317450,11197,306253,False,False
O15946,C003,2026-04-28,라이브,패션잡화,249984,13526,236458,False,True
O15947,C003,2026-04-28,라이브,생활용품,392945,20006,372939,False,False
O15948,C004,2026-04-28,오픈마켓,식품,401623,26051,375572,False,False
O15949,C004,2026-04-28,오픈마켓,식품,312120,12645,299475,False,True
O15950,C004,2026-04-28,오픈마켓,생활용품,52200,2132,50068,False,False
O15951,C004,2026-04-28,오픈마켓,뷰티,314969,16654,298315,False,False
O15952,C004,2026-04-28,오픈마켓,뷰티,40015,2721,37294,False,False
O15953,C004,2026-04-28,오픈마켓,생활용품,252957,17470,235487,False,False
O15954,C004,2026-04-28,오픈마켓,식품,297668,12252,285416,False,False
O15955,C004,2026-04-28,오픈마켓,식품,339196,15616,323580,False,False
O15956,C004,2026-04-28,오픈마켓,패션잡화,284850,10933,273917,False,False
O15957,C004,2026-04-28,오픈마켓,식품,368403,14078,354325,False,False
O15958,C004,2026-04-28,오픈마켓,뷰티,134463,6010,128453,False,False
O15959,C004,2026-04-28,오픈마켓,뷰티,249839,11929,237910,False,False
O15960,C004,2026-04-28,오픈마켓,디지털,231009,7563,223446,False,False
O15961,C004,2026-04-28,오픈마켓,식품,328552,23956,304596,False,False
O15962,C004,2026-04-28,오픈마켓,디지털,311600,8035,0,True,False
O15963,C004,2026-04-28,오픈마켓,디지털,101618,7285,94333,False,False
O15964,C005,2026-04-28,자사몰,식품,145977,4178,141799,False,False
O15965,C005,2026-04-28,자사몰,생활용품,343527,19118,324409,False,False
O15966,C005,2026-04-28,자사몰,디지털,67884,2667,65217,False,False
O15967,C005,2026-04-28,자사몰,생활용품,242600,17170,225430,False,False
O15968,C005,2026-04-28,자사몰,패션잡화,368461,11414,357047,False,False
O15969,C005,2026-04-28,자사몰,생활용품,276886,11909,264977,False,False
O15970,C005,2026-04-28,자사몰,디지털,357983,19507,338476,False,False
O15971,C005,2026-04-28,자사몰,생활용품,292980,7610,0,True,False
O15972,C005,2026-04-28,자사몰,식품,68607,2315,66292,False,False
O15973,C005,2026-04-28,자사몰,디지털,146402,4966,141436,False,False
O15974,C005,2026-04-28,자사몰,패션잡화,282736,15786,266950,False,True
O15975,C005,2026-04-28,자사몰,디지털,88301,6375,81926,False,False
O15976,C001,2026-04-29,자사몰,뷰티,308601,8742,299859,False,False
O15977,C001,2026-04-29,자사몰,식품,323823,15979,307844,False,False
O15978,C001,2026-04-29,자사몰,뷰티,364493,18528,345965,False,True
O15979,C001,2026-04-29,자사몰,생활용품,325630,9458,316172,False,False
O15980,C001,2026-04-29,자사몰,식품,286791,16503,270288,False,False
O15981,C001,2026-04-29,자사몰,식품,281505,20592,260913,False,False
O15982,C001,2026-04-29,자사몰,식품,374126,9870,364256,False,False
O15983,C001,2026-04-29,자사몰,식품,419605,25030,394575,False,False
O15984,C001,2026-04-29,자사몰,생활용품,277125,19469,257656,False,False
O15985,C001,2026-04-29,자사몰,식품,113607,6195,107412,False,True
O15986,C001,2026-04-29,자사몰,패션잡화,95888,4794,91094,False,False
O15987,C001,2026-04-29,자사몰,패션잡화,169853,8495,0,True,False
O15988,C002,2026-04-29,오픈마켓,패션잡화,163649,4646,159003,False,False
O15989,C002,2026-04-29,오픈마켓,패션잡화,206000,11511,194489,False,False
O15990,C002,2026-04-29,오픈마켓,디지털,96334,2489,93845,False,False
O15991,C002,2026-04-29,오픈마켓,패션잡화,213125,9949,203176,False,False
O15992,C002,2026-04-29,오픈마켓,생활용품,211366,7401,203965,False,False
O15993,C002,2026-04-29,오픈마켓,식품,334713,10982,323731,False,False
O15994,C002,2026-04-29,오픈마켓,패션잡화,167800,11733,156067,False,False
O15995,C002,2026-04-29,오픈마켓,생활용품,48994,2653,46341,False,False
O15996,C002,2026-04-29,오픈마켓,생활용품,344119,24674,319445,False,False
O15997,C003,2026-04-29,라이브,뷰티,344596,11881,0,True,False
O15998,C003,2026-04-29,라이브,패션잡화,72650,3794,68856,False,False
O15999,C003,2026-04-29,라이브,식품,153342,6929,146413,False,False
O16000,C003,2026-04-29,라이브,생활용품,232282,15787,216495,False,False
O16001,C004,2026-04-29,오픈마켓,디지털,124659,6776,117883,False,False
O16002,C004,2026-04-29,오픈마켓,생활용품,121542,9002,112540,False,False
O16003,C004,2026-04-29,오픈마켓,패션잡화,376061,13675,362386,False,False
O16004,C004,2026-04-29,오픈마켓,생활용품,45870,3292,0,True,False
O16005,C004,2026-04-29,오픈마켓,디지털,152187,9055,143132,False,False
O16006,C004,2026-04-29,오픈마켓,생활용품,340780,15361,325419,False,False
O16007,C004,2026-04-29,오픈마켓,디지털,202794,11020,191774,False,False
O16008,C004,2026-04-29,오픈마켓,디지털,240659,11639,229020,False,False
O16009,C005,2026-04-29,자사몰,디지털,147503,5642,141861,False,False
O16010,C005,2026-04-29,자사몰,식품,286509,18700,267809,False,False
O16011,C005,2026-04-29,자사몰,식품,251695,14147,237548,False,False
O16012,C005,2026-04-29,자사몰,뷰티,139724,8493,131231,False,False
O16013,C005,2026-04-29,자사몰,뷰티,200701,12678,188023,False,False
O16014,C005,2026-04-29,자사몰,디지털,148938,4896,144042,False,False
O16015,C005,2026-04-29,자사몰,디지털,412823,14562,398261,False,False
O16016,C005,2026-04-29,자사몰,뷰티,414800,28491,386309,False,False
O16017,C005,2026-04-29,자사몰,식품,89029,6136,82893,False,False
O16018,C001,2026-04-30,자사몰,뷰티,398605,28002,370603,False,True
O16019,C001,2026-04-30,자사몰,생활용품,382267,17174,365093,False,False
O16020,C001,2026-04-30,자사몰,식품,381799,19554,362245,False,False
O16021,C001,2026-04-30,자사몰,패션잡화,352832,16947,335885,False,False
O16022,C001,2026-04-30,자사몰,디지털,414830,12793,402037,False,False
O16023,C001,2026-04-30,자사몰,생활용품,353923,25081,328842,False,False
O16024,C001,2026-04-30,자사몰,패션잡화,100434,6181,94253,False,False
O16025,C001,2026-04-30,자사몰,생활용품,140399,5020,135379,False,False
O16026,C001,2026-04-30,자사몰,식품,324921,23363,301558,False,False
O16027,C001,2026-04-30,자사몰,뷰티,67452,2559,64893,False,False
O16028,C002,2026-04-30,오픈마켓,뷰티,275547,7586,267961,False,False
O16029,C002,2026-04-30,오픈마켓,디지털,415700,26601,389099,False,False
O16030,C002,2026-04-30,오픈마켓,뷰티,263018,15775,247243,False,True
O16031,C002,2026-04-30,오픈마켓,식품,225009,10846,214163,False,True
O16032,C003,2026-04-30,라이브,패션잡화,330986,15043,315943,False,False
O16033,C003,2026-04-30,라이브,생활용품,32129,2207,29922,False,False
O16034,C003,2026-04-30,라이브,뷰티,264095,9928,254167,False,False
O16035,C003,2026-04-30,라이브,뷰티,193110,14387,0,True,False
O16036,C003,2026-04-30,라이브,뷰티,92031,2404,89627,False,False
O16037,C003,2026-04-30,라이브,뷰티,115982,4873,111109,False,False
O16038,C003,2026-04-30,라이브,식품,133987,8399,125588,False,False
O16039,C003,2026-04-30,라이브,식품,382535,14157,368378,False,False
O16040,C003,2026-04-30,라이브,뷰티,259137,15455,243682,False,False
O16041,C003,2026-04-30,라이브,패션잡화,36841,2560,34281,False,False
O16042,C003,2026-04-30,라이브,식품,207420,7491,199929,False,False
O16043,C003,2026-04-30,라이브,디지털,224811,8974,215837,False,False
O16044,C003,2026-04-30,라이브,패션잡화,140991,7034,133957,False,False
O16045,C003,2026-04-30,라이브,디지털,126025,7156,118869,False,False
O16046,C003,2026-04-30,라이브,생활용품,94208,4050,90158,False,False
O16047,C004,2026-04-30,오픈마켓,생활용품,235115,14137,220978,False,False
O16048,C004,2026-04-30,오픈마켓,식품,209008,6591,202417,False,False
O16049,C004,2026-04-30,오픈마켓,뷰티,301972,18320,0,True,False
O16050,C004,2026-04-30,오픈마켓,패션잡화,414569,29839,384730,False,False
O16051,C004,2026-04-30,오픈마켓,뷰티,324570,21710,302860,False,False
O16052,C004,2026-04-30,오픈마켓,디지털,171392,4953,166439,False,False
O16053,C004,2026-04-30,오픈마켓,식품,112857,5666,107191,False,False
O16054,C005,2026-04-30,자사몰,식품,301082,15459,285623,False,True
O16055,C005,2026-04-30,자사몰,식품,49089,2714,46375,False,False
O16056,C005,2026-04-30,자사몰,식품,97754,2616,95138,False,False
O16057,C005,2026-04-30,자사몰,패션잡화,414395,29872,384523,False,False
O16058,C005,2026-04-30,자사몰,생활용품,248141,13866,234275,False,False
O16059,C005,2026-04-30,자사몰,생활용품,58507,2536,55971,False,False
O16060,C005,2026-04-30,자사몰,뷰티,411059,12208,398851,False,False
O16061,C005,2026-04-30,자사몰,생활용품,203567,12826,190741,False,True
O16062,C005,2026-04-30,자사몰,생활용품,118689,8885,109804,False,False
O16063,C005,2026-04-30,자사몰,패션잡화,298701,15074,0,True,False
O16064,C005,2026-04-30,자사몰,디지털,275026,11078,263948,False,False
O16065,C005,2026-04-30,자사몰,패션잡화,133141,5646,127495,False,False
O16066,C005,2026-04-30,자사몰,생활용품,403922,10869,393053,False,False
O16067,C001,2026-05-01,자사몰,식품,259362,8598,250764,False,False
O16068,C001,2026-05-01,자사몰,뷰티,364515,9242,355273,False,False
O16069,C001,2026-05-01,자사몰,뷰티,362505,17261,345244,False,False
O16070,C001,2026-05-01,자사몰,디지털,147627,6642,140985,False,False
O16071,C001,2026-05-01,자사몰,식품,238472,11197,227275,False,False
O16072,C001,2026-05-01,자사몰,디지털,369618,21073,348545,False,False
O16073,C001,2026-05-01,자사몰,패션잡화,41603,2353,39250,False,False
O16074,C001,2026-05-01,자사몰,식품,419253,28490,390763,False,False
O16075,C001,2026-05-01,자사몰,뷰티,205184,8819,196365,False,True
O16076,C001,2026-05-01,자사몰,식품,84600,5335,79265,False,False
O16077,C001,2026-05-01,자사몰,패션잡화,154543,8516,146027,False,False
O16078,C001,2026-05-01,자사몰,디지털,258082,11067,247015,False,False
O16079,C001,2026-05-01,자사몰,뷰티,383056,19242,363814,False,False
O16080,C002,2026-05-01,오픈마켓,생활용품,117931,5934,111997,False,False
O16081,C002,2026-05-01,오픈마켓,디지털,121480,5730,115750,False,False
O16082,C002,2026-05-01,오픈마켓,디지털,218081,16274,201807,False,False
O16083,C002,2026-05-01,오픈마켓,패션잡화,295852,9861,285991,False,False
O16084,C002,2026-05-01,오픈마켓,디지털,336272,14716,321556,False,False
O16085,C002,2026-05-01,오픈마켓,디지털,291819,9569,282250,False,False
O16086,C002,2026-05-01,오픈마켓,식품,80758,4396,76362,False,False
O16087,C002,2026-05-01,오픈마켓,패션잡화,146483,6742,139741,False,False
O16088,C002,2026-05-01,오픈마켓,식품,126062,3482,122580,False,False
O16089,C002,2026-05-01,오픈마켓,패션잡화,118207,4238,113969,False,False
O16090,C002,2026-05-01,오픈마켓,생활용품,331793,13858,317935,False,False
O16091,C002,2026-05-01,오픈마켓,패션잡화,56727,2362,54365,False,False
O16092,C002,2026-05-01,오픈마켓,생활용품,49540,3568,45972,False,False
O16093,C002,2026-05-01,오픈마켓,식품,197957,12894,185063,False,False
O16094,C003,2026-05-01,라이브,식품,268797,16001,252796,False,False
O16095,C003,2026-05-01,라이브,식품,81031,2750,78281,False,False
O16096,C003,2026-05-01,라이브,패션잡화,368521,13017,355504,False,False
O16097,C003,2026-05-01,라이브,디지털,179593,5062,174531,False,False
O16098,C003,2026-05-01,라이브,디지털,262339,10785,251554,False,False
O16099,C003,2026-05-01,라이브,디지털,109879,7660,102219,False,False
O16100,C003,2026-05-01,라이브,디지털,396553,16827,379726,False,False
O16101,C003,2026-05-01,라이브,생활용품,330440,24220,306220,False,False
O16102,C003,2026-05-01,라이브,디지털,132510,6181,126329,False,False
O16103,C003,2026-05-01,라이브,식품,56150,3907,52243,False,False
O16104,C003,2026-05-01,라이브,디지털,178196,7237,0,True,False
O16105,C004,2026-05-01,오픈마켓,식품,253215,14259,238956,False,False
O16106,C004,2026-05-01,오픈마켓,생활용품,133123,6060,127063,False,False
O16107,C004,2026-05-01,오픈마켓,생활용품,49877,2538,47339,False,False
O16108,C004,2026-05-01,오픈마켓,패션잡화,64124,3635,60489,False,False
O16109,C004,2026-05-01,오픈마켓,패션잡화,108977,3195,105782,False,False
O16110,C004,2026-05-01,오픈마켓,디지털,395745,11410,384335,False,False
O16111,C004,2026-05-01,오픈마켓,뷰티,404532,19139,385393,False,False
O16112,C004,2026-05-01,오픈마켓,패션잡화,263322,17069,246253,False,False
O16113,C004,2026-05-01,오픈마켓,뷰티,185207,11102,174105,False,False
O16114,C004,2026-05-01,오픈마켓,뷰티,280358,14126,266232,False,False
O16115,C005,2026-05-01,자사몰,뷰티,345718,23302,322416,False,False
O16116,C005,2026-05-01,자사몰,뷰티,57881,3215,54666,False,False
O16117,C005,2026-05-01,자사몰,식품,187091,11964,175127,False,False
O16118,C005,2026-05-01,자사몰,뷰티,245811,18144,227667,False,False
O16119,C001,2026-05-02,자사몰,생활용품,379956,27830,352126,False,False
O16120,C001,2026-05-02,자사몰,식품,156233,11285,144948,False,False
O16121,C001,2026-05-02,자사몰,생활용품,257890,10221,247669,False,False
O16122,C001,2026-05-02,자사몰,식품,118376,5258,113118,False,False
O16123,C001,2026-05-02,자사몰,생활용품,52521,2403,50118,False,False
O16124,C001,2026-05-02,자사몰,생활용품,286295,20934,265361,False,False
O16125,C001,2026-05-02,자사몰,뷰티,416573,10592,405981,False,False
O16126,C001,2026-05-02,자사몰,패션잡화,405340,21990,383350,False,False
O16127,C001,2026-05-02,자사몰,식품,292821,17227,275594,False,False
O16128,C001,2026-05-02,자사몰,디지털,145258,4069,141189,False,False
O16129,C001,2026-05-02,자사몰,디지털,147280,5377,141903,False,False
O16130,C001,2026-05-02,자사몰,디지털,164501,10488,154013,False,False
O16131,C002,2026-05-02,오픈마켓,식품,396838,18913,377925,False,False
O16132,C002,2026-05-02,오픈마켓,식품,142292,9692,132600,False,False
O16133,C002,2026-05-02,오픈마켓,뷰티,161795,5510,156285,False,False
O16134,C002,2026-05-02,오픈마켓,디지털,399439,23173,376266,False,False
O16135,C002,2026-05-02,오픈마켓,생활용품,157180,10864,146316,False,False
O16136,C002,2026-05-02,오픈마켓,디지털,191547,9969,181578,False,False
O16137,C002,2026-05-02,오픈마켓,식품,346397,9201,337196,False,False
O16138,C002,2026-05-02,오픈마켓,식품,244295,15700,228595,False,False
O16139,C002,2026-05-02,오픈마켓,패션잡화,140455,4767,135688,False,False
O16140,C002,2026-05-02,오픈마켓,뷰티,34369,1456,32913,False,False
O16141,C002,2026-05-02,오픈마켓,디지털,344209,11681,332528,False,False
O16142,C002,2026-05-02,오픈마켓,뷰티,327055,14350,312705,False,False
O16143,C002,2026-05-02,오픈마켓,생활용품,283728,19786,0,True,False
O16144,C003,2026-05-02,라이브,식품,216744,14300,202444,False,False
O16145,C003,2026-05-02,라이브,패션잡화,207185,15455,191730,False,False
O16146,C003,2026-05-02,라이브,디지털,258710,13464,245246,False,False
O16147,C003,2026-05-02,라이브,생활용품,232218,16915,215303,False,False
O16148,C004,2026-05-02,오픈마켓,뷰티,230294,16470,213824,False,False
O16149,C004,2026-05-02,오픈마켓,생활용품,319614,20544,299070,False,False
O16150,C004,2026-05-02,오픈마켓,패션잡화,227743,10059,217684,False,False
O16151,C004,2026-05-02,오픈마켓,뷰티,303528,18951,284577,False,False
O16152,C004,2026-05-02,오픈마켓,식품,172035,4747,167288,False,False
O16153,C004,2026-05-02,오픈마켓,뷰티,191665,6321,185344,False,False
O16154,C004,2026-05-02,오픈마켓,디지털,367251,20334,346917,False,False
O16155,C004,2026-05-02,오픈마켓,패션잡화,203574,7452,196122,False,False
O16156,C004,2026-05-02,오픈마켓,생활용품,187826,12025,175801,False,False
O16157,C004,2026-05-02,오픈마켓,디지털,383295,19282,364013,False,False
O16158,C004,2026-05-02,오픈마켓,식품,236221,16289,219932,False,False
O16159,C004,2026-05-02,오픈마켓,디지털,279187,9621,269566,False,False
O16160,C004,2026-05-02,오픈마켓,뷰티,303687,18908,284779,False,True
O16161,C004,2026-05-02,오픈마켓,패션잡화,349144,25539,323605,False,False
O16162,C005,2026-05-02,자사몰,디지털,161027,10766,150261,False,True
O16163,C005,2026-05-02,자사몰,패션잡화,395003,12998,382005,False,False
O16164,C005,2026-05-02,자사몰,생활용품,342301,11464,330837,False,False
O16165,C005,2026-05-02,자사몰,식품,341385,16000,325385,False,False
O16166,C005,2026-05-02,자사몰,디지털,385067,26012,359055,False,False
O16167,C005,2026-05-02,자사몰,패션잡화,51639,2527,49112,False,False
O16168,C005,2026-05-02,자사몰,뷰티,270681,7272,263409,False,False
O16169,C005,2026-05-02,자사몰,생활용품,177274,4903,172371,False,False
O16170,C005,2026-05-02,자사몰,식품,212425,6682,205743,False,False
O16171,C005,2026-05-02,자사몰,생활용품,255813,16612,239201,False,False
O16172,C005,2026-05-02,자사몰,디지털,223017,10382,212635,False,False
O16173,C005,2026-05-02,자사몰,디지털,76601,3485,73116,False,False
O16174,C005,2026-05-02,자사몰,디지털,155848,4692,0,True,False
O16175,C001,2026-05-03,자사몰,패션잡화,162854,9143,153711,False,False
O16176,C001,2026-05-03,자사몰,디지털,137405,4518,132887,False,False
O16177,C001,2026-05-03,자사몰,뷰티,273653,12486,261167,False,False
O16178,C001,2026-05-03,자사몰,뷰티,358650,18010,340640,False,False
O16179,C001,2026-05-03,자사몰,패션잡화,49527,2541,46986,False,False
O16180,C001,2026-05-03,자사몰,생활용품,169200,7275,161925,False,False
O16181,C001,2026-05-03,자사몰,디지털,293883,7630,286253,False,False
O16182,C001,2026-05-03,자사몰,패션잡화,296447,7486,288961,False,False
O16183,C002,2026-05-03,오픈마켓,식품,210015,11641,198374,False,False
O16184,C002,2026-05-03,오픈마켓,식품,360351,9251,351100,False,False
O16185,C002,2026-05-03,오픈마켓,패션잡화,384061,18370,365691,False,False
O16186,C002,2026-05-03,오픈마켓,생활용품,299114,20450,278664,False,False
O16187,C002,2026-05-03,오픈마켓,디지털,141336,4733,136603,False,False
O16188,C002,2026-05-03,오픈마켓,생활용품,303176,16221,286955,False,False
O16189,C002,2026-05-03,오픈마켓,디지털,134938,5658,129280,False,False
O16190,C002,2026-05-03,오픈마켓,디지털,100944,6803,94141,False,False
O16191,C002,2026-05-03,오픈마켓,뷰티,92424,6479,85945,False,False
O16192,C002,2026-05-03,오픈마켓,뷰티,319273,16328,302945,False,False
O16193,C002,2026-05-03,오픈마켓,생활용품,162648,8417,154231,False,False
O16194,C002,2026-05-03,오픈마켓,뷰티,197775,10676,187099,False,False
O16195,C002,2026-05-03,오픈마켓,생활용품,238917,9287,229630,False,False
O16196,C002,2026-05-03,오픈마켓,디지털,221538,10413,211125,False,False
O16197,C002,2026-05-03,오픈마켓,패션잡화,373630,10500,363130,False,False
O16198,C002,2026-05-03,오픈마켓,디지털,224451,14266,210185,False,False
O16199,C003,2026-05-03,라이브,패션잡화,200668,6562,194106,False,False
O16200,C003,2026-05-03,라이브,뷰티,344550,10393,334157,False,False
O16201,C003,2026-05-03,라이브,디지털,283385,18096,265289,False,True
O16202,C003,2026-05-03,라이브,생활용품,408735,16109,392626,False,False
O16203,C003,2026-05-03,라이브,식품,77377,5759,71618,False,False
O16204,C003,2026-05-03,라이브,생활용품,78037,4159,73878,False,False
O16205,C003,2026-05-03,라이브,생활용품,296896,17112,0,True,False
O16206,C003,2026-05-03,라이브,패션잡화,267917,15700,252217,False,False
O16207,C003,2026-05-03,라이브,뷰티,62360,3841,58519,False,False
O16208,C003,2026-05-03,라이브,식품,346681,21894,324787,False,False
O16209,C003,2026-05-03,라이브,디지털,78924,2503,76421,False,False
O16210,C003,2026-05-03,라이브,뷰티,127322,6389,0,True,False
O16211,C003,2026-05-03,라이브,뷰티,46204,1758,44446,False,True
O16212,C003,2026-05-03,라이브,생활용품,95807,5980,89827,False,False
O16213,C003,2026-05-03,라이브,패션잡화,140430,9356,131074,False,False
O16214,C004,2026-05-03,오픈마켓,생활용품,151164,5723,145441,False,False
O16215,C004,2026-05-03,오픈마켓,생활용품,52606,3365,49241,False,False
O16216,C004,2026-05-03,오픈마켓,디지털,39146,1251,37895,False,False
O16217,C004,2026-05-03,오픈마켓,생활용품,309010,8093,300917,False,False
O16218,C004,2026-05-03,오픈마켓,생활용품,135853,4189,131664,False,False
O16219,C005,2026-05-03,자사몰,디지털,181123,12118,0,True,False
O16220,C005,2026-05-03,자사몰,뷰티,351353,16116,335237,False,False
O16221,C005,2026-05-03,자사몰,생활용품,139140,6574,132566,False,False
O16222,C005,2026-05-03,자사몰,패션잡화,381166,22557,358609,False,False
O16223,C005,2026-05-03,자사몰,생활용품,280598,19679,260919,False,False
O16224,C001,2026-05-04,자사몰,뷰티,345841,21838,324003,False,False
O16225,C001,2026-05-04,자사몰,디지털,241584,16921,224663,False,False
O16226,C001,2026-05-04,자사몰,식품,240205,14404,225801,False,False
O16227,C001,2026-05-04,자사몰,패션잡화,173241,5991,167250,False,False
O16228,C001,2026-05-04,자사몰,생활용품,367304,11824,355480,False,False
O16229,C001,2026-05-04,자사몰,생활용품,238727,8022,230705,False,False
O16230,C001,2026-05-04,자사몰,디지털,87070,6189,80881,False,False
O16231,C001,2026-05-04,자사몰,식품,168635,7559,161076,False,False
O16232,C001,2026-05-04,자사몰,패션잡화,145153,8040,137113,False,False
O16233,C001,2026-05-04,자사몰,디지털,278344,19636,0,True,False
O16234,C002,2026-05-04,오픈마켓,패션잡화,222956,9722,213234,False,False
O16235,C002,2026-05-04,오픈마켓,디지털,159128,10293,148835,False,False
O16236,C002,2026-05-04,오픈마켓,생활용품,143380,10173,133207,False,False
O16237,C002,2026-05-04,오픈마켓,식품,178306,5183,173123,False,False
O16238,C002,2026-05-04,오픈마켓,디지털,32737,1177,31560,False,False
O16239,C002,2026-05-04,오픈마켓,패션잡화,125773,9059,116714,False,False
O16240,C002,2026-05-04,오픈마켓,디지털,274829,12166,262663,False,False
O16241,C003,2026-05-04,라이브,디지털,111686,4330,107356,False,False
O16242,C003,2026-05-04,라이브,디지털,328294,22488,305806,False,True
O16243,C003,2026-05-04,라이브,디지털,189308,13670,175638,False,False
O16244,C003,2026-05-04,라이브,패션잡화,161180,4186,156994,False,False
O16245,C003,2026-05-04,라이브,패션잡화,261883,18182,243701,False,False
O16246,C003,2026-05-04,라이브,식품,131220,4415,126805,False,False
O16247,C003,2026-05-04,라이브,뷰티,250103,17489,232614,False,False
O16248,C003,2026-05-04,라이브,디지털,315396,10587,304809,False,False
O16249,C004,2026-05-04,오픈마켓,뷰티,81958,5237,76721,False,False
O16250,C004,2026-05-04,오픈마켓,뷰티,328856,16755,312101,False,False
O16251,C004,2026-05-04,오픈마켓,디지털,65733,4859,60874,False,False
O16252,C004,2026-05-04,오픈마켓,식품,91088,5766,85322,False,False
O16253,C004,2026-05-04,오픈마켓,패션잡화,362873,22400,340473,False,False
O16254,C004,2026-05-04,오픈마켓,식품,200004,8082,191922,False,False
O16255,C004,2026-05-04,오픈마켓,뷰티,287230,13345,273885,False,False
O16256,C004,2026-05-04,오픈마켓,뷰티,134497,6548,127949,False,False
O16257,C004,2026-05-04,오픈마켓,디지털,389208,24989,364219,False,False
O16258,C004,2026-05-04,오픈마켓,패션잡화,335551,10820,324731,False,False
O16259,C004,2026-05-04,오픈마켓,식품,385879,27174,358705,False,False
O16260,C004,2026-05-04,오픈마켓,패션잡화,236235,10525,225710,False,False
O16261,C004,2026-05-04,오픈마켓,패션잡화,183822,12083,171739,False,False
O16262,C004,2026-05-04,오픈마켓,식품,244046,17797,226249,False,False
O16263,C004,2026-05-04,오픈마켓,디지털,343467,17219,326248,False,False
O16264,C005,2026-05-04,자사몰,생활용품,341104,15375,325729,False,False
O16265,C005,2026-05-04,자사몰,패션잡화,202933,13840,189093,False,False
O16266,C005,2026-05-04,자사몰,디지털,403405,16820,386585,False,False
O16267,C005,2026-05-04,자사몰,식품,237808,8492,229316,False,False
O16268,C005,2026-05-04,자사몰,식품,220171,15309,204862,False,False
O16269,C005,2026-05-04,자사몰,생활용품,201128,6371,194757,False,False
O16270,C005,2026-05-04,자사몰,생활용품,174838,6416,168422,False,False
O16271,C005,2026-05-04,자사몰,식품,207124,12918,194206,False,False
O16272,C005,2026-05-04,자사몰,디지털,75692,3904,71788,False,False
O16273,C005,2026-05-04,자사몰,생활용품,176486,11276,165210,False,False
O16274,C005,2026-05-04,자사몰,뷰티,317569,18169,299400,False,False
O16275,C005,2026-05-04,자사몰,뷰티,208011,9383,198628,False,False
O16276,C005,2026-05-04,자사몰,패션잡화,142471,8069,0,True,False
O16277,C005,2026-05-04,자사몰,패션잡화,349099,8880,340219,False,False
O16278,C005,2026-05-04,자사몰,디지털,322477,14490,307987,False,False
O16279,C005,2026-05-04,자사몰,패션잡화,70579,3508,67071,False,False
O16280,C001,2026-05-05,자사몰,식품,308286,10050,298236,False,False
O16281,C001,2026-05-05,자사몰,식품,284737,10289,274448,False,False
O16282,C001,2026-05-05,자사몰,패션잡화,355128,16487,338641,False,False
O16283,C001,2026-05-05,자사몰,뷰티,292336,12342,279994,False,False
O16284,C001,2026-05-05,자사몰,뷰티,46739,2253,44486,False,False
O16285,C001,2026-05-05,자사몰,패션잡화,325741,15970,309771,False,False
O16286,C001,2026-05-05,자사몰,패션잡화,354232,17500,336732,False,False
O16287,C001,2026-05-05,자사몰,뷰티,52812,3453,49359,False,False
O16288,C001,2026-05-05,자사몰,패션잡화,415418,11073,404345,False,False
O16289,C001,2026-05-05,자사몰,디지털,155190,10789,144401,False,False
O16290,C001,2026-05-05,자사몰,패션잡화,160962,6990,153972,False,False
O16291,C002,2026-05-05,오픈마켓,식품,402538,21186,381352,False,True
O16292,C002,2026-05-05,오픈마켓,뷰티,221976,13478,208498,False,False
O16293,C002,2026-05-05,오픈마켓,패션잡화,88772,2465,86307,False,False
O16294,C002,2026-05-05,오픈마켓,패션잡화,212185,13351,198834,False,True
O16295,C003,2026-05-05,라이브,뷰티,234779,17053,217726,False,False
O16296,C003,2026-05-05,라이브,뷰티,55594,1786,53808,False,False
O16297,C003,2026-05-05,라이브,뷰티,62367,2219,60148,False,False
O16298,C003,2026-05-05,라이브,생활용품,49274,2467,0,True,False
O16299,C003,2026-05-05,라이브,식품,277951,19630,258321,False,False
O16300,C003,2026-05-05,라이브,식품,138550,9602,0,True,False
O16301,C003,2026-05-05,라이브,식품,131352,4903,126449,False,False
O16302,C003,2026-05-05,라이브,디지털,391644,26089,365555,False,False
O16303,C003,2026-05-05,라이브,식품,267041,7773,0,True,False
O16304,C003,2026-05-05,라이브,뷰티,70064,5117,64947,False,False
O16305,C003,2026-05-05,라이브,디지털,345977,17096,328881,False,False
O16306,C003,2026-05-05,라이브,생활용품,141544,4798,136746,False,False
O16307,C003,2026-05-05,라이브,식품,217607,9449,208158,False,False
O16308,C003,2026-05-05,라이브,디지털,212948,10283,202665,False,False
O16309,C004,2026-05-05,오픈마켓,뷰티,149107,9283,139824,False,False
O16310,C004,2026-05-05,오픈마켓,식품,220670,12973,0,True,False
O16311,C004,2026-05-05,오픈마켓,패션잡화,267377,19325,248052,False,False
O16312,C004,2026-05-05,오픈마켓,식품,148213,4353,143860,False,False
O16313,C004,2026-05-05,오픈마켓,식품,63289,2923,60366,False,False
O16314,C004,2026-05-05,오픈마켓,뷰티,170677,9277,161400,False,False
O16315,C004,2026-05-05,오픈마켓,패션잡화,264653,6832,257821,False,False
O16316,C004,2026-05-05,오픈마켓,패션잡화,67281,4179,63102,False,False
O16317,C004,2026-05-05,오픈마켓,뷰티,252041,11150,240891,False,False
O16318,C004,2026-05-05,오픈마켓,디지털,310641,9027,301614,False,False
O16319,C004,2026-05-05,오픈마켓,패션잡화,275968,19988,255980,False,False
O16320,C004,2026-05-05,오픈마켓,뷰티,389469,17089,372380,False,False
O16321,C004,2026-05-05,오픈마켓,생활용품,122853,4271,118582,False,False
O16322,C005,2026-05-05,자사몰,패션잡화,287905,16601,271304,False,False
O16323,C005,2026-05-05,자사몰,디지털,62623,1819,60804,False,False
O16324,C005,2026-05-05,자사몰,패션잡화,323279,19147,304132,False,False
O16325,C005,2026-05-05,자사몰,생활용품,275862,17151,258711,False,False
O16326,C005,2026-05-05,자사몰,생활용품,369233,11059,358174,False,False
O16327,C005,2026-05-05,자사몰,디지털,72625,5025,67600,False,False
O16328,C005,2026-05-05,자사몰,생활용품,164781,10193,154588,False,False
O16329,C001,2026-05-06,자사몰,식품,96720,3536,93184,False,False
O16330,C001,2026-05-06,자사몰,패션잡화,128307,9058,119249,False,False
O16331,C001,2026-05-06,자사몰,뷰티,379370,28039,351331,False,False
O16332,C001,2026-05-06,자사몰,디지털,116287,5474,110813,False,False
O16333,C001,2026-05-06,자사몰,패션잡화,247188,10338,236850,False,False
O16334,C001,2026-05-06,자사몰,뷰티,237393,13871,223522,False,False
O16335,C001,2026-05-06,자사몰,생활용품,42729,2854,0,True,False
O16336,C001,2026-05-06,자사몰,생활용품,399485,13416,386069,False,False
O16337,C001,2026-05-06,자사몰,생활용품,401099,11845,389254,False,False
O16338,C001,2026-05-06,자사몰,뷰티,217175,9113,208062,False,False
O16339,C001,2026-05-06,자사몰,식품,150782,11119,139663,False,False
O16340,C002,2026-05-06,오픈마켓,식품,161336,6791,154545,False,False
O16341,C002,2026-05-06,오픈마켓,패션잡화,50157,2130,48027,False,False
O16342,C002,2026-05-06,오픈마켓,패션잡화,213513,11237,202276,False,False
O16343,C002,2026-05-06,오픈마켓,식품,74690,2881,71809,False,False
O16344,C002,2026-05-06,오픈마켓,패션잡화,200745,6813,193932,False,False
O16345,C002,2026-05-06,오픈마켓,디지털,222061,12813,209248,False,False
O16346,C002,2026-05-06,오픈마켓,뷰티,347137,13471,333666,False,False
O16347,C002,2026-05-06,오픈마켓,패션잡화,258041,7816,250225,False,False
O16348,C002,2026-05-06,오픈마켓,디지털,140291,10520,129771,False,False
O16349,C002,2026-05-06,오픈마켓,식품,216082,12916,203166,False,False
O16350,C002,2026-05-06,오픈마켓,뷰티,135756,8641,127115,False,False
O16351,C002,2026-05-06,오픈마켓,패션잡화,205920,8378,197542,False,False
O16352,C002,2026-05-06,오픈마켓,뷰티,340048,25281,314767,False,False
O16353,C003,2026-05-06,라이브,뷰티,99008,6575,92433,False,False
O16354,C003,2026-05-06,라이브,뷰티,315720,11939,303781,False,False
O16355,C003,2026-05-06,라이브,디지털,108309,6083,102226,False,False
O16356,C003,2026-05-06,라이브,뷰티,413363,25877,387486,False,False
O16357,C003,2026-05-06,라이브,패션잡화,232960,12581,220379,False,False
O16358,C004,2026-05-06,오픈마켓,식품,186486,8603,177883,False,False
O16359,C004,2026-05-06,오픈마켓,식품,238794,17044,221750,False,False
O16360,C004,2026-05-06,오픈마켓,패션잡화,326738,11151,315587,False,False
O16361,C004,2026-05-06,오픈마켓,생활용품,346065,20317,325748,False,False
O16362,C004,2026-05-06,오픈마켓,뷰티,258236,13852,244384,False,False
O16363,C004,2026-05-06,오픈마켓,패션잡화,418657,25382,393275,False,False
O16364,C004,2026-05-06,오픈마켓,뷰티,306250,11728,294522,False,False
O16365,C004,2026-05-06,오픈마켓,디지털,392429,26103,366326,False,False
O16366,C004,2026-05-06,오픈마켓,디지털,214581,14504,200077,False,False
O16367,C004,2026-05-06,오픈마켓,패션잡화,35208,1722,33486,False,True
O16368,C004,2026-05-06,오픈마켓,패션잡화,163971,6358,157613,False,False
O16369,C004,2026-05-06,오픈마켓,디지털,382693,20125,362568,False,False
O16370,C004,2026-05-06,오픈마켓,생활용품,124544,7483,117061,False,False
O16371,C005,2026-05-06,자사몰,식품,49943,3211,46732,False,False
O16372,C005,2026-05-06,자사몰,생활용품,203851,8635,195216,False,False
O16373,C005,2026-05-06,자사몰,패션잡화,154992,5519,149473,False,False
O16374,C005,2026-05-06,자사몰,패션잡화,324535,11555,312980,False,False
O16375,C005,2026-05-06,자사몰,디지털,359110,18281,340829,False,False
O16376,C005,2026-05-06,자사몰,패션잡화,383369,28329,355040,False,False
O16377,C005,2026-05-06,자사몰,생활용품,408243,24032,384211,False,False
O16378,C005,2026-05-06,자사몰,식품,126278,8628,117650,False,False
O16379,C005,2026-05-06,자사몰,패션잡화,201632,7312,194320,False,True
O16380,C005,2026-05-06,자사몰,생활용품,409276,18213,391063,False,False
O16381,C005,2026-05-06,자사몰,식품,137363,5955,131408,False,False
O16382,C005,2026-05-06,자사몰,식품,413140,25016,388124,False,False
O16383,C001,2026-05-07,자사몰,뷰티,238716,12541,0,True,False
O16384,C001,2026-05-07,자사몰,식품,351682,20789,330893,False,False
O16385,C001,2026-05-07,자사몰,생활용품,216679,11868,204811,False,False
O16386,C001,2026-05-07,자사몰,식품,166598,10177,156421,False,False
O16387,C001,2026-05-07,자사몰,패션잡화,395380,23216,372164,False,False
O16388,C001,2026-05-07,자사몰,식품,232346,13154,219192,False,False
O16389,C001,2026-05-07,자사몰,뷰티,384182,19246,364936,False,False
O16390,C001,2026-05-07,자사몰,뷰티,169142,9335,159807,False,False
O16391,C001,2026-05-07,자사몰,생활용품,292509,12728,279781,False,False
O16392,C002,2026-05-07,오픈마켓,패션잡화,386756,21972,364784,False,False
O16393,C002,2026-05-07,오픈마켓,뷰티,222062,6875,215187,False,False
O16394,C002,2026-05-07,오픈마켓,뷰티,419600,28919,390681,False,False
O16395,C002,2026-05-07,오픈마켓,디지털,41985,1291,40694,False,False
O16396,C002,2026-05-07,오픈마켓,식품,147575,3883,143692,False,False
O16397,C002,2026-05-07,오픈마켓,뷰티,174411,7864,0,True,False
O16398,C002,2026-05-07,오픈마켓,뷰티,245795,18404,227391,False,False
O16399,C002,2026-05-07,오픈마켓,디지털,352218,20370,331848,False,False
O16400,C002,2026-05-07,오픈마켓,식품,102633,2657,99976,False,False
O16401,C002,2026-05-07,오픈마켓,패션잡화,259836,15812,244024,False,False
O16402,C002,2026-05-07,오픈마켓,뷰티,226765,9387,217378,False,False
O16403,C002,2026-05-07,오픈마켓,패션잡화,224919,8172,216747,False,False
O16404,C002,2026-05-07,오픈마켓,디지털,339295,13026,326269,False,False
O16405,C003,2026-05-07,라이브,디지털,281350,9791,271559,False,False
O16406,C003,2026-05-07,라이브,뷰티,236317,10154,226163,False,False
O16407,C003,2026-05-07,라이브,디지털,278353,19526,258827,False,False
O16408,C003,2026-05-07,라이브,뷰티,194911,12929,181982,False,False
O16409,C003,2026-05-07,라이브,디지털,198014,6879,191135,False,False
O16410,C003,2026-05-07,라이브,뷰티,239087,12064,227023,False,False
O16411,C004,2026-05-07,오픈마켓,생활용품,130436,4674,125762,False,False
O16412,C004,2026-05-07,오픈마켓,식품,105351,2801,102550,False,False
O16413,C004,2026-05-07,오픈마켓,뷰티,286442,15363,271079,False,False
O16414,C004,2026-05-07,오픈마켓,생활용품,32738,1557,31181,False,False
O16415,C004,2026-05-07,오픈마켓,뷰티,349525,15143,334382,False,False
O16416,C004,2026-05-07,오픈마켓,식품,399374,14675,384699,False,False
O16417,C004,2026-05-07,오픈마켓,패션잡화,350123,9882,340241,False,False
O16418,C005,2026-05-07,자사몰,디지털,352024,25052,326972,False,False
O16419,C005,2026-05-07,자사몰,생활용품,57947,3344,54603,False,False
O16420,C005,2026-05-07,자사몰,생활용품,416504,23247,393257,False,False
O16421,C005,2026-05-07,자사몰,식품,394742,10821,383921,False,False
O16422,C005,2026-05-07,자사몰,생활용품,288422,12422,276000,False,False
O16423,C005,2026-05-07,자사몰,디지털,282549,12290,270259,False,False
O16424,C005,2026-05-07,자사몰,뷰티,240000,11907,228093,False,False
O16425,C005,2026-05-07,자사몰,패션잡화,283506,14674,268832,False,False
O16426,C005,2026-05-07,자사몰,생활용품,341425,9634,331791,False,False
O16427,C005,2026-05-07,자사몰,패션잡화,359443,22891,336552,False,False
O16428,C001,2026-05-08,자사몰,생활용품,61255,1752,59503,False,False
O16429,C001,2026-05-08,자사몰,생활용품,39128,2645,36483,False,False
O16430,C001,2026-05-08,자사몰,식품,214330,14539,199791,False,False
O16431,C001,2026-05-08,자사몰,생활용품,133801,4866,128935,False,False
O16432,C001,2026-05-08,자사몰,패션잡화,377161,24164,352997,False,True
O16433,C001,2026-05-08,자사몰,패션잡화,112815,8024,104791,False,False
O16434,C001,2026-05-08,자사몰,생활용품,39873,2944,36929,False,False
O16435,C001,2026-05-08,자사몰,식품,70553,4001,66552,False,False
O16436,C001,2026-05-08,자사몰,디지털,73023,2137,70886,False,False
O16437,C001,2026-05-08,자사몰,뷰티,77957,4082,73875,False,False
O16438,C001,2026-05-08,자사몰,식품,248436,6884,0,True,False
O16439,C001,2026-05-08,자사몰,식품,290219,14151,276068,False,False
O16440,C002,2026-05-08,오픈마켓,식품,261343,15226,246117,False,False
O16441,C002,2026-05-08,오픈마켓,패션잡화,290203,20055,270148,False,False
O16442,C002,2026-05-08,오픈마켓,디지털,200702,9667,191035,False,False
O16443,C002,2026-05-08,오픈마켓,디지털,66746,3069,63677,False,False
O16444,C002,2026-05-08,오픈마켓,뷰티,95459,2469,92990,False,False
O16445,C003,2026-05-08,라이브,생활용품,290123,21386,268737,False,False
O16446,C003,2026-05-08,라이브,식품,127222,4967,122255,False,False
O16447,C003,2026-05-08,라이브,디지털,159263,10822,148441,False,False
O16448,C003,2026-05-08,라이브,생활용품,123757,4051,119706,False,False
O16449,C003,2026-05-08,라이브,뷰티,321662,10802,310860,False,False
O16450,C003,2026-05-08,라이브,뷰티,337012,17435,319577,False,False
O16451,C003,2026-05-08,라이브,생활용품,269014,8368,260646,False,False
O16452,C003,2026-05-08,라이브,생활용품,133667,3698,129969,False,False
O16453,C003,2026-05-08,라이브,디지털,85107,4993,80114,False,False
O16454,C003,2026-05-08,라이브,뷰티,86320,2517,83803,False,False
O16455,C003,2026-05-08,라이브,뷰티,64364,4016,60348,False,False
O16456,C003,2026-05-08,라이브,식품,104548,4663,99885,False,False
O16457,C003,2026-05-08,라이브,디지털,120642,5894,114748,False,False
O16458,C003,2026-05-08,라이브,뷰티,318158,20217,297941,False,False
O16459,C004,2026-05-08,오픈마켓,뷰티,204591,14743,189848,False,False
O16460,C004,2026-05-08,오픈마켓,패션잡화,124568,8556,0,True,False
O16461,C004,2026-05-08,오픈마켓,패션잡화,99301,6617,92684,False,False
O16462,C004,2026-05-08,오픈마켓,패션잡화,416784,24208,392576,False,False
O16463,C004,2026-05-08,오픈마켓,패션잡화,72873,3047,69826,False,False
O16464,C005,2026-05-08,자사몰,식품,213992,7501,206491,False,False
O16465,C005,2026-05-08,자사몰,뷰티,287987,19040,268947,False,False
O16466,C005,2026-05-08,자사몰,패션잡화,160157,11837,148320,False,False
O16467,C005,2026-05-08,자사몰,식품,253601,13912,239689,False,False
O16468,C005,2026-05-08,자사몰,생활용품,226158,7436,218722,False,False
O16469,C005,2026-05-08,자사몰,패션잡화,370029,9989,0,True,False
O16470,C005,2026-05-08,자사몰,뷰티,126326,7390,118936,False,False
O16471,C005,2026-05-08,자사몰,패션잡화,58277,1576,56701,False,False
O16472,C005,2026-05-08,자사몰,패션잡화,83297,5941,77356,False,False
O16473,C001,2026-05-09,자사몰,식품,259154,11670,247484,False,False
O16474,C001,2026-05-09,자사몰,디지털,116264,7638,108626,False,False
O16475,C001,2026-05-09,자사몰,식품,230907,15891,215016,False,False
O16476,C001,2026-05-09,자사몰,뷰티,124400,6030,118370,False,False
O16477,C001,2026-05-09,자사몰,뷰티,237099,17483,219616,False,False
O16478,C001,2026-05-09,자사몰,식품,329288,23956,305332,False,False
O16479,C001,2026-05-09,자사몰,뷰티,75294,3514,71780,False,False
O16480,C001,2026-05-09,자사몰,디지털,73545,4388,69157,False,False
O16481,C001,2026-05-09,자사몰,식품,47027,2343,44684,False,False
O16482,C001,2026-05-09,자사몰,패션잡화,202601,6163,196438,False,False
O16483,C001,2026-05-09,자사몰,식품,343076,14341,328735,False,False
O16484,C001,2026-05-09,자사몰,식품,232931,9553,223378,False,False
O16485,C002,2026-05-09,오픈마켓,패션잡화,64070,3725,60345,False,False
O16486,C002,2026-05-09,오픈마켓,식품,210339,5964,204375,False,False
O16487,C002,2026-05-09,오픈마켓,생활용품,65446,3165,62281,False,False
O16488,C002,2026-05-09,오픈마켓,식품,376518,17604,358914,False,False
O16489,C002,2026-05-09,오픈마켓,뷰티,122219,4257,117962,False,False
O16490,C003,2026-05-09,라이브,디지털,264797,7100,257697,False,False
O16491,C003,2026-05-09,라이브,패션잡화,200937,9070,191867,False,False
O16492,C003,2026-05-09,라이브,식품,230967,8772,222195,False,False
O16493,C003,2026-05-09,라이브,패션잡화,111438,7708,103730,False,False
O16494,C003,2026-05-09,라이브,식품,245815,11211,234604,False,False
O16495,C003,2026-05-09,라이브,디지털,344901,23012,321889,False,False
O16496,C003,2026-05-09,라이브,뷰티,213258,9744,203514,False,False
O16497,C003,2026-05-09,라이브,식품,136203,4840,131363,False,False
O16498,C003,2026-05-09,라이브,뷰티,394629,12713,381916,False,False
O16499,C003,2026-05-09,라이브,생활용품,159090,5485,153605,False,False
O16500,C003,2026-05-09,라이브,생활용품,342217,12637,329580,False,False
O16501,C004,2026-05-09,오픈마켓,생활용품,92725,5825,86900,False,False
O16502,C004,2026-05-09,오픈마켓,뷰티,144994,3724,141270,False,False
O16503,C004,2026-05-09,오픈마켓,생활용품,261079,15182,245897,False,False
O16504,C004,2026-05-09,오픈마켓,식품,288130,20695,267435,False,False
O16505,C004,2026-05-09,오픈마켓,뷰티,52850,3289,49561,False,False
O16506,C004,2026-05-09,오픈마켓,식품,102300,6646,95654,False,False
O16507,C004,2026-05-09,오픈마켓,식품,314770,8287,306483,False,False
O16508,C004,2026-05-09,오픈마켓,뷰티,152350,7074,145276,False,True
O16509,C004,2026-05-09,오픈마켓,패션잡화,33430,1810,31620,False,False
O16510,C004,2026-05-09,오픈마켓,디지털,237448,6919,230529,False,False
O16511,C004,2026-05-09,오픈마켓,생활용품,272765,15913,256852,False,False
O16512,C004,2026-05-09,오픈마켓,패션잡화,188605,9369,179236,False,False
O16513,C004,2026-05-09,오픈마켓,생활용품,278150,14246,263904,False,False
O16514,C005,2026-05-09,자사몰,패션잡화,71830,4424,67406,False,False
O16515,C005,2026-05-09,자사몰,디지털,362506,23541,338965,False,False
O16516,C005,2026-05-09,자사몰,생활용품,373304,13758,359546,False,False
O16517,C005,2026-05-09,자사몰,생활용품,321948,16229,305719,False,False
O16518,C005,2026-05-09,자사몰,식품,119210,6041,113169,False,False
O16519,C005,2026-05-09,자사몰,식품,396471,22484,373987,False,False
O16520,C005,2026-05-09,자사몰,식품,397033,26233,370800,False,False
O16521,C001,2026-05-10,자사몰,생활용품,381243,25058,356185,False,False
O16522,C001,2026-05-10,자사몰,식품,222360,16035,206325,False,False
O16523,C001,2026-05-10,자사몰,패션잡화,253134,12611,0,True,False
O16524,C001,2026-05-10,자사몰,뷰티,330937,13385,317552,False,False
O16525,C001,2026-05-10,자사몰,디지털,126930,5672,121258,False,False
O16526,C001,2026-05-10,자사몰,뷰티,323063,21252,301811,False,False
O16527,C001,2026-05-10,자사몰,뷰티,287562,13057,274505,False,False
O16528,C001,2026-05-10,자사몰,패션잡화,235610,8490,227120,False,False
O16529,C001,2026-05-10,자사몰,생활용품,101722,5875,95847,False,False
O16530,C001,2026-05-10,자사몰,디지털,97875,5028,92847,False,True
O16531,C001,2026-05-10,자사몰,디지털,258964,11621,247343,False,False
O16532,C002,2026-05-10,오픈마켓,뷰티,267081,12521,254560,False,True
O16533,C002,2026-05-10,오픈마켓,뷰티,67336,2686,64650,False,False
O16534,C002,2026-05-10,오픈마켓,패션잡화,143455,6948,136507,False,False
O16535,C002,2026-05-10,오픈마켓,패션잡화,211608,15343,196265,False,False
O16536,C002,2026-05-10,오픈마켓,식품,330677,20922,309755,False,False
O16537,C002,2026-05-10,오픈마켓,디지털,160568,9525,151043,False,False
O16538,C002,2026-05-10,오픈마켓,식품,199170,12422,186748,False,False
O16539,C002,2026-05-10,오픈마켓,뷰티,379167,18707,360460,False,False
O16540,C002,2026-05-10,오픈마켓,패션잡화,236778,16905,219873,False,False
O16541,C002,2026-05-10,오픈마켓,뷰티,49733,1613,48120,False,False
O16542,C002,2026-05-10,오픈마켓,디지털,62728,2277,60451,False,False
O16543,C002,2026-05-10,오픈마켓,디지털,285749,19101,266648,False,False
O16544,C002,2026-05-10,오픈마켓,뷰티,290992,20198,270794,False,False
O16545,C002,2026-05-10,오픈마켓,생활용품,136134,7696,128438,False,False
O16546,C003,2026-05-10,라이브,뷰티,51083,3072,48011,False,False
O16547,C003,2026-05-10,라이브,뷰티,267391,8457,258934,False,False
O16548,C003,2026-05-10,라이브,패션잡화,100371,6746,0,True,False
O16549,C003,2026-05-10,라이브,생활용품,233738,9179,224559,False,False
O16550,C003,2026-05-10,라이브,생활용품,345761,25678,320083,False,False
O16551,C004,2026-05-10,오픈마켓,패션잡화,170209,8276,161933,False,True
O16552,C004,2026-05-10,오픈마켓,패션잡화,182556,6528,176028,False,False
O16553,C004,2026-05-10,오픈마켓,식품,105181,3407,101774,False,False
O16554,C004,2026-05-10,오픈마켓,뷰티,405953,13542,392411,False,False
O16555,C004,2026-05-10,오픈마켓,생활용품,363470,22383,341087,False,False
O16556,C004,2026-05-10,오픈마켓,디지털,69446,2745,66701,False,False
O16557,C004,2026-05-10,오픈마켓,디지털,363070,11153,351917,False,False
O16558,C004,2026-05-10,오픈마켓,뷰티,278691,14485,264206,False,False
O16559,C004,2026-05-10,오픈마켓,생활용품,144785,5543,139242,False,False
O16560,C004,2026-05-10,오픈마켓,디지털,296970,14470,282500,False,False
O16561,C004,2026-05-10,오픈마켓,생활용품,391631,16508,375123,False,False
O16562,C005,2026-05-10,자사몰,식품,180468,10131,170337,False,False
O16563,C005,2026-05-10,자사몰,생활용품,101604,3153,98451,False,False
O16564,C005,2026-05-10,자사몰,뷰티,327797,23071,304726,False,True
O16565,C005,2026-05-10,자사몰,식품,264470,16996,247474,False,False
O16566,C005,2026-05-10,자사몰,생활용품,303538,11462,292076,False,False
O16567,C005,2026-05-10,자사몰,식품,34142,1915,32227,False,False
O16568,C005,2026-05-10,자사몰,식품,298419,18130,280289,False,False
O16569,C005,2026-05-10,자사몰,패션잡화,129987,9423,120564,False,False
O16570,C001,2026-05-11,자사몰,식품,115167,7651,107516,False,False
O16571,C001,2026-05-11,자사몰,식품,325038,21721,303317,False,False
O16572,C001,2026-05-11,자사몰,생활용품,275621,13639,261982,False,False
O16573,C001,2026-05-11,자사몰,패션잡화,345803,14602,331201,False,False
O16574,C001,2026-05-11,자사몰,식품,398709,28593,370116,False,False
O16575,C001,2026-05-11,자사몰,뷰티,174865,4921,169944,False,False
O16576,C002,2026-05-11,오픈마켓,식품,414342,22500,391842,False,False
O16577,C002,2026-05-11,오픈마켓,생활용품,417668,13621,404047,False,True
O16578,C002,2026-05-11,오픈마켓,뷰티,308029,21856,286173,False,False
O16579,C002,2026-05-11,오픈마켓,뷰티,103002,6125,96877,False,False
O16580,C002,2026-05-11,오픈마켓,패션잡화,149206,8772,140434,False,False
O16581,C002,2026-05-11,오픈마켓,디지털,90714,6359,84355,False,False
O16582,C002,2026-05-11,오픈마켓,뷰티,286991,9129,277862,False,False
O16583,C002,2026-05-11,오픈마켓,뷰티,301791,16131,285660,False,False
O16584,C003,2026-05-11,라이브,식품,279478,17469,262009,False,False
O16585,C003,2026-05-11,라이브,패션잡화,165998,12384,153614,False,False
O16586,C003,2026-05-11,라이브,디지털,415520,17387,398133,False,False
O16587,C003,2026-05-11,라이브,식품,257604,11246,246358,False,False
O16588,C003,2026-05-11,라이브,생활용품,306247,19911,286336,False,False
O16589,C004,2026-05-11,오픈마켓,디지털,54466,3179,51287,False,False
O16590,C004,2026-05-11,오픈마켓,디지털,367242,9749,357493,False,False
O16591,C004,2026-05-11,오픈마켓,패션잡화,270936,12328,258608,False,False
O16592,C004,2026-05-11,오픈마켓,뷰티,247346,8447,238899,False,False
O16593,C004,2026-05-11,오픈마켓,생활용품,173641,9520,164121,False,False
O16594,C004,2026-05-11,오픈마켓,뷰티,87934,6119,81815,False,False
O16595,C004,2026-05-11,오픈마켓,패션잡화,270228,7766,262462,False,False
O16596,C004,2026-05-11,오픈마켓,디지털,156254,5423,150831,False,False
O16597,C004,2026-05-11,오픈마켓,디지털,286971,15759,271212,False,False
O16598,C004,2026-05-11,오픈마켓,패션잡화,67675,3104,64571,False,False
O16599,C004,2026-05-11,오픈마켓,뷰티,246242,18392,227850,False,False
O16600,C004,2026-05-11,오픈마켓,뷰티,261500,9198,252302,False,False
O16601,C004,2026-05-11,오픈마켓,디지털,408787,25006,383781,False,False
O16602,C004,2026-05-11,오픈마켓,생활용품,176813,6901,169912,False,False
O16603,C005,2026-05-11,자사몰,디지털,189257,11982,177275,False,False
O16604,C005,2026-05-11,자사몰,디지털,329141,14463,314678,False,False
O16605,C005,2026-05-11,자사몰,패션잡화,289403,7761,281642,False,False
O16606,C005,2026-05-11,자사몰,뷰티,80689,5770,74919,False,False
O16607,C005,2026-05-11,자사몰,식품,348241,25040,323201,False,False
O16608,C005,2026-05-11,자사몰,생활용품,53948,2541,51407,False,False
O16609,C005,2026-05-11,자사몰,패션잡화,205858,13279,192579,False,False
O16610,C005,2026-05-11,자사몰,뷰티,226330,5731,220599,False,False
O16611,C005,2026-05-11,자사몰,뷰티,37451,2451,35000,False,False
O16612,C005,2026-05-11,자사몰,패션잡화,175685,10112,165573,False,False
O16613,C005,2026-05-11,자사몰,뷰티,403386,29176,374210,False,False
O16614,C005,2026-05-11,자사몰,식품,264982,9868,255114,False,False
O16615,C005,2026-05-11,자사몰,생활용품,215507,5773,209734,False,False
O16616,C005,2026-05-11,자사몰,뷰티,59976,4028,55948,False,False
O16617,C005,2026-05-11,자사몰,생활용품,129289,8195,121094,False,True
O16618,C001,2026-05-12,자사몰,생활용품,168437,11730,156707,False,False
O16619,C001,2026-05-12,자사몰,디지털,214232,15338,198894,False,False
O16620,C001,2026-05-12,자사몰,생활용품,136649,7870,128779,False,False
O16621,C001,2026-05-12,자사몰,식품,234480,13637,220843,False,False
O16622,C001,2026-05-12,자사몰,패션잡화,123836,5507,118329,False,False
O16623,C001,2026-05-12,자사몰,생활용품,93903,3219,90684,False,False
O16624,C001,2026-05-12,자사몰,패션잡화,382320,21589,360731,False,False
O16625,C001,2026-05-12,자사몰,뷰티,155899,8790,147109,False,False
O16626,C001,2026-05-12,자사몰,패션잡화,310804,11748,299056,False,False
O16627,C001,2026-05-12,자사몰,디지털,392747,19761,0,True,False
O16628,C002,2026-05-12,오픈마켓,생활용품,63058,2280,60778,False,False
O16629,C002,2026-05-12,오픈마켓,디지털,209145,7379,201766,False,False
O16630,C002,2026-05-12,오픈마켓,뷰티,48211,2487,45724,False,False
O16631,C002,2026-05-12,오픈마켓,디지털,146949,6201,140748,False,True
O16632,C002,2026-05-12,오픈마켓,디지털,66420,3815,62605,False,False
O16633,C002,2026-05-12,오픈마켓,생활용품,216630,10651,205979,False,False
O16634,C003,2026-05-12,라이브,식품,418864,11068,407796,False,False
O16635,C003,2026-05-12,라이브,패션잡화,256868,15424,241444,False,False
O16636,C003,2026-05-12,라이브,식품,129837,3497,126340,False,False
O16637,C003,2026-05-12,라이브,생활용품,82030,4274,77756,False,True
O16638,C003,2026-05-12,라이브,뷰티,307174,8394,298780,False,False
O16639,C003,2026-05-12,라이브,디지털,279209,14667,264542,False,False
O16640,C003,2026-05-12,라이브,뷰티,298561,9385,289176,False,True
O16641,C003,2026-05-12,라이브,생활용품,207686,7868,199818,False,False
O16642,C003,2026-05-12,라이브,뷰티,279781,13157,266624,False,False
O16643,C003,2026-05-12,라이브,뷰티,388371,10520,377851,False,False
O16644,C003,2026-05-12,라이브,패션잡화,373023,9627,363396,False,False
O16645,C003,2026-05-12,라이브,뷰티,415029,16600,398429,False,False
O16646,C004,2026-05-12,오픈마켓,식품,129721,3246,126475,False,True
O16647,C004,2026-05-12,오픈마켓,생활용품,410974,24536,386438,False,False
O16648,C004,2026-05-12,오픈마켓,생활용품,66557,2487,64070,False,False
O16649,C004,2026-05-12,오픈마켓,생활용품,380135,14866,365269,False,True
O16650,C004,2026-05-12,오픈마켓,디지털,356543,22285,334258,False,False
O16651,C004,2026-05-12,오픈마켓,뷰티,140272,6701,133571,False,False
O16652,C004,2026-05-12,오픈마켓,디지털,214510,8115,206395,False,False
O16653,C004,2026-05-12,오픈마켓,디지털,317952,13675,304277,False,False
O16654,C004,2026-05-12,오픈마켓,생활용품,336266,9686,326580,False,False
O16655,C005,2026-05-12,자사몰,패션잡화,133221,5245,127976,False,False
O16656,C005,2026-05-12,자사몰,디지털,221570,11423,210147,False,False
O16657,C005,2026-05-12,자사몰,디지털,416800,10618,406182,False,False
O16658,C005,2026-05-12,자사몰,식품,36834,1866,34968,False,False
O16659,C005,2026-05-12,자사몰,패션잡화,73795,3234,70561,False,False
O16660,C005,2026-05-12,자사몰,뷰티,319988,21115,298873,False,False
O16661,C005,2026-05-12,자사몰,디지털,126665,6487,120178,False,True
O16662,C005,2026-05-12,자사몰,생활용품,170285,6321,163964,False,False
O16663,C001,2026-05-13,자사몰,디지털,97197,5134,92063,False,False
O16664,C001,2026-05-13,자사몰,식품,191108,12091,179017,False,False
O16665,C001,2026-05-13,자사몰,디지털,265857,10904,254953,False,False
O16666,C001,2026-05-13,자사몰,뷰티,138085,5745,132340,False,False
O16667,C001,2026-05-13,자사몰,뷰티,226400,11623,214777,False,True
O16668,C001,2026-05-13,자사몰,패션잡화,275963,14011,261952,False,False
O16669,C002,2026-05-13,오픈마켓,뷰티,223104,11981,211123,False,False
O16670,C002,2026-05-13,오픈마켓,식품,357382,26727,330655,False,False
O16671,C002,2026-05-13,오픈마켓,디지털,64121,2207,61914,False,False
O16672,C002,2026-05-13,오픈마켓,패션잡화,145360,5799,139561,False,False
O16673,C002,2026-05-13,오픈마켓,패션잡화,78636,4748,73888,False,False
O16674,C002,2026-05-13,오픈마켓,뷰티,49932,3583,46349,False,False
O16675,C002,2026-05-13,오픈마켓,식품,207632,13384,194248,False,False
O16676,C002,2026-05-13,오픈마켓,식품,348683,16625,332058,False,False
O16677,C002,2026-05-13,오픈마켓,식품,236516,12643,223873,False,False
O16678,C002,2026-05-13,오픈마켓,디지털,239192,16207,0,True,False
O16679,C002,2026-05-13,오픈마켓,생활용품,311497,12923,298574,False,False
O16680,C002,2026-05-13,오픈마켓,식품,134467,4552,129915,False,False
O16681,C002,2026-05-13,오픈마켓,생활용품,294740,18146,276594,False,False
O16682,C002,2026-05-13,오픈마켓,생활용품,384813,19403,365410,False,False
O16683,C002,2026-05-13,오픈마켓,패션잡화,289027,15393,0,True,False
O16684,C002,2026-05-13,오픈마켓,디지털,129552,5645,123907,False,False
O16685,C003,2026-05-13,라이브,뷰티,276701,7764,268937,False,True
O16686,C003,2026-05-13,라이브,디지털,36073,1943,34130,False,False
O16687,C003,2026-05-13,라이브,생활용품,244299,12449,231850,False,False
O16688,C003,2026-05-13,라이브,디지털,158364,6958,151406,False,False
O16689,C003,2026-05-13,라이브,디지털,254306,11321,242985,False,False
O16690,C003,2026-05-13,라이브,패션잡화,145806,9922,135884,False,False
O16691,C003,2026-05-13,라이브,뷰티,70798,3614,67184,False,False
O16692,C003,2026-05-13,라이브,뷰티,330908,21738,309170,False,False
O16693,C003,2026-05-13,라이브,패션잡화,127635,4266,123369,False,False
O16694,C003,2026-05-13,라이브,디지털,152623,8837,143786,False,False
O16695,C003,2026-05-13,라이브,패션잡화,181573,12328,169245,False,False
O16696,C003,2026-05-13,라이브,식품,236783,13082,223701,False,False
O16697,C003,2026-05-13,라이브,식품,318604,8858,309746,False,False
O16698,C004,2026-05-13,오픈마켓,패션잡화,377344,27654,349690,False,False
O16699,C004,2026-05-13,오픈마켓,생활용품,365293,15333,349960,False,False
O16700,C004,2026-05-13,오픈마켓,뷰티,388758,21899,366859,False,False
O16701,C004,2026-05-13,오픈마켓,식품,210952,13770,197182,False,False
O16702,C004,2026-05-13,오픈마켓,패션잡화,218574,12326,206248,False,False
O16703,C004,2026-05-13,오픈마켓,식품,88640,5232,83408,False,False
O16704,C004,2026-05-13,오픈마켓,패션잡화,250550,12242,238308,False,False
O16705,C004,2026-05-13,오픈마켓,식품,269331,18935,250396,False,False
O16706,C004,2026-05-13,오픈마켓,식품,327548,21572,305976,False,False
O16707,C005,2026-05-13,자사몰,뷰티,33925,933,32992,False,False
O16708,C005,2026-05-13,자사몰,패션잡화,298526,12214,286312,False,False
O16709,C005,2026-05-13,자사몰,생활용품,357877,14638,343239,False,False
O16710,C005,2026-05-13,자사몰,뷰티,286710,17454,269256,False,False
O16711,C005,2026-05-13,자사몰,디지털,226045,7235,218810,False,True
O16712,C005,2026-05-13,자사몰,뷰티,251729,8592,243137,False,False
O16713,C005,2026-05-13,자사몰,식품,314133,11363,302770,False,False
O16714,C005,2026-05-13,자사몰,뷰티,75467,2269,73198,False,False
O16715,C005,2026-05-13,자사몰,패션잡화,222375,13266,209109,False,False
O16716,C005,2026-05-13,자사몰,식품,66643,3268,63375,False,False
O16717,C005,2026-05-13,자사몰,패션잡화,408069,11351,396718,False,False
O16718,C005,2026-05-13,자사몰,디지털,367641,20019,347622,False,False
O16719,C005,2026-05-13,자사몰,생활용품,91904,4414,87490,False,False
O16720,C001,2026-05-14,자사몰,뷰티,247283,7579,239704,False,False
O16721,C001,2026-05-14,자사몰,패션잡화,275425,19195,256230,False,False
O16722,C001,2026-05-14,자사몰,디지털,92102,2593,89509,False,False
O16723,C001,2026-05-14,자사몰,식품,339506,17847,321659,False,False
O16724,C001,2026-05-14,자사몰,식품,142197,7115,135082,False,True
O16725,C001,2026-05-14,자사몰,식품,54849,2745,52104,False,False
O16726,C001,2026-05-14,자사몰,패션잡화,234358,11607,222751,False,False
O16727,C001,2026-05-14,자사몰,식품,309822,18651,291171,False,False
O16728,C001,2026-05-14,자사몰,패션잡화,132110,7730,124380,False,False
O16729,C001,2026-05-14,자사몰,식품,196182,6402,189780,False,True
O16730,C001,2026-05-14,자사몰,패션잡화,333361,19578,313783,False,False
O16731,C001,2026-05-14,자사몰,뷰티,248798,9952,238846,False,False
O16732,C002,2026-05-14,오픈마켓,뷰티,46915,2410,44505,False,False
O16733,C002,2026-05-14,오픈마켓,패션잡화,44942,1247,43695,False,False
O16734,C002,2026-05-14,오픈마켓,디지털,180872,12521,168351,False,False
O16735,C002,2026-05-14,오픈마켓,디지털,318371,10066,308305,False,False
O16736,C002,2026-05-14,오픈마켓,생활용품,37614,2528,35086,False,False
O16737,C002,2026-05-14,오픈마켓,뷰티,325721,18210,307511,False,False
O16738,C002,2026-05-14,오픈마켓,생활용품,374781,25106,349675,False,False
O16739,C003,2026-05-14,라이브,뷰티,59305,2407,56898,False,False
O16740,C003,2026-05-14,라이브,디지털,96591,5485,91106,False,False
O16741,C003,2026-05-14,라이브,패션잡화,168368,5907,162461,False,False
O16742,C003,2026-05-14,라이브,식품,368688,19511,349177,False,False
O16743,C003,2026-05-14,라이브,디지털,317422,15318,0,True,False
O16744,C004,2026-05-14,오픈마켓,디지털,322829,12582,310247,False,False
O16745,C004,2026-05-14,오픈마켓,생활용품,136612,8302,128310,False,False
O16746,C004,2026-05-14,오픈마켓,식품,305108,12219,292889,False,False
O16747,C004,2026-05-14,오픈마켓,식품,151059,10803,140256,False,False
O16748,C004,2026-05-14,오픈마켓,뷰티,100868,2979,97889,False,False
O16749,C004,2026-05-14,오픈마켓,생활용품,58827,3436,55391,False,False
O16750,C004,2026-05-14,오픈마켓,패션잡화,385567,24051,361516,False,False
O16751,C004,2026-05-14,오픈마켓,식품,277540,8079,269461,False,False
O16752,C004,2026-05-14,오픈마켓,뷰티,169768,4804,164964,False,False
O16753,C004,2026-05-14,오픈마켓,디지털,85467,5559,79908,False,False
O16754,C004,2026-05-14,오픈마켓,뷰티,208032,15518,0,True,False
O16755,C004,2026-05-14,오픈마켓,디지털,317251,19269,297982,False,False
O16756,C004,2026-05-14,오픈마켓,뷰티,112891,3680,109211,False,False
O16757,C004,2026-05-14,오픈마켓,뷰티,416037,24491,391546,False,False
O16758,C004,2026-05-14,오픈마켓,식품,74346,4879,69467,False,False
O16759,C004,2026-05-14,오픈마켓,패션잡화,101899,2698,99201,False,False
O16760,C005,2026-05-14,자사몰,뷰티,46206,1537,44669,False,False
O16761,C005,2026-05-14,자사몰,식품,259124,11769,247355,False,False
O16762,C005,2026-05-14,자사몰,식품,199771,6291,193480,False,False
O16763,C005,2026-05-14,자사몰,생활용품,112484,6185,106299,False,False
O16764,C005,2026-05-14,자사몰,식품,60478,2985,57493,False,False
O16765,C005,2026-05-14,자사몰,생활용품,321017,12529,308488,False,False
O16766,C005,2026-05-14,자사몰,디지털,353747,21550,332197,False,False
O16767,C005,2026-05-14,자사몰,뷰티,330958,24697,306261,False,False
O16768,C005,2026-05-14,자사몰,식품,62304,3677,58627,False,True
O16769,C005,2026-05-14,자사몰,디지털,112739,6326,106413,False,False
O16770,C005,2026-05-14,자사몰,생활용품,374845,11039,363806,False,True
O16771,C005,2026-05-14,자사몰,뷰티,371102,15586,355516,False,False
O16772,C005,2026-05-14,자사몰,패션잡화,280034,14075,265959,False,False
O16773,C001,2026-05-15,자사몰,디지털,74140,4617,69523,False,False
O16774,C001,2026-05-15,자사몰,디지털,159118,11488,147630,False,False
O16775,C001,2026-05-15,자사몰,식품,182915,10908,172007,False,False
O16776,C001,2026-05-15,자사몰,식품,260813,17298,243515,False,False
O16777,C001,2026-05-15,자사몰,식품,180322,10161,170161,False,False
O16778,C001,2026-05-15,자사몰,식품,195482,8140,187342,False,False
O16779,C001,2026-05-15,자사몰,뷰티,310693,16363,294330,False,False
O16780,C001,2026-05-15,자사몰,디지털,167299,11234,156065,False,False
O16781,C001,2026-05-15,자사몰,패션잡화,237969,6410,231559,False,False
O16782,C001,2026-05-15,자사몰,뷰티,268019,14490,253529,False,False
O16783,C001,2026-05-15,자사몰,뷰티,318045,15599,302446,False,False
O16784,C001,2026-05-15,자사몰,뷰티,63962,4062,59900,False,False
O16785,C002,2026-05-15,오픈마켓,디지털,383885,12024,0,True,False
O16786,C002,2026-05-15,오픈마켓,식품,269963,8670,261293,False,False
O16787,C002,2026-05-15,오픈마켓,패션잡화,117444,4459,112985,False,False
O16788,C002,2026-05-15,오픈마켓,디지털,201567,8279,193288,False,False
O16789,C002,2026-05-15,오픈마켓,생활용품,313113,17682,295431,False,False
O16790,C002,2026-05-15,오픈마켓,생활용품,196844,8460,188384,False,True
O16791,C002,2026-05-15,오픈마켓,생활용품,130169,7585,122584,False,False
O16792,C002,2026-05-15,오픈마켓,패션잡화,35626,1016,34610,False,False
O16793,C002,2026-05-15,오픈마켓,패션잡화,47968,2602,45366,False,False
O16794,C002,2026-05-15,오픈마켓,생활용품,182584,13345,169239,False,True
O16795,C002,2026-05-15,오픈마켓,뷰티,212525,6601,205924,False,False
O16796,C002,2026-05-15,오픈마켓,생활용품,101463,4825,96638,False,False
O16797,C002,2026-05-15,오픈마켓,생활용품,253609,12228,241381,False,False
O16798,C002,2026-05-15,오픈마켓,디지털,56710,2897,53813,False,False
O16799,C002,2026-05-15,오픈마켓,뷰티,215553,13427,202126,False,False
O16800,C003,2026-05-15,라이브,패션잡화,37798,2209,35589,False,False
O16801,C003,2026-05-15,라이브,뷰티,335812,21509,314303,False,False
O16802,C003,2026-05-15,라이브,뷰티,165818,7581,158237,False,False
O16803,C003,2026-05-15,라이브,생활용품,340238,13942,326296,False,False
O16804,C003,2026-05-15,라이브,뷰티,173661,9583,164078,False,False
O16805,C003,2026-05-15,라이브,식품,352809,14915,337894,False,False
O16806,C003,2026-05-15,라이브,식품,335177,14316,320861,False,False
O16807,C003,2026-05-15,라이브,뷰티,339932,24543,315389,False,False
O16808,C003,2026-05-15,라이브,디지털,278502,19688,258814,False,False
O16809,C003,2026-05-15,라이브,뷰티,337426,23651,313775,False,False
O16810,C003,2026-05-15,라이브,디지털,337480,13513,323967,False,False
O16811,C003,2026-05-15,라이브,식품,49527,2886,46641,False,False
O16812,C003,2026-05-15,라이브,식품,42044,2524,39520,False,False
O16813,C004,2026-05-15,오픈마켓,식품,350679,18581,332098,False,False
O16814,C004,2026-05-15,오픈마켓,패션잡화,413577,12997,400580,False,False
O16815,C004,2026-05-15,오픈마켓,디지털,255181,7602,247579,False,False
O16816,C004,2026-05-15,오픈마켓,패션잡화,271773,12176,259597,False,False
O16817,C004,2026-05-15,오픈마켓,패션잡화,389491,19873,369618,False,False
O16818,C004,2026-05-15,오픈마켓,식품,273527,13652,259875,False,False
O16819,C004,2026-05-15,오픈마켓,패션잡화,288105,13802,274303,False,False
O16820,C005,2026-05-15,자사몰,뷰티,388246,27405,360841,False,False
O16821,C005,2026-05-15,자사몰,생활용품,118067,4023,114044,False,False
O16822,C005,2026-05-15,자사몰,뷰티,170060,12576,157484,False,False
O16823,C005,2026-05-15,자사몰,패션잡화,325493,15524,309969,False,False
O16824,C005,2026-05-15,자사몰,뷰티,209911,9032,200879,False,False
O16825,C005,2026-05-15,자사몰,패션잡화,68509,3253,65256,False,False
O16826,C005,2026-05-15,자사몰,식품,405703,27681,378022,False,False
O16827,C001,2026-05-16,자사몰,생활용품,207852,14766,0,True,False
O16828,C001,2026-05-16,자사몰,식품,287201,11944,275257,False,False
O16829,C001,2026-05-16,자사몰,디지털,173697,6275,167422,False,False
O16830,C001,2026-05-16,자사몰,디지털,137644,9650,127994,False,False
O16831,C001,2026-05-16,자사몰,디지털,183271,13004,170267,False,False
O16832,C002,2026-05-16,오픈마켓,디지털,285263,13699,271564,False,False
O16833,C002,2026-05-16,오픈마켓,뷰티,203526,10814,192712,False,False
O16834,C002,2026-05-16,오픈마켓,패션잡화,388064,21094,366970,False,False
O16835,C002,2026-05-16,오픈마켓,생활용품,154254,10589,143665,False,False
O16836,C002,2026-05-16,오픈마켓,디지털,38316,2255,36061,False,False
O16837,C002,2026-05-16,오픈마켓,생활용품,303395,13872,289523,False,False
O16838,C003,2026-05-16,라이브,식품,415995,30999,384996,False,False
O16839,C003,2026-05-16,라이브,패션잡화,85680,4642,81038,False,False
O16840,C003,2026-05-16,라이브,식품,335718,15725,319993,False,False
O16841,C003,2026-05-16,라이브,디지털,365729,21889,0,True,False
O16842,C003,2026-05-16,라이브,생활용품,378247,10174,368073,False,False
O16843,C004,2026-05-16,오픈마켓,디지털,98414,5448,92966,False,False
O16844,C004,2026-05-16,오픈마켓,패션잡화,215641,13195,202446,False,False
O16845,C004,2026-05-16,오픈마켓,디지털,72832,4046,68786,False,False
O16846,C004,2026-05-16,오픈마켓,식품,303667,11110,0,True,False
O16847,C005,2026-05-16,자사몰,패션잡화,257388,17996,239392,False,False
O16848,C005,2026-05-16,자사몰,생활용품,296729,15354,281375,False,False
O16849,C005,2026-05-16,자사몰,패션잡화,403735,26273,377462,False,False
O16850,C005,2026-05-16,자사몰,식품,138889,7342,131547,False,False
O16851,C001,2026-05-17,자사몰,패션잡화,336421,17584,318837,False,False
O16852,C001,2026-05-17,자사몰,뷰티,358649,17806,340843,False,False
O16853,C001,2026-05-17,자사몰,생활용품,406557,19619,386938,False,False
O16854,C001,2026-05-17,자사몰,생활용품,268815,19886,248929,False,False
O16855,C002,2026-05-17,오픈마켓,뷰티,99891,3434,96457,False,False
O16856,C002,2026-05-17,오픈마켓,생활용품,135129,5949,129180,False,False
O16857,C002,2026-05-17,오픈마켓,패션잡화,370473,12772,357701,False,False
O16858,C002,2026-05-17,오픈마켓,패션잡화,220504,12956,207548,False,False
O16859,C002,2026-05-17,오픈마켓,뷰티,124419,8215,116204,False,False
O16860,C002,2026-05-17,오픈마켓,식품,410054,28888,381166,False,False
O16861,C002,2026-05-17,오픈마켓,패션잡화,187328,5282,182046,False,False
O16862,C002,2026-05-17,오픈마켓,생활용품,114345,3089,111256,False,False
O16863,C002,2026-05-17,오픈마켓,식품,48510,1595,46915,False,False
O16864,C002,2026-05-17,오픈마켓,생활용품,125710,4368,121342,False,False
O16865,C002,2026-05-17,오픈마켓,뷰티,77836,2307,75529,False,True
O16866,C002,2026-05-17,오픈마켓,생활용품,58161,2577,55584,False,False
O16867,C002,2026-05-17,오픈마켓,식품,395281,24465,370816,False,False
O16868,C002,2026-05-17,오픈마켓,생활용품,370514,9670,360844,False,False
O16869,C002,2026-05-17,오픈마켓,패션잡화,277064,17590,259474,False,False
O16870,C002,2026-05-17,오픈마켓,식품,115037,4511,110526,False,False
O16871,C003,2026-05-17,라이브,식품,347108,21809,325299,False,False
O16872,C003,2026-05-17,라이브,패션잡화,40760,1558,39202,False,False
O16873,C003,2026-05-17,라이브,뷰티,227915,14228,213687,False,True
O16874,C003,2026-05-17,라이브,디지털,62951,2677,60274,False,False
O16875,C004,2026-05-17,오픈마켓,뷰티,376927,13974,362953,False,False
O16876,C004,2026-05-17,오픈마켓,패션잡화,265949,19792,246157,False,False
O16877,C004,2026-05-17,오픈마켓,뷰티,333894,14943,318951,False,False
O16878,C004,2026-05-17,오픈마켓,디지털,210460,11129,199331,False,False
O16879,C004,2026-05-17,오픈마켓,디지털,385553,19213,366340,False,False
O16880,C004,2026-05-17,오픈마켓,식품,288832,11860,276972,False,False
O16881,C004,2026-05-17,오픈마켓,식품,113634,3070,110564,False,False
O16882,C005,2026-05-17,자사몰,생활용품,164206,7001,157205,False,False
O16883,C005,2026-05-17,자사몰,생활용품,405393,12557,392836,False,False
O16884,C005,2026-05-17,자사몰,생활용품,360821,14145,346676,False,False
O16885,C005,2026-05-17,자사몰,패션잡화,132542,9484,123058,False,False
O16886,C005,2026-05-17,자사몰,생활용품,191139,5659,185480,False,True
O16887,C005,2026-05-17,자사몰,뷰티,125581,8599,116982,False,False
O16888,C005,2026-05-17,자사몰,생활용품,314884,14074,300810,False,False
O16889,C005,2026-05-17,자사몰,식품,361082,11840,349242,False,False
O16890,C001,2026-05-18,자사몰,생활용품,253155,13585,239570,False,False
O16891,C001,2026-05-18,자사몰,뷰티,189731,7113,182618,False,False
O16892,C001,2026-05-18,자사몰,식품,163339,11900,151439,False,True
O16893,C001,2026-05-18,자사몰,뷰티,250693,17002,233691,False,False
O16894,C001,2026-05-18,자사몰,생활용품,204498,14303,190195,False,False
O16895,C001,2026-05-18,자사몰,식품,273088,11990,261098,False,False
O16896,C001,2026-05-18,자사몰,뷰티,185548,8458,177090,False,False
O16897,C002,2026-05-18,오픈마켓,패션잡화,302172,16606,285566,False,False
O16898,C002,2026-05-18,오픈마켓,식품,165756,4202,161554,False,False
O16899,C002,2026-05-18,오픈마켓,생활용품,88168,6131,82037,False,False
O16900,C002,2026-05-18,오픈마켓,생활용품,192599,11935,180664,False,False
O16901,C002,2026-05-18,오픈마켓,디지털,254956,9858,245098,False,False
O16902,C002,2026-05-18,오픈마켓,패션잡화,213208,9787,203421,False,False
O16903,C002,2026-05-18,오픈마켓,패션잡화,205472,13200,192272,False,False
O16904,C002,2026-05-18,오픈마켓,뷰티,134257,5914,128343,False,False
O16905,C002,2026-05-18,오픈마켓,식품,282561,14463,268098,False,False
O16906,C002,2026-05-18,오픈마켓,디지털,194750,10328,184422,False,False
O16907,C002,2026-05-18,오픈마켓,패션잡화,102348,3777,98571,False,False
O16908,C002,2026-05-18,오픈마켓,생활용품,135645,9229,126416,False,False
O16909,C002,2026-05-18,오픈마켓,디지털,41324,2234,39090,False,False
O16910,C002,2026-05-18,오픈마켓,패션잡화,258475,7328,251147,False,False
O16911,C002,2026-05-18,오픈마켓,식품,325502,22691,302811,False,False
O16912,C003,2026-05-18,라이브,식품,46809,1496,45313,False,False
O16913,C003,2026-05-18,라이브,식품,414502,13338,401164,False,False
O16914,C003,2026-05-18,라이브,디지털,231452,8491,222961,False,False
O16915,C003,2026-05-18,라이브,생활용품,56562,3564,52998,False,False
O16916,C003,2026-05-18,라이브,생활용품,167381,9562,157819,False,False
O16917,C003,2026-05-18,라이브,디지털,74084,3645,70439,False,False
O16918,C003,2026-05-18,라이브,생활용품,230027,7864,222163,False,True
O16919,C003,2026-05-18,라이브,디지털,115971,4017,0,True,False
O16920,C003,2026-05-18,라이브,디지털,99330,5182,94148,False,False
O16921,C003,2026-05-18,라이브,생활용품,368590,18346,350244,False,False
O16922,C003,2026-05-18,라이브,식품,159787,5542,154245,False,True
O16923,C003,2026-05-18,라이브,뷰티,101152,6709,94443,False,False
O16924,C003,2026-05-18,라이브,생활용품,105189,5323,99866,False,False
O16925,C003,2026-05-18,라이브,식품,146536,7954,138582,False,False
O16926,C004,2026-05-18,오픈마켓,뷰티,217621,14811,202810,False,False
O16927,C004,2026-05-18,오픈마켓,식품,219896,9706,210190,False,False
O16928,C004,2026-05-18,오픈마켓,뷰티,89416,6191,83225,False,False
O16929,C004,2026-05-18,오픈마켓,디지털,318642,23077,295565,False,False
O16930,C004,2026-05-18,오픈마켓,패션잡화,364181,25036,339145,False,False
O16931,C004,2026-05-18,오픈마켓,디지털,316878,13785,303093,False,False
O16932,C004,2026-05-18,오픈마켓,디지털,275699,16961,258738,False,False
O16933,C005,2026-05-18,자사몰,디지털,317041,14952,302089,False,False
O16934,C005,2026-05-18,자사몰,식품,32296,1520,30776,False,False
O16935,C005,2026-05-18,자사몰,식품,382367,16782,365585,False,False
O16936,C005,2026-05-18,자사몰,디지털,282121,10852,271269,False,False
O16937,C005,2026-05-18,자사몰,생활용품,395917,28567,367350,False,False
O16938,C005,2026-05-18,자사몰,패션잡화,293977,10748,283229,False,False
O16939,C005,2026-05-18,자사몰,생활용품,369891,25988,343903,False,False
O16940,C005,2026-05-18,자사몰,패션잡화,220680,10629,210051,False,False
O16941,C005,2026-05-18,자사몰,디지털,345838,9695,336143,False,False
O16942,C005,2026-05-18,자사몰,뷰티,180642,13081,167561,False,False
O16943,C005,2026-05-18,자사몰,뷰티,131575,5546,126029,False,False
O16944,C005,2026-05-18,자사몰,디지털,48340,1253,0,True,False
O16945,C001,2026-05-19,자사몰,뷰티,102698,7275,95423,False,False
O16946,C001,2026-05-19,자사몰,식품,133415,4245,0,True,False
O16947,C001,2026-05-19,자사몰,생활용품,150139,10043,140096,False,False
O16948,C001,2026-05-19,자사몰,뷰티,75320,3433,71887,False,False
O16949,C001,2026-05-19,자사몰,식품,219975,11502,208473,False,False
O16950,C001,2026-05-19,자사몰,패션잡화,119084,7830,111254,False,False
O16951,C001,2026-05-19,자사몰,뷰티,232247,12213,220034,False,False
O16952,C002,2026-05-19,오픈마켓,식품,347703,19600,328103,False,False
O16953,C002,2026-05-19,오픈마켓,생활용품,180182,5447,174735,False,False
O16954,C002,2026-05-19,오픈마켓,뷰티,246294,16002,230292,False,False
O16955,C002,2026-05-19,오픈마켓,디지털,347598,15284,332314,False,False
O16956,C002,2026-05-19,오픈마켓,패션잡화,379026,14635,364391,False,False
O16957,C002,2026-05-19,오픈마켓,패션잡화,346795,13835,332960,False,False
O16958,C002,2026-05-19,오픈마켓,생활용품,415815,14360,401455,False,False
O16959,C002,2026-05-19,오픈마켓,뷰티,270792,8974,261818,False,False
O16960,C002,2026-05-19,오픈마켓,디지털,162676,9840,152836,False,False
O16961,C002,2026-05-19,오픈마켓,패션잡화,41775,1696,40079,False,False
O16962,C003,2026-05-19,라이브,디지털,60855,3531,57324,False,False
O16963,C003,2026-05-19,라이브,식품,251604,11014,240590,False,False
O16964,C003,2026-05-19,라이브,뷰티,135139,6301,128838,False,False
O16965,C003,2026-05-19,라이브,식품,64287,4431,59856,False,False
O16966,C003,2026-05-19,라이브,식품,136998,7798,0,True,False
O16967,C003,2026-05-19,라이브,생활용품,118353,6014,112339,False,False
O16968,C003,2026-05-19,라이브,디지털,41398,1889,39509,False,False
O16969,C003,2026-05-19,라이브,식품,405749,22278,383471,False,False
O16970,C003,2026-05-19,라이브,생활용품,390715,24723,365992,False,False
O16971,C004,2026-05-19,오픈마켓,패션잡화,154282,5549,148733,False,False
O16972,C004,2026-05-19,오픈마켓,패션잡화,106260,6297,99963,False,False
O16973,C004,2026-05-19,오픈마켓,디지털,398715,28616,370099,False,False
O16974,C004,2026-05-19,오픈마켓,디지털,408959,24144,384815,False,False
O16975,C004,2026-05-19,오픈마켓,생활용품,42498,1871,40627,False,False
O16976,C004,2026-05-19,오픈마켓,식품,168380,11212,157168,False,False
O16977,C005,2026-05-19,자사몰,생활용품,90095,5565,84530,False,False
O16978,C005,2026-05-19,자사몰,패션잡화,245083,16163,228920,False,False
O16979,C005,2026-05-19,자사몰,뷰티,365062,15446,349616,False,False
O16980,C005,2026-05-19,자사몰,뷰티,180537,13225,167312,False,False
O16981,C005,2026-05-19,자사몰,패션잡화,392680,26381,366299,False,False
O16982,C005,2026-05-19,자사몰,뷰티,314365,18576,0,True,False
O16983,C005,2026-05-19,자사몰,뷰티,416443,18040,398403,False,False
O16984,C005,2026-05-19,자사몰,패션잡화,135076,9273,125803,False,False
O16985,C005,2026-05-19,자사몰,디지털,342258,16953,325305,False,False
O16986,C001,2026-05-20,자사몰,식품,313485,20631,292854,False,False
O16987,C001,2026-05-20,자사몰,생활용품,233441,16867,216574,False,False
O16988,C001,2026-05-20,자사몰,뷰티,161832,8441,153391,False,False
O16989,C001,2026-05-20,자사몰,식품,322893,18006,304887,False,False
O16990,C001,2026-05-20,자사몰,패션잡화,50046,2688,47358,False,False
O16991,C001,2026-05-20,자사몰,뷰티,409759,22713,387046,False,False
O16992,C001,2026-05-20,자사몰,디지털,343753,19119,324634,False,True
O16993,C001,2026-05-20,자사몰,생활용품,187121,6602,180519,False,False
O16994,C001,2026-05-20,자사몰,식품,315626,14086,301540,False,False
O16995,C001,2026-05-20,자사몰,패션잡화,287555,8400,279155,False,False
O16996,C001,2026-05-20,자사몰,생활용품,274391,12233,262158,False,False
O16997,C001,2026-05-20,자사몰,패션잡화,45644,1685,43959,False,False
O16998,C002,2026-05-20,오픈마켓,디지털,351385,11459,339926,False,False
O16999,C002,2026-05-20,오픈마켓,생활용품,208448,8144,200304,False,False
O17000,C002,2026-05-20,오픈마켓,뷰티,170049,5050,0,True,False
O17001,C002,2026-05-20,오픈마켓,식품,368008,27451,340557,False,True
O17002,C002,2026-05-20,오픈마켓,생활용품,282256,11116,271140,False,False
O17003,C002,2026-05-20,오픈마켓,식품,272565,16931,255634,False,False
O17004,C002,2026-05-20,오픈마켓,디지털,87218,3331,83887,False,False
O17005,C002,2026-05-20,오픈마켓,패션잡화,153039,7301,145738,False,False
O17006,C003,2026-05-20,라이브,생활용품,248809,9758,239051,False,False
O17007,C003,2026-05-20,라이브,식품,54468,4040,50428,False,False
O17008,C003,2026-05-20,라이브,뷰티,212711,9247,203464,False,False
O17009,C003,2026-05-20,라이브,디지털,300242,22381,277861,False,False
O17010,C003,2026-05-20,라이브,식품,60294,2348,57946,False,False
O17011,C003,2026-05-20,라이브,패션잡화,148066,7543,140523,False,False
O17012,C003,2026-05-20,라이브,디지털,154501,7444,147057,False,False
O17013,C003,2026-05-20,라이브,식품,224659,6145,218514,False,True
O17014,C003,2026-05-20,라이브,뷰티,382511,23515,358996,False,False
O17015,C003,2026-05-20,라이브,생활용품,276465,17774,258691,False,False
O17016,C004,2026-05-20,오픈마켓,패션잡화,285697,19145,266552,False,False
O17017,C004,2026-05-20,오픈마켓,뷰티,311645,21725,289920,False,False
O17018,C004,2026-05-20,오픈마켓,디지털,46058,2059,43999,False,False
O17019,C004,2026-05-20,오픈마켓,식품,204421,9167,195254,False,False
O17020,C004,2026-05-20,오픈마켓,디지털,158976,11586,147390,False,False
O17021,C004,2026-05-20,오픈마켓,패션잡화,245250,15373,229877,False,False
O17022,C004,2026-05-20,오픈마켓,생활용품,125294,7222,118072,False,False
O17023,C004,2026-05-20,오픈마켓,식품,196545,13335,183210,False,False
O17024,C004,2026-05-20,오픈마켓,패션잡화,48521,2988,45533,False,False
O17025,C004,2026-05-20,오픈마켓,식품,56737,3277,53460,False,False
O17026,C004,2026-05-20,오픈마켓,패션잡화,51526,3395,48131,False,False
O17027,C004,2026-05-20,오픈마켓,패션잡화,204821,8708,196113,False,False
O17028,C005,2026-05-20,자사몰,뷰티,228775,10098,218677,False,False
O17029,C005,2026-05-20,자사몰,패션잡화,373739,20810,352929,False,False
O17030,C005,2026-05-20,자사몰,디지털,32662,2217,30445,False,False
O17031,C005,2026-05-20,자사몰,패션잡화,378564,12104,366460,False,False
O17032,C005,2026-05-20,자사몰,식품,46963,3279,43684,False,True
O17033,C001,2026-05-21,자사몰,식품,252673,12979,239694,False,False
O17034,C001,2026-05-21,자사몰,식품,107389,3163,104226,False,False
O17035,C001,2026-05-21,자사몰,패션잡화,90479,2933,87546,False,False
O17036,C001,2026-05-21,자사몰,디지털,302921,9588,293333,False,False
O17037,C001,2026-05-21,자사몰,식품,265174,8843,256331,False,False
O17038,C001,2026-05-21,자사몰,식품,228933,12319,216614,False,False
O17039,C001,2026-05-21,자사몰,뷰티,359403,19453,339950,False,False
O17040,C001,2026-05-21,자사몰,디지털,327199,22575,304624,False,False
O17041,C001,2026-05-21,자사몰,디지털,231774,6698,225076,False,False
O17042,C002,2026-05-21,오픈마켓,패션잡화,367576,18998,348578,False,False
O17043,C002,2026-05-21,오픈마켓,생활용품,116536,4751,111785,False,False
O17044,C002,2026-05-21,오픈마켓,식품,363803,26478,337325,False,False
O17045,C002,2026-05-21,오픈마켓,뷰티,283685,15098,268587,False,False
O17046,C002,2026-05-21,오픈마켓,식품,295497,17418,278079,False,False
O17047,C002,2026-05-21,오픈마켓,식품,181631,6546,175085,False,False
O17048,C002,2026-05-21,오픈마켓,패션잡화,369862,24325,0,True,False
O17049,C002,2026-05-21,오픈마켓,생활용품,411174,13517,397657,False,False
O17050,C002,2026-05-21,오픈마켓,디지털,222626,13603,209023,False,False
O17051,C002,2026-05-21,오픈마켓,뷰티,160213,6792,153421,False,False
O17052,C003,2026-05-21,라이브,뷰티,104475,3239,101236,False,False
O17053,C003,2026-05-21,라이브,패션잡화,252736,16449,236287,False,False
O17054,C003,2026-05-21,라이브,디지털,375487,27929,347558,False,False
O17055,C003,2026-05-21,라이브,생활용품,385051,10317,374734,False,False
O17056,C003,2026-05-21,라이브,생활용품,151232,7893,143339,False,True
O17057,C003,2026-05-21,라이브,디지털,264243,13159,251084,False,False
O17058,C003,2026-05-21,라이브,생활용품,374522,26534,347988,False,False
O17059,C003,2026-05-21,라이브,디지털,53621,2656,50965,False,False
O17060,C003,2026-05-21,라이브,뷰티,384753,26692,358061,False,False
O17061,C003,2026-05-21,라이브,생활용품,116771,8334,108437,False,False
O17062,C004,2026-05-21,오픈마켓,식품,204851,7968,196883,False,False
O17063,C004,2026-05-21,오픈마켓,식품,110657,5857,104800,False,False
O17064,C004,2026-05-21,오픈마켓,생활용품,137886,7818,130068,False,False
O17065,C004,2026-05-21,오픈마켓,뷰티,119206,5532,113674,False,False
O17066,C004,2026-05-21,오픈마켓,디지털,208561,12776,195785,False,False
O17067,C004,2026-05-21,오픈마켓,식품,61972,1880,60092,False,False
O17068,C004,2026-05-21,오픈마켓,패션잡화,281284,8167,273117,False,False
O17069,C004,2026-05-21,오픈마켓,식품,390235,15165,375070,False,False
O17070,C004,2026-05-21,오픈마켓,디지털,317445,21662,295783,False,True
O17071,C004,2026-05-21,오픈마켓,패션잡화,138421,9666,128755,False,False
O17072,C004,2026-05-21,오픈마켓,생활용품,142125,4401,137724,False,False
O17073,C004,2026-05-21,오픈마켓,디지털,157286,10834,146452,False,False
O17074,C004,2026-05-21,오픈마켓,식품,37418,2711,34707,False,False
O17075,C004,2026-05-21,오픈마켓,뷰티,395839,15379,380460,False,False
O17076,C004,2026-05-21,오픈마켓,뷰티,222442,9625,212817,False,False
O17077,C004,2026-05-21,오픈마켓,생활용품,323008,18472,304536,False,False
O17078,C005,2026-05-21,자사몰,패션잡화,375590,27770,347820,False,False
O17079,C005,2026-05-21,자사몰,디지털,195432,10943,184489,False,False
O17080,C005,2026-05-21,자사몰,패션잡화,90408,2725,0,True,False
O17081,C005,2026-05-21,자사몰,식품,246033,7688,238345,False,False
O17082,C005,2026-05-21,자사몰,생활용품,337705,16433,321272,False,False
O17083,C005,2026-05-21,자사몰,생활용품,120475,7609,112866,False,False
O17084,C005,2026-05-21,자사몰,디지털,57414,2648,54766,False,True
O17085,C005,2026-05-21,자사몰,생활용품,148437,8780,139657,False,False
O17086,C005,2026-05-21,자사몰,디지털,101026,4564,96462,False,False
O17087,C005,2026-05-21,자사몰,생활용품,369547,18685,350862,False,False
O17088,C005,2026-05-21,자사몰,패션잡화,143081,6236,136845,False,False
O17089,C005,2026-05-21,자사몰,식품,117237,7657,109580,False,False
O17090,C005,2026-05-21,자사몰,뷰티,42503,2008,40495,False,False
O17091,C005,2026-05-21,자사몰,생활용품,416622,13585,403037,False,False
O17092,C005,2026-05-21,자사몰,디지털,124611,9093,115518,False,False
O17093,C001,2026-05-22,자사몰,생활용품,411365,16121,395244,False,False
O17094,C001,2026-05-22,자사몰,패션잡화,245591,7632,237959,False,False
O17095,C001,2026-05-22,자사몰,패션잡화,364081,18359,345722,False,False
O17096,C001,2026-05-22,자사몰,디지털,331877,24227,307650,False,False
O17097,C001,2026-05-22,자사몰,식품,237410,16767,220643,False,False
O17098,C001,2026-05-22,자사몰,식품,201926,13248,0,True,False
O17099,C001,2026-05-22,자사몰,뷰티,165128,5126,160002,False,False
O17100,C001,2026-05-22,자사몰,식품,153271,8396,144875,False,False
O17101,C001,2026-05-22,자사몰,식품,36404,2358,34046,False,False
O17102,C001,2026-05-22,자사몰,패션잡화,137168,7942,129226,False,False
O17103,C001,2026-05-22,자사몰,뷰티,108798,6501,102297,False,False
O17104,C001,2026-05-22,자사몰,디지털,146740,5763,140977,False,False
O17105,C001,2026-05-22,자사몰,식품,123154,3612,119542,False,True
O17106,C002,2026-05-22,오픈마켓,패션잡화,174634,4958,169676,False,False
O17107,C002,2026-05-22,오픈마켓,패션잡화,360636,26277,334359,False,True
O17108,C002,2026-05-22,오픈마켓,뷰티,193953,12835,181118,False,False
O17109,C002,2026-05-22,오픈마켓,패션잡화,293929,13979,279950,False,False
O17110,C002,2026-05-22,오픈마켓,생활용품,130410,7361,123049,False,False
O17111,C002,2026-05-22,오픈마켓,뷰티,224339,14944,209395,False,False
O17112,C002,2026-05-22,오픈마켓,디지털,310842,19428,291414,False,False
O17113,C002,2026-05-22,오픈마켓,식품,407291,24630,382661,False,True
O17114,C002,2026-05-22,오픈마켓,생활용품,222182,12230,209952,False,False
O17115,C002,2026-05-22,오픈마켓,패션잡화,388357,26754,361603,False,False
O17116,C002,2026-05-22,오픈마켓,생활용품,381086,12504,368582,False,False
O17117,C002,2026-05-22,오픈마켓,뷰티,143367,6935,136432,False,False
O17118,C002,2026-05-22,오픈마켓,식품,197787,12952,184835,False,False
O17119,C002,2026-05-22,오픈마켓,생활용품,318101,21947,296154,False,False
O17120,C002,2026-05-22,오픈마켓,식품,141169,6430,134739,False,False
O17121,C003,2026-05-22,라이브,식품,50389,3111,47278,False,False
O17122,C003,2026-05-22,라이브,생활용품,286970,13296,273674,False,False
O17123,C003,2026-05-22,라이브,생활용품,208668,14016,194652,False,False
O17124,C003,2026-05-22,라이브,생활용품,256420,13795,242625,False,False
O17125,C003,2026-05-22,라이브,디지털,185623,4983,180640,False,True
O17126,C003,2026-05-22,라이브,생활용품,325615,17694,307921,False,False
O17127,C003,2026-05-22,라이브,패션잡화,47805,2412,45393,False,False
O17128,C003,2026-05-22,라이브,생활용품,59993,2802,57191,False,False
O17129,C003,2026-05-22,라이브,디지털,271946,13537,258409,False,False
O17130,C003,2026-05-22,라이브,식품,374988,16367,358621,False,False
O17131,C003,2026-05-22,라이브,패션잡화,270733,18589,252144,False,False
O17132,C003,2026-05-22,라이브,식품,336637,13034,323603,False,False
O17133,C004,2026-05-22,오픈마켓,생활용품,257071,12244,244827,False,False
O17134,C004,2026-05-22,오픈마켓,패션잡화,124812,5032,119780,False,False
O17135,C004,2026-05-22,오픈마켓,식품,284307,15665,268642,False,False
O17136,C004,2026-05-22,오픈마켓,뷰티,151732,10466,141266,False,False
O17137,C004,2026-05-22,오픈마켓,디지털,293524,15985,277539,False,False
O17138,C004,2026-05-22,오픈마켓,패션잡화,268667,9118,259549,False,False
O17139,C004,2026-05-22,오픈마켓,생활용품,247697,6332,241365,False,False
O17140,C004,2026-05-22,오픈마켓,식품,211318,12141,199177,False,False
O17141,C004,2026-05-22,오픈마켓,디지털,367566,10226,357340,False,False
O17142,C004,2026-05-22,오픈마켓,디지털,364837,16446,348391,False,False
O17143,C004,2026-05-22,오픈마켓,식품,396138,14990,381148,False,False
O17144,C005,2026-05-22,자사몰,패션잡화,300785,10577,290208,False,False
O17145,C005,2026-05-22,자사몰,생활용품,129196,5387,123809,False,False
O17146,C005,2026-05-22,자사몰,생활용품,175193,11644,163549,False,False
O17147,C005,2026-05-22,자사몰,디지털,217735,7106,210629,False,False
O17148,C001,2026-05-23,자사몰,식품,343366,25422,317944,False,False
O17149,C001,2026-05-23,자사몰,뷰티,414404,25086,389318,False,False
O17150,C001,2026-05-23,자사몰,생활용품,125206,8220,116986,False,False
O17151,C001,2026-05-23,자사몰,패션잡화,347452,17886,329566,False,False
O17152,C001,2026-05-23,자사몰,생활용품,325631,17955,307676,False,False
O17153,C001,2026-05-23,자사몰,뷰티,251018,14359,236659,False,False
O17154,C001,2026-05-23,자사몰,식품,38474,1038,37436,False,False
O17155,C001,2026-05-23,자사몰,식품,347501,9036,338465,False,False
O17156,C001,2026-05-23,자사몰,패션잡화,408773,14340,394433,False,False
O17157,C002,2026-05-23,오픈마켓,뷰티,385826,28436,357390,False,False
O17158,C002,2026-05-23,오픈마켓,뷰티,45963,2109,43854,False,False
O17159,C002,2026-05-23,오픈마켓,패션잡화,90987,4811,86176,False,False
O17160,C002,2026-05-23,오픈마켓,패션잡화,205997,6747,0,True,False
O17161,C002,2026-05-23,오픈마켓,디지털,211549,7272,204277,False,False
O17162,C002,2026-05-23,오픈마켓,디지털,301843,11983,289860,False,False
O17163,C002,2026-05-23,오픈마켓,뷰티,248563,6746,241817,False,False
O17164,C002,2026-05-23,오픈마켓,디지털,293103,13651,279452,False,False
O17165,C002,2026-05-23,오픈마켓,패션잡화,151493,8869,142624,False,False
O17166,C003,2026-05-23,라이브,생활용품,295272,16387,278885,False,False
O17167,C003,2026-05-23,라이브,식품,416886,20905,395981,False,False
O17168,C003,2026-05-23,라이브,생활용품,191055,8163,182892,False,False
O17169,C003,2026-05-23,라이브,패션잡화,262996,18057,244939,False,False
O17170,C003,2026-05-23,라이브,디지털,83843,6024,77819,False,False
O17171,C003,2026-05-23,라이브,뷰티,42503,2147,40356,False,False
O17172,C003,2026-05-23,라이브,생활용품,259729,18150,241579,False,False
O17173,C003,2026-05-23,라이브,생활용품,227268,13348,213920,False,False
O17174,C003,2026-05-23,라이브,식품,94886,4718,90168,False,False
O17175,C003,2026-05-23,라이브,뷰티,247082,9393,237689,False,False
O17176,C004,2026-05-23,오픈마켓,뷰티,392663,12449,380214,False,False
O17177,C004,2026-05-23,오픈마켓,생활용품,371246,15350,355896,False,False
O17178,C004,2026-05-23,오픈마켓,식품,120833,3027,117806,False,False
O17179,C004,2026-05-23,오픈마켓,식품,119175,7330,111845,False,True
O17180,C004,2026-05-23,오픈마켓,식품,419445,16958,402487,False,False
O17181,C004,2026-05-23,오픈마켓,생활용품,241396,12276,229120,False,False
O17182,C004,2026-05-23,오픈마켓,생활용품,323979,18460,305519,False,False
O17183,C005,2026-05-23,자사몰,생활용품,296873,9326,0,True,False
O17184,C005,2026-05-23,자사몰,패션잡화,50407,1655,48752,False,False
O17185,C005,2026-05-23,자사몰,디지털,121837,5959,0,True,False
O17186,C005,2026-05-23,자사몰,식품,124442,8397,116045,False,True
O17187,C005,2026-05-23,자사몰,패션잡화,283383,7832,275551,False,False
O17188,C005,2026-05-23,자사몰,생활용품,400081,17866,382215,False,False
O17189,C005,2026-05-23,자사몰,패션잡화,248414,18249,230165,False,False
O17190,C005,2026-05-23,자사몰,뷰티,326424,21534,304890,False,False
O17191,C005,2026-05-23,자사몰,생활용품,104337,4994,99343,False,False
O17192,C005,2026-05-23,자사몰,디지털,279073,20453,258620,False,False
O17193,C005,2026-05-23,자사몰,뷰티,323922,9929,313993,False,False
O17194,C005,2026-05-23,자사몰,식품,330456,11434,319022,False,False
O17195,C001,2026-05-24,자사몰,뷰티,67013,2476,64537,False,False
O17196,C001,2026-05-24,자사몰,식품,284324,7694,276630,False,False
O17197,C001,2026-05-24,자사몰,패션잡화,375943,13244,362699,False,False
O17198,C001,2026-05-24,자사몰,식품,179224,13044,166180,False,False
O17199,C001,2026-05-24,자사몰,생활용품,412665,27920,384745,False,False
O17200,C001,2026-05-24,자사몰,생활용품,416890,30141,386749,False,False
O17201,C001,2026-05-24,자사몰,뷰티,159448,11197,148251,False,False
O17202,C001,2026-05-24,자사몰,뷰티,47516,3106,44410,False,False
O17203,C001,2026-05-24,자사몰,생활용품,237382,12565,224817,False,False
O17204,C001,2026-05-24,자사몰,패션잡화,339937,22947,316990,False,False
O17205,C001,2026-05-24,자사몰,생활용품,378573,16266,362307,False,False
O17206,C001,2026-05-24,자사몰,패션잡화,379307,11957,367350,False,False
O17207,C002,2026-05-24,오픈마켓,디지털,256466,9055,247411,False,True
O17208,C002,2026-05-24,오픈마켓,식품,157328,5263,152065,False,False
O17209,C002,2026-05-24,오픈마켓,디지털,379088,27565,351523,False,False
O17210,C002,2026-05-24,오픈마켓,생활용품,381291,24546,356745,False,True
O17211,C002,2026-05-24,오픈마켓,식품,108800,3476,105324,False,False
O17212,C002,2026-05-24,오픈마켓,생활용품,357474,20448,337026,False,False
O17213,C002,2026-05-24,오픈마켓,디지털,188387,5045,183342,False,True
O17214,C002,2026-05-24,오픈마켓,뷰티,407873,12484,395389,False,False
O17215,C002,2026-05-24,오픈마켓,식품,386425,12340,374085,False,False
O17216,C002,2026-05-24,오픈마켓,생활용품,127190,8270,118920,False,False
O17217,C002,2026-05-24,오픈마켓,식품,194057,9537,184520,False,False
O17218,C002,2026-05-24,오픈마켓,디지털,349990,10815,339175,False,False
O17219,C002,2026-05-24,오픈마켓,뷰티,50557,3620,46937,False,False
O17220,C003,2026-05-24,라이브,생활용품,103851,4040,99811,False,False
O17221,C003,2026-05-24,라이브,패션잡화,50962,1447,49515,False,False
O17222,C003,2026-05-24,라이브,디지털,345803,11848,333955,False,False
O17223,C003,2026-05-24,라이브,뷰티,65510,3984,61526,False,False
O17224,C003,2026-05-24,라이브,뷰티,106270,6954,99316,False,False
O17225,C003,2026-05-24,라이브,뷰티,283988,15026,268962,False,False
O17226,C003,2026-05-24,라이브,디지털,344226,20750,323476,False,False
O17227,C003,2026-05-24,라이브,생활용품,76165,3541,72624,False,False
O17228,C003,2026-05-24,라이브,뷰티,136128,6727,129401,False,False
O17229,C003,2026-05-24,라이브,뷰티,113982,4063,109919,False,False
O17230,C003,2026-05-24,라이브,식품,225979,6370,219609,False,True
O17231,C003,2026-05-24,라이브,식품,329864,22270,307594,False,False
O17232,C003,2026-05-24,라이브,패션잡화,366755,25708,341047,False,False
O17233,C003,2026-05-24,라이브,패션잡화,51942,2538,49404,False,False
O17234,C003,2026-05-24,라이브,생활용품,346498,9951,336547,False,False
O17235,C004,2026-05-24,오픈마켓,뷰티,376482,21903,354579,False,False
O17236,C004,2026-05-24,오픈마켓,식품,42372,2019,40353,False,False
O17237,C004,2026-05-24,오픈마켓,디지털,286116,20741,265375,False,False
O17238,C004,2026-05-24,오픈마켓,생활용품,380236,10160,370076,False,False
O17239,C004,2026-05-24,오픈마켓,생활용품,341565,22333,0,True,False
O17240,C004,2026-05-24,오픈마켓,패션잡화,94353,2960,91393,False,False
O17241,C004,2026-05-24,오픈마켓,패션잡화,246611,18137,228474,False,False
O17242,C004,2026-05-24,오픈마켓,식품,102311,3547,98764,False,False
O17243,C004,2026-05-24,오픈마켓,패션잡화,255849,8119,247730,False,False
O17244,C004,2026-05-24,오픈마켓,뷰티,368917,15347,353570,False,False
O17245,C004,2026-05-24,오픈마켓,디지털,394974,15006,379968,False,False
O17246,C004,2026-05-24,오픈마켓,디지털,39895,1776,38119,False,False
O17247,C004,2026-05-24,오픈마켓,패션잡화,61238,2107,59131,False,False
O17248,C004,2026-05-24,오픈마켓,생활용품,395698,23598,372100,False,False
O17249,C005,2026-05-24,자사몰,생활용품,197510,6105,0,True,False
O17250,C005,2026-05-24,자사몰,식품,333525,20594,312931,False,False
O17251,C005,2026-05-24,자사몰,뷰티,186801,10560,176241,False,False
O17252,C005,2026-05-24,자사몰,생활용품,269671,19835,249836,False,False
O17253,C005,2026-05-24,자사몰,생활용품,123427,8990,114437,False,False
O17254,C005,2026-05-24,자사몰,디지털,36523,2114,34409,False,False
O17255,C005,2026-05-24,자사몰,뷰티,341663,14514,327149,False,True
O17256,C005,2026-05-24,자사몰,생활용품,359726,20279,339447,False,False
O17257,C005,2026-05-24,자사몰,식품,212268,8395,203873,False,False
O17258,C001,2026-05-25,자사몰,패션잡화,152355,8648,143707,False,False
O17259,C001,2026-05-25,자사몰,식품,200536,5151,195385,False,False
O17260,C001,2026-05-25,자사몰,패션잡화,313526,8946,304580,False,False
O17261,C001,2026-05-25,자사몰,뷰티,303663,12309,291354,False,False
O17262,C001,2026-05-25,자사몰,식품,403096,11387,0,True,False
O17263,C001,2026-05-25,자사몰,식품,252074,18673,233401,False,False
O17264,C001,2026-05-25,자사몰,식품,390126,15821,374305,False,False
O17265,C001,2026-05-25,자사몰,생활용품,400149,12327,387822,False,False
O17266,C001,2026-05-25,자사몰,패션잡화,250043,12634,237409,False,False
O17267,C001,2026-05-25,자사몰,뷰티,207156,8610,198546,False,False
O17268,C001,2026-05-25,자사몰,뷰티,104022,3582,100440,False,False
O17269,C001,2026-05-25,자사몰,패션잡화,174699,12520,0,True,False
O17270,C001,2026-05-25,자사몰,생활용품,373969,22513,351456,False,False
O17271,C001,2026-05-25,자사몰,패션잡화,335486,21135,314351,False,False
O17272,C001,2026-05-25,자사몰,식품,47871,3493,44378,False,False
O17273,C001,2026-05-25,자사몰,패션잡화,55393,2140,53253,False,False
O17274,C002,2026-05-25,오픈마켓,패션잡화,77606,3064,74542,False,False
O17275,C002,2026-05-25,오픈마켓,패션잡화,171865,8720,163145,False,False
O17276,C002,2026-05-25,오픈마켓,패션잡화,133968,3531,130437,False,False
O17277,C002,2026-05-25,오픈마켓,패션잡화,206480,7084,199396,False,False
O17278,C002,2026-05-25,오픈마켓,생활용품,143985,7283,136702,False,False
O17279,C002,2026-05-25,오픈마켓,생활용품,210183,10711,199472,False,False
O17280,C002,2026-05-25,오픈마켓,디지털,67936,3345,64591,False,False
O17281,C002,2026-05-25,오픈마켓,뷰티,53111,3819,0,True,False
O17282,C002,2026-05-25,오픈마켓,식품,332048,15175,316873,False,False
O17283,C002,2026-05-25,오픈마켓,뷰티,376069,14008,362061,False,False
O17284,C002,2026-05-25,오픈마켓,디지털,218762,10143,208619,False,False
O17285,C002,2026-05-25,오픈마켓,뷰티,238464,8362,230102,False,False
O17286,C002,2026-05-25,오픈마켓,패션잡화,64681,2464,62217,False,False
O17287,C003,2026-05-25,라이브,뷰티,223604,5632,217972,False,False
O17288,C003,2026-05-25,라이브,디지털,253109,8200,244909,False,False
O17289,C003,2026-05-25,라이브,생활용품,138372,6158,132214,False,False
O17290,C003,2026-05-25,라이브,뷰티,127229,3999,123230,False,False
O17291,C003,2026-05-25,라이브,생활용품,184461,9798,174663,False,False
O17292,C003,2026-05-25,라이브,패션잡화,295133,14066,281067,False,False
O17293,C003,2026-05-25,라이브,식품,382883,13110,369773,False,False
O17294,C003,2026-05-25,라이브,식품,96713,6244,90469,False,False
O17295,C003,2026-05-25,라이브,뷰티,226043,7036,219007,False,False
O17296,C003,2026-05-25,라이브,식품,327777,12384,315393,False,False
O17297,C004,2026-05-25,오픈마켓,생활용품,70896,5107,65789,False,False
O17298,C004,2026-05-25,오픈마켓,패션잡화,414100,29504,384596,False,False
O17299,C004,2026-05-25,오픈마켓,뷰티,248612,17447,231165,False,False
O17300,C004,2026-05-25,오픈마켓,식품,188038,4994,183044,False,False
O17301,C004,2026-05-25,오픈마켓,식품,119597,6680,112917,False,False
O17302,C004,2026-05-25,오픈마켓,생활용품,257744,17129,240615,False,False
O17303,C004,2026-05-25,오픈마켓,식품,41699,2109,39590,False,False
O17304,C004,2026-05-25,오픈마켓,생활용품,301664,12203,289461,False,False
O17305,C004,2026-05-25,오픈마켓,식품,45852,1305,44547,False,False
O17306,C004,2026-05-25,오픈마켓,생활용품,32934,994,0,True,False
O17307,C004,2026-05-25,오픈마켓,생활용품,97939,7135,90804,False,False
O17308,C005,2026-05-25,자사몰,디지털,415343,23234,392109,False,False
O17309,C005,2026-05-25,자사몰,생활용품,383500,11043,372457,False,False
O17310,C005,2026-05-25,자사몰,디지털,413240,19211,394029,False,False
O17311,C005,2026-05-25,자사몰,뷰티,281971,20467,261504,False,False
O17312,C005,2026-05-25,자사몰,패션잡화,71420,3313,68107,False,False
O17313,C005,2026-05-25,자사몰,식품,290567,16717,273850,False,False
O17314,C005,2026-05-25,자사몰,식품,123873,6378,117495,False,False
O17315,C001,2026-05-26,자사몰,디지털,93027,3124,89903,False,False
O17316,C001,2026-05-26,자사몰,뷰티,406699,14185,392514,False,False
O17317,C001,2026-05-26,자사몰,패션잡화,243918,10547,233371,False,False
O17318,C001,2026-05-26,자사몰,패션잡화,246846,17039,229807,False,False
O17319,C001,2026-05-26,자사몰,뷰티,187225,6759,0,True,False
O17320,C001,2026-05-26,자사몰,디지털,203103,14587,188516,False,False
O17321,C001,2026-05-26,자사몰,패션잡화,374822,13638,361184,False,False
O17322,C001,2026-05-26,자사몰,식품,177446,5913,171533,False,False
O17323,C001,2026-05-26,자사몰,디지털,219734,6726,0,True,False
O17324,C001,2026-05-26,자사몰,뷰티,371402,23801,347601,False,False
O17325,C001,2026-05-26,자사몰,뷰티,211574,15235,0,True,False
O17326,C002,2026-05-26,오픈마켓,생활용품,403130,18556,384574,False,False
O17327,C002,2026-05-26,오픈마켓,뷰티,157900,6655,151245,False,False
O17328,C002,2026-05-26,오픈마켓,생활용품,160239,4926,0,True,False
O17329,C002,2026-05-26,오픈마켓,생활용품,195337,8164,187173,False,False
O17330,C002,2026-05-26,오픈마켓,식품,352937,14569,338368,False,False
O17331,C002,2026-05-26,오픈마켓,뷰티,334654,15978,318676,False,False
O17332,C002,2026-05-26,오픈마켓,생활용품,148934,6943,141991,False,False
O17333,C002,2026-05-26,오픈마켓,생활용품,90694,2881,87813,False,False
O17334,C002,2026-05-26,오픈마켓,식품,361987,11046,350941,False,False
O17335,C002,2026-05-26,오픈마켓,디지털,146796,5972,140824,False,True
O17336,C003,2026-05-26,라이브,식품,103129,7081,96048,False,True
O17337,C003,2026-05-26,라이브,디지털,248805,17042,231763,False,False
O17338,C003,2026-05-26,라이브,뷰티,308559,22874,285685,False,False
O17339,C003,2026-05-26,라이브,디지털,360719,18959,341760,False,False
O17340,C003,2026-05-26,라이브,식품,290501,20020,270481,False,False
O17341,C004,2026-05-26,오픈마켓,뷰티,116066,3326,112740,False,False
O17342,C004,2026-05-26,오픈마켓,뷰티,194313,8379,185934,False,False
O17343,C004,2026-05-26,오픈마켓,패션잡화,141176,5087,136089,False,False
O17344,C004,2026-05-26,오픈마켓,디지털,133625,8270,125355,False,False
O17345,C004,2026-05-26,오픈마켓,뷰티,207135,11466,0,True,False
O17346,C005,2026-05-26,자사몰,디지털,327505,15273,312232,False,False
O17347,C005,2026-05-26,자사몰,디지털,253194,8828,244366,False,False
O17348,C005,2026-05-26,자사몰,패션잡화,382520,14022,368498,False,False
O17349,C005,2026-05-26,자사몰,식품,228517,9175,219342,False,False
O17350,C005,2026-05-26,자사몰,뷰티,197976,10204,187772,False,False
O17351,C005,2026-05-26,자사몰,생활용품,368907,13898,355009,False,False
O17352,C005,2026-05-26,자사몰,디지털,306585,13457,293128,False,False
O17353,C005,2026-05-26,자사몰,식품,280635,11431,269204,False,True
O17354,C005,2026-05-26,자사몰,뷰티,199921,5259,194662,False,False
O17355,C005,2026-05-26,자사몰,패션잡화,415931,24897,391034,False,False
O17356,C005,2026-05-26,자사몰,생활용품,39483,1513,37970,False,False
O17357,C005,2026-05-26,자사몰,디지털,352786,16453,336333,False,False
O17358,C001,2026-05-27,자사몰,디지털,261591,12981,248610,False,False
O17359,C001,2026-05-27,자사몰,디지털,124536,8164,116372,False,False
O17360,C001,2026-05-27,자사몰,뷰티,373069,18212,354857,False,False
O17361,C001,2026-05-27,자사몰,뷰티,255085,6816,248269,False,False
O17362,C001,2026-05-27,자사몰,생활용품,91251,3890,87361,False,False
O17363,C001,2026-05-27,자사몰,식품,313394,16034,297360,False,False
O17364,C001,2026-05-27,자사몰,뷰티,133155,7283,125872,False,False
O17365,C001,2026-05-27,자사몰,패션잡화,330994,16544,314450,False,False
O17366,C001,2026-05-27,자사몰,디지털,379460,13741,365719,False,False
O17367,C001,2026-05-27,자사몰,뷰티,385386,18927,366459,False,False
O17368,C001,2026-05-27,자사몰,식품,144825,5615,139210,False,False
O17369,C002,2026-05-27,오픈마켓,생활용품,106577,2874,103703,False,False
O17370,C002,2026-05-27,오픈마켓,생활용품,99842,6672,93170,False,False
O17371,C002,2026-05-27,오픈마켓,식품,74029,4230,69799,False,False
O17372,C002,2026-05-27,오픈마켓,디지털,253081,9342,243739,False,False
O17373,C002,2026-05-27,오픈마켓,생활용품,200196,5942,194254,False,False
O17374,C003,2026-05-27,라이브,패션잡화,307991,16386,291605,False,False
O17375,C003,2026-05-27,라이브,생활용품,102552,4668,97884,False,False
O17376,C003,2026-05-27,라이브,식품,101565,2913,98652,False,False
O17377,C003,2026-05-27,라이브,뷰티,331583,16265,315318,False,False
O17378,C003,2026-05-27,라이브,식품,227346,8643,218703,False,False
O17379,C003,2026-05-27,라이브,생활용품,410928,17337,393591,False,False
O17380,C003,2026-05-27,라이브,디지털,72760,5321,67439,False,False
O17381,C003,2026-05-27,라이브,디지털,105429,5983,99446,False,False
O17382,C003,2026-05-27,라이브,디지털,53378,2744,50634,False,False
O17383,C003,2026-05-27,라이브,뷰티,38209,1674,36535,False,False
O17384,C004,2026-05-27,오픈마켓,생활용품,183021,6873,176148,False,False
O17385,C004,2026-05-27,오픈마켓,생활용품,375725,28165,347560,False,False
O17386,C004,2026-05-27,오픈마켓,패션잡화,275753,17949,257804,False,False
O17387,C004,2026-05-27,오픈마켓,패션잡화,282621,15843,266778,False,False
O17388,C004,2026-05-27,오픈마켓,디지털,366953,17815,349138,False,False
O17389,C004,2026-05-27,오픈마켓,패션잡화,208483,14910,193573,False,False
O17390,C004,2026-05-27,오픈마켓,식품,383419,23494,359925,False,False
O17391,C004,2026-05-27,오픈마켓,생활용품,333980,22629,311351,False,False
O17392,C004,2026-05-27,오픈마켓,패션잡화,394942,10160,384782,False,False
O17393,C004,2026-05-27,오픈마켓,뷰티,183416,12019,171397,False,False
O17394,C004,2026-05-27,오픈마켓,식품,47265,1738,45527,False,True
O17395,C005,2026-05-27,자사몰,디지털,175988,9684,166304,False,False
O17396,C005,2026-05-27,자사몰,패션잡화,183005,12299,170706,False,False
O17397,C005,2026-05-27,자사몰,식품,251561,9549,242012,False,False
O17398,C005,2026-05-27,자사몰,패션잡화,87491,6144,81347,False,True
O17399,C005,2026-05-27,자사몰,디지털,329440,14992,314448,False,False
O17400,C005,2026-05-27,자사몰,패션잡화,361030,20887,340143,False,False
O17401,C005,2026-05-27,자사몰,식품,160642,4320,156322,False,False
O17402,C005,2026-05-27,자사몰,패션잡화,372211,16142,356069,False,False
O17403,C005,2026-05-27,자사몰,생활용품,39149,2630,36519,False,False
O17404,C005,2026-05-27,자사몰,생활용품,53840,2527,51313,False,False
O17405,C005,2026-05-27,자사몰,디지털,334090,8513,325577,False,False
O17406,C005,2026-05-27,자사몰,식품,290567,17526,273041,False,False
O17407,C005,2026-05-27,자사몰,생활용품,118622,7617,111005,False,False
O17408,C005,2026-05-27,자사몰,식품,129477,9207,120270,False,False
O17409,C005,2026-05-27,자사몰,디지털,39889,1081,38808,False,False
O17410,C005,2026-05-27,자사몰,생활용품,76342,5175,71167,False,False
O17411,C001,2026-05-28,자사몰,디지털,123640,9196,114444,False,False
O17412,C001,2026-05-28,자사몰,디지털,244217,6973,237244,False,False
O17413,C001,2026-05-28,자사몰,식품,146964,4041,142923,False,False
O17414,C001,2026-05-28,자사몰,뷰티,283478,14822,268656,False,False
O17415,C001,2026-05-28,자사몰,패션잡화,371639,17263,354376,False,False
O17416,C001,2026-05-28,자사몰,패션잡화,288629,20539,268090,False,False
O17417,C001,2026-05-28,자사몰,패션잡화,271423,7906,263517,False,False
O17418,C001,2026-05-28,자사몰,뷰티,402662,17188,385474,False,False
O17419,C001,2026-05-28,자사몰,식품,377442,21284,356158,False,False
O17420,C001,2026-05-28,자사몰,뷰티,337932,10765,327167,False,False
O17421,C001,2026-05-28,자사몰,패션잡화,325366,19879,305487,False,False
O17422,C001,2026-05-28,자사몰,생활용품,91615,5755,85860,False,False
O17423,C001,2026-05-28,자사몰,디지털,122196,7927,114269,False,False
O17424,C002,2026-05-28,오픈마켓,생활용품,222461,12513,209948,False,False
O17425,C002,2026-05-28,오픈마켓,디지털,419710,17402,402308,False,False
O17426,C002,2026-05-28,오픈마켓,뷰티,102530,3677,98853,False,False
O17427,C002,2026-05-28,오픈마켓,디지털,99744,2661,97083,False,False
O17428,C002,2026-05-28,오픈마켓,패션잡화,156103,10073,146030,False,False
O17429,C003,2026-05-28,라이브,뷰티,340196,14539,325657,False,False
O17430,C003,2026-05-28,라이브,생활용품,320773,17392,303381,False,False
O17431,C003,2026-05-28,라이브,생활용품,105472,6011,99461,False,False
O17432,C003,2026-05-28,라이브,패션잡화,242736,7344,235392,False,False
O17433,C003,2026-05-28,라이브,뷰티,214356,11494,202862,False,False
O17434,C004,2026-05-28,오픈마켓,생활용품,331728,11611,320117,False,False
O17435,C004,2026-05-28,오픈마켓,생활용품,186638,12081,174557,False,False
O17436,C004,2026-05-28,오픈마켓,뷰티,363103,24690,338413,False,False
O17437,C004,2026-05-28,오픈마켓,패션잡화,205249,10807,194442,False,False
O17438,C005,2026-05-28,자사몰,패션잡화,353462,20619,332843,False,False
O17439,C005,2026-05-28,자사몰,디지털,243508,6912,236596,False,False
O17440,C005,2026-05-28,자사몰,생활용품,229668,11200,218468,False,False
O17441,C005,2026-05-28,자사몰,식품,361708,16320,345388,False,False
O17442,C005,2026-05-28,자사몰,패션잡화,222601,12350,210251,False,False
O17443,C005,2026-05-28,자사몰,디지털,205948,13645,192303,False,True
O17444,C005,2026-05-28,자사몰,식품,107314,7080,100234,False,False
O17445,C005,2026-05-28,자사몰,식품,321984,21062,300922,False,False
O17446,C005,2026-05-28,자사몰,디지털,122683,7705,114978,False,False
O17447,C005,2026-05-28,자사몰,뷰티,137924,7158,130766,False,False
O17448,C005,2026-05-28,자사몰,패션잡화,253949,16347,237602,False,False
O17449,C005,2026-05-28,자사몰,뷰티,144817,5804,139013,False,False
O17450,C005,2026-05-28,자사몰,패션잡화,315615,12097,303518,False,False
O17451,C005,2026-05-28,자사몰,뷰티,52626,2216,0,True,False
O17452,C005,2026-05-28,자사몰,식품,92270,2912,0,True,False
O17453,C001,2026-05-29,자사몰,식품,168150,6367,161783,False,False
O17454,C001,2026-05-29,자사몰,식품,267527,12275,255252,False,False
O17455,C001,2026-05-29,자사몰,패션잡화,220527,7407,213120,False,False
O17456,C001,2026-05-29,자사몰,식품,255787,18160,237627,False,False
O17457,C001,2026-05-29,자사몰,생활용품,365281,25599,339682,False,False
O17458,C001,2026-05-29,자사몰,뷰티,399846,15735,384111,False,False
O17459,C002,2026-05-29,오픈마켓,식품,48348,1437,46911,False,False
O17460,C002,2026-05-29,오픈마켓,디지털,95584,6887,88697,False,False
O17461,C002,2026-05-29,오픈마켓,패션잡화,262110,11216,250894,False,False
O17462,C002,2026-05-29,오픈마켓,뷰티,211885,6050,205835,False,True
O17463,C002,2026-05-29,오픈마켓,생활용품,346588,22775,323813,False,True
O17464,C002,2026-05-29,오픈마켓,뷰티,163237,11664,151573,False,False
O17465,C002,2026-05-29,오픈마켓,식품,145009,7127,137882,False,False
O17466,C002,2026-05-29,오픈마켓,식품,171486,8813,162673,False,False
O17467,C002,2026-05-29,오픈마켓,생활용품,263090,9858,253232,False,False
O17468,C002,2026-05-29,오픈마켓,식품,145191,8644,136547,False,False
O17469,C002,2026-05-29,오픈마켓,식품,314968,15634,299334,False,False
O17470,C003,2026-05-29,라이브,디지털,376591,20322,356269,False,False
O17471,C003,2026-05-29,라이브,생활용품,232582,12921,219661,False,False
O17472,C003,2026-05-29,라이브,생활용품,222464,11315,211149,False,True
O17473,C003,2026-05-29,라이브,생활용품,201593,10508,191085,False,False
O17474,C003,2026-05-29,라이브,패션잡화,291079,19496,271583,False,False
O17475,C003,2026-05-29,라이브,생활용품,175488,8829,166659,False,False
O17476,C003,2026-05-29,라이브,디지털,82824,6083,76741,False,False
O17477,C004,2026-05-29,오픈마켓,뷰티,218277,12943,205334,False,False
O17478,C004,2026-05-29,오픈마켓,디지털,163565,10624,152941,False,False
O17479,C004,2026-05-29,오픈마켓,디지털,77113,5449,71664,False,False
O17480,C004,2026-05-29,오픈마켓,뷰티,334909,20607,314302,False,True
O17481,C004,2026-05-29,오픈마켓,패션잡화,316318,15429,300889,False,False
O17482,C004,2026-05-29,오픈마켓,생활용품,162362,5139,0,True,False
O17483,C004,2026-05-29,오픈마켓,식품,181630,8156,173474,False,False
O17484,C004,2026-05-29,오픈마켓,생활용품,337210,19919,317291,False,False
O17485,C004,2026-05-29,오픈마켓,패션잡화,326943,10163,316780,False,False
O17486,C004,2026-05-29,오픈마켓,패션잡화,366652,12990,353662,False,False
O17487,C004,2026-05-29,오픈마켓,생활용품,46562,3367,43195,False,False
O17488,C004,2026-05-29,오픈마켓,뷰티,72670,4962,67708,False,False
O17489,C004,2026-05-29,오픈마켓,디지털,82351,4799,77552,False,False
O17490,C005,2026-05-29,자사몰,디지털,367256,22078,345178,False,False
O17491,C005,2026-05-29,자사몰,생활용품,111759,7072,104687,False,False
O17492,C005,2026-05-29,자사몰,패션잡화,379642,15889,363753,False,False
O17493,C005,2026-05-29,자사몰,디지털,385414,18204,367210,False,False
O17494,C005,2026-05-29,자사몰,뷰티,264825,8425,256400,False,False
O17495,C005,2026-05-29,자사몰,식품,89376,4277,85099,False,False
O17496,C001,2026-05-30,자사몰,식품,168503,5237,163266,False,False
O17497,C001,2026-05-30,자사몰,디지털,202506,13591,188915,False,False
O17498,C001,2026-05-30,자사몰,패션잡화,122687,3186,119501,False,False
O17499,C001,2026-05-30,자사몰,디지털,348427,21627,0,True,False
O17500,C001,2026-05-30,자사몰,생활용품,233742,15066,218676,False,False
O17501,C001,2026-05-30,자사몰,디지털,81582,3880,77702,False,False
O17502,C001,2026-05-30,자사몰,뷰티,347144,20345,326799,False,True
O17503,C001,2026-05-30,자사몰,뷰티,385739,18201,367538,False,False
O17504,C001,2026-05-30,자사몰,생활용품,77387,4054,73333,False,False
O17505,C001,2026-05-30,자사몰,식품,237507,11947,225560,False,False
O17506,C001,2026-05-30,자사몰,디지털,143464,5751,137713,False,False
O17507,C001,2026-05-30,자사몰,생활용품,413398,22664,390734,False,False
O17508,C001,2026-05-30,자사몰,디지털,103542,4011,99531,False,False
O17509,C001,2026-05-30,자사몰,식품,274494,18769,255725,False,False
O17510,C001,2026-05-30,자사몰,식품,385159,10923,374236,False,False
O17511,C002,2026-05-30,오픈마켓,뷰티,398083,9978,388105,False,False
O17512,C002,2026-05-30,오픈마켓,뷰티,403539,19090,384449,False,False
O17513,C002,2026-05-30,오픈마켓,디지털,245579,12201,233378,False,False
O17514,C002,2026-05-30,오픈마켓,패션잡화,183997,9819,174178,False,False
O17515,C002,2026-05-30,오픈마켓,패션잡화,128802,9551,119251,False,False
O17516,C002,2026-05-30,오픈마켓,뷰티,134145,3644,130501,False,False
O17517,C002,2026-05-30,오픈마켓,패션잡화,271246,15858,255388,False,False
O17518,C002,2026-05-30,오픈마켓,패션잡화,288362,17223,271139,False,False
O17519,C002,2026-05-30,오픈마켓,생활용품,219113,14177,204936,False,False
O17520,C002,2026-05-30,오픈마켓,뷰티,35355,1503,33852,False,False
O17521,C002,2026-05-30,오픈마켓,뷰티,162161,7811,154350,False,False
O17522,C002,2026-05-30,오픈마켓,디지털,360752,17108,343644,False,False
O17523,C002,2026-05-30,오픈마켓,패션잡화,374131,23995,350136,False,True
O17524,C002,2026-05-30,오픈마켓,식품,166283,4705,161578,False,False
O17525,C003,2026-05-30,라이브,식품,246432,6710,239722,False,False
O17526,C003,2026-05-30,라이브,패션잡화,284887,19485,265402,False,False
O17527,C003,2026-05-30,라이브,뷰티,280250,9366,270884,False,False
O17528,C003,2026-05-30,라이브,식품,177200,5441,171759,False,False
O17529,C003,2026-05-30,라이브,식품,278592,14705,263887,False,False
O17530,C003,2026-05-30,라이브,디지털,230542,10179,220363,False,False
O17531,C003,2026-05-30,라이브,디지털,159564,8910,150654,False,False
O17532,C003,2026-05-30,라이브,뷰티,111451,3265,0,True,False
O17533,C004,2026-05-30,오픈마켓,식품,386509,17759,368750,False,False
O17534,C004,2026-05-30,오픈마켓,식품,60268,1736,0,True,False
O17535,C004,2026-05-30,오픈마켓,식품,133313,8626,124687,False,False
O17536,C004,2026-05-30,오픈마켓,식품,405210,23295,381915,False,False
O17537,C004,2026-05-30,오픈마켓,패션잡화,377876,24988,352888,False,False
O17538,C004,2026-05-30,오픈마켓,뷰티,279642,12745,266897,False,False
O17539,C004,2026-05-30,오픈마켓,생활용품,246000,8740,237260,False,False
O17540,C004,2026-05-30,오픈마켓,생활용품,204308,14914,189394,False,False
O17541,C004,2026-05-30,오픈마켓,식품,256180,18281,237899,False,False
O17542,C005,2026-05-30,자사몰,디지털,260301,8824,251477,False,False
O17543,C005,2026-05-30,자사몰,뷰티,80976,5855,75121,False,False
O17544,C005,2026-05-30,자사몰,패션잡화,259947,13297,246650,False,False
O17545,C005,2026-05-30,자사몰,디지털,166486,4596,161890,False,False
O17546,C001,2026-05-31,자사몰,생활용품,58077,2826,55251,False,False
O17547,C001,2026-05-31,자사몰,패션잡화,60896,3852,57044,False,False
O17548,C001,2026-05-31,자사몰,디지털,274738,11540,263198,False,False
O17549,C001,2026-05-31,자사몰,패션잡화,384790,24349,360441,False,False
O17550,C001,2026-05-31,자사몰,패션잡화,186061,8995,177066,False,False
O17551,C001,2026-05-31,자사몰,패션잡화,411971,22514,389457,False,False
O17552,C001,2026-05-31,자사몰,디지털,153599,6784,146815,False,False
O17553,C001,2026-05-31,자사몰,생활용품,172160,6901,165259,False,False
O17554,C001,2026-05-31,자사몰,패션잡화,171894,8956,162938,False,False
O17555,C001,2026-05-31,자사몰,디지털,343035,16080,326955,False,False
O17556,C001,2026-05-31,자사몰,패션잡화,69135,2399,66736,False,False
O17557,C001,2026-05-31,자사몰,디지털,296160,21137,275023,False,True
O17558,C001,2026-05-31,자사몰,디지털,94769,6884,0,True,False
O17559,C001,2026-05-31,자사몰,생활용품,302408,9834,292574,False,False
O17560,C002,2026-05-31,오픈마켓,뷰티,44631,1682,42949,False,False
O17561,C002,2026-05-31,오픈마켓,디지털,395812,25624,370188,False,False
O17562,C002,2026-05-31,오픈마켓,식품,398230,12094,386136,False,False
O17563,C002,2026-05-31,오픈마켓,뷰티,111104,6572,104532,False,False
O17564,C002,2026-05-31,오픈마켓,패션잡화,296643,8866,287777,False,False
O17565,C002,2026-05-31,오픈마켓,뷰티,141982,6584,135398,False,False
O17566,C002,2026-05-31,오픈마켓,생활용품,276063,12992,263071,False,False
O17567,C003,2026-05-31,라이브,디지털,396679,21305,375374,False,False
O17568,C003,2026-05-31,라이브,패션잡화,389545,23729,365816,False,False
O17569,C003,2026-05-31,라이브,생활용품,276823,10095,266728,False,False
O17570,C003,2026-05-31,라이브,식품,244339,9875,234464,False,False
O17571,C003,2026-05-31,라이브,생활용품,416731,24238,392493,False,False
O17572,C003,2026-05-31,라이브,식품,38976,2904,36072,False,False
O17573,C004,2026-05-31,오픈마켓,디지털,60318,2421,57897,False,False
O17574,C004,2026-05-31,오픈마켓,생활용품,418106,27400,390706,False,False
O17575,C004,2026-05-31,오픈마켓,뷰티,368858,24681,344177,False,False
O17576,C004,2026-05-31,오픈마켓,뷰티,193574,7800,185774,False,False
O17577,C004,2026-05-31,오픈마켓,뷰티,267511,12499,255012,False,False
O17578,C004,2026-05-31,오픈마켓,디지털,367287,14558,352729,False,False
O17579,C004,2026-05-31,오픈마켓,생활용품,277237,8424,268813,False,False
O17580,C004,2026-05-31,오픈마켓,뷰티,318600,13053,305547,False,False
O17581,C005,2026-05-31,자사몰,생활용품,409847,22340,387507,False,False
O17582,C005,2026-05-31,자사몰,생활용품,192937,12934,180003,False,True
O17583,C005,2026-05-31,자사몰,생활용품,195080,6851,0,True,False
O17584,C005,2026-05-31,자사몰,식품,267359,11343,256016,False,False
O17585,C005,2026-05-31,자사몰,식품,285691,10159,275532,False,False
O17586,C005,2026-05-31,자사몰,패션잡화,178151,11776,166375,False,False
O17587,C005,2026-05-31,자사몰,식품,170016,10803,159213,False,False
O17588,C005,2026-05-31,자사몰,뷰티,117297,3128,114169,False,False
O17589,C005,2026-05-31,자사몰,디지털,52769,2917,49852,False,False
O17590,C005,2026-05-31,자사몰,생활용품,409777,29007,380770,False,False
O17591,C001,2026-06-01,자사몰,생활용품,128724,8775,119949,False,False
O17592,C001,2026-06-01,자사몰,식품,90082,3213,86869,False,False
O17593,C001,2026-06-01,자사몰,뷰티,335251,23212,312039,False,False
O17594,C001,2026-06-01,자사몰,뷰티,170991,6533,0,True,False
O17595,C002,2026-06-01,오픈마켓,식품,373919,23976,349943,False,False
O17596,C002,2026-06-01,오픈마켓,식품,136103,8915,127188,False,False
O17597,C002,2026-06-01,오픈마켓,패션잡화,406350,14754,0,True,False
O17598,C002,2026-06-01,오픈마켓,디지털,157352,5262,152090,False,False
O17599,C002,2026-06-01,오픈마켓,식품,300729,11884,288845,False,False
O17600,C002,2026-06-01,오픈마켓,생활용품,171246,6377,164869,False,False
O17601,C002,2026-06-01,오픈마켓,디지털,50067,3473,0,True,False
O17602,C002,2026-06-01,오픈마켓,생활용품,139336,10408,128928,False,False
O17603,C002,2026-06-01,오픈마켓,생활용품,195706,7457,188249,False,False
O17604,C002,2026-06-01,오픈마켓,패션잡화,398541,19285,379256,False,False
O17605,C002,2026-06-01,오픈마켓,식품,50557,3010,47547,False,False
O17606,C002,2026-06-01,오픈마켓,패션잡화,156174,5987,150187,False,False
O17607,C002,2026-06-01,오픈마켓,패션잡화,142373,9782,132591,False,False
O17608,C002,2026-06-01,오픈마켓,생활용품,324309,19505,304804,False,False
O17609,C003,2026-06-01,라이브,디지털,186073,11972,174101,False,False
O17610,C003,2026-06-01,라이브,생활용품,110436,6065,104371,False,False
O17611,C003,2026-06-01,라이브,뷰티,385232,26426,358806,False,False
O17612,C003,2026-06-01,라이브,생활용품,376515,20566,355949,False,False
O17613,C003,2026-06-01,라이브,디지털,218818,14519,204299,False,False
O17614,C003,2026-06-01,라이브,식품,131746,3507,128239,False,False
O17615,C004,2026-06-01,오픈마켓,생활용품,378947,22265,356682,False,False
O17616,C004,2026-06-01,오픈마켓,패션잡화,226579,6416,220163,False,False
O17617,C004,2026-06-01,오픈마켓,생활용품,223617,12520,211097,False,False
O17618,C004,2026-06-01,오픈마켓,식품,316382,23008,293374,False,False
O17619,C004,2026-06-01,오픈마켓,패션잡화,262824,18613,244211,False,False
O17620,C005,2026-06-01,자사몰,생활용품,337851,21377,316474,False,False
O17621,C005,2026-06-01,자사몰,디지털,402006,17700,384306,False,False
O17622,C005,2026-06-01,자사몰,패션잡화,355635,25305,330330,False,False
O17623,C005,2026-06-01,자사몰,식품,87512,2649,84863,False,False
O17624,C005,2026-06-01,자사몰,식품,83412,2262,81150,False,False
O17625,C005,2026-06-01,자사몰,디지털,328168,19631,308537,False,False
O17626,C005,2026-06-01,자사몰,디지털,120066,5289,114777,False,False
O17627,C005,2026-06-01,자사몰,디지털,43450,2352,41098,False,False
O17628,C005,2026-06-01,자사몰,패션잡화,416294,15033,401261,False,False
O17629,C005,2026-06-01,자사몰,패션잡화,220198,7353,212845,False,False
O17630,C001,2026-06-02,자사몰,식품,318069,11085,306984,False,False
O17631,C001,2026-06-02,자사몰,식품,324972,10549,314423,False,False
O17632,C001,2026-06-02,자사몰,생활용품,32283,1200,31083,False,False
O17633,C001,2026-06-02,자사몰,뷰티,200213,9303,190910,False,False
O17634,C001,2026-06-02,자사몰,디지털,144045,5850,138195,False,False
O17635,C001,2026-06-02,자사몰,생활용품,400758,12688,388070,False,False
O17636,C001,2026-06-02,자사몰,패션잡화,309218,15802,293416,False,False
O17637,C001,2026-06-02,자사몰,식품,326607,16749,309858,False,False
O17638,C001,2026-06-02,자사몰,생활용품,36133,1366,34767,False,False
O17639,C001,2026-06-02,자사몰,생활용품,81310,5219,76091,False,False
O17640,C002,2026-06-02,오픈마켓,생활용품,57660,3577,54083,False,False
O17641,C002,2026-06-02,오픈마켓,생활용품,298299,11741,286558,False,False
O17642,C002,2026-06-02,오픈마켓,뷰티,165076,9994,155082,False,False
O17643,C002,2026-06-02,오픈마켓,디지털,165843,9012,156831,False,False
O17644,C002,2026-06-02,오픈마켓,식품,33166,1784,31382,False,False
O17645,C002,2026-06-02,오픈마켓,뷰티,306551,12895,293656,False,False
O17646,C002,2026-06-02,오픈마켓,디지털,42281,1147,41134,False,False
O17647,C002,2026-06-02,오픈마켓,뷰티,104178,6812,97366,False,False
O17648,C003,2026-06-02,라이브,패션잡화,238112,16565,221547,False,True
O17649,C003,2026-06-02,라이브,생활용품,90269,6155,84114,False,False
O17650,C003,2026-06-02,라이브,생활용품,218202,5699,212503,False,False
O17651,C003,2026-06-02,라이브,디지털,178564,7629,170935,False,False
O17652,C003,2026-06-02,라이브,뷰티,327013,9102,317911,False,False
O17653,C003,2026-06-02,라이브,식품,123902,8570,115332,False,False
O17654,C003,2026-06-02,라이브,디지털,269727,13543,256184,False,False
O17655,C003,2026-06-02,라이브,패션잡화,343224,16108,327116,False,False
O17656,C003,2026-06-02,라이브,생활용품,389865,25762,364103,False,False
O17657,C003,2026-06-02,라이브,뷰티,250116,17770,232346,False,False
O17658,C003,2026-06-02,라이브,식품,335895,22971,312924,False,False
O17659,C003,2026-06-02,라이브,패션잡화,96051,3103,92948,False,False
O17660,C003,2026-06-02,라이브,패션잡화,247153,16958,230195,False,False
O17661,C003,2026-06-02,라이브,디지털,270834,13642,257192,False,False
O17662,C003,2026-06-02,라이브,디지털,179683,13102,166581,False,False
O17663,C003,2026-06-02,라이브,디지털,128730,9014,119716,False,False
O17664,C004,2026-06-02,오픈마켓,뷰티,129950,6041,123909,False,False
O17665,C004,2026-06-02,오픈마켓,패션잡화,264187,17812,246375,False,False
O17666,C004,2026-06-02,오픈마켓,식품,96925,4037,92888,False,False
O17667,C004,2026-06-02,오픈마켓,패션잡화,46603,1343,45260,False,False
O17668,C004,2026-06-02,오픈마켓,디지털,359332,16944,342388,False,False
O17669,C004,2026-06-02,오픈마켓,패션잡화,257929,14854,243075,False,False
O17670,C004,2026-06-02,오픈마켓,패션잡화,38446,1866,36580,False,False
O17671,C004,2026-06-02,오픈마켓,생활용품,126177,4917,121260,False,False
O17672,C004,2026-06-02,오픈마켓,생활용품,313926,19237,294689,False,False
O17673,C004,2026-06-02,오픈마켓,생활용품,154045,4376,149669,False,True
O17674,C005,2026-06-02,자사몰,뷰티,134582,5482,129100,False,False
O17675,C005,2026-06-02,자사몰,식품,84411,6262,78149,False,False
O17676,C005,2026-06-02,자사몰,디지털,83294,2592,0,True,False
O17677,C005,2026-06-02,자사몰,생활용품,46774,2328,44446,False,False
O17678,C005,2026-06-02,자사몰,디지털,135519,4662,130857,False,False
O17679,C005,2026-06-02,자사몰,디지털,398673,13128,385545,False,False
O17680,C005,2026-06-02,자사몰,디지털,146831,6046,140785,False,False
O17681,C005,2026-06-02,자사몰,식품,278358,12965,265393,False,False
O17682,C005,2026-06-02,자사몰,식품,222740,12412,210328,False,False
O17683,C005,2026-06-02,자사몰,뷰티,333980,24824,309156,False,False
O17684,C005,2026-06-02,자사몰,뷰티,257416,15141,242275,False,False
O17685,C005,2026-06-02,자사몰,패션잡화,87407,5595,81812,False,False
O17686,C001,2026-06-03,자사몰,패션잡화,213454,7431,206023,False,False
O17687,C001,2026-06-03,자사몰,생활용품,417992,23360,394632,False,False
O17688,C001,2026-06-03,자사몰,식품,366360,27132,339228,False,True
O17689,C001,2026-06-03,자사몰,디지털,172635,6548,166087,False,False
O17690,C001,2026-06-03,자사몰,식품,350835,9744,341091,False,False
O17691,C001,2026-06-03,자사몰,패션잡화,186175,10315,175860,False,False
O17692,C001,2026-06-03,자사몰,생활용품,259654,10165,249489,False,False
O17693,C001,2026-06-03,자사몰,뷰티,38685,2433,36252,False,False
O17694,C001,2026-06-03,자사몰,패션잡화,39656,2633,37023,False,False
O17695,C001,2026-06-03,자사몰,뷰티,340963,17827,323136,False,False
O17696,C002,2026-06-03,오픈마켓,디지털,138739,10404,128335,False,False
O17697,C002,2026-06-03,오픈마켓,생활용품,317825,13099,304726,False,False
O17698,C002,2026-06-03,오픈마켓,식품,173701,5929,167772,False,False
O17699,C002,2026-06-03,오픈마켓,생활용품,344901,14168,330733,False,False
O17700,C002,2026-06-03,오픈마켓,뷰티,313115,23443,289672,False,False
O17701,C002,2026-06-03,오픈마켓,패션잡화,175719,6938,168781,False,False
O17702,C002,2026-06-03,오픈마켓,생활용품,126589,9390,117199,False,False
O17703,C003,2026-06-03,라이브,식품,126625,8824,117801,False,False
O17704,C003,2026-06-03,라이브,식품,294223,16255,277968,False,False
O17705,C003,2026-06-03,라이브,디지털,397346,26193,0,True,False
O17706,C003,2026-06-03,라이브,디지털,307497,22195,285302,False,False
O17707,C003,2026-06-03,라이브,뷰티,291077,12601,278476,False,False
O17708,C003,2026-06-03,라이브,식품,210889,9602,201287,False,False
O17709,C003,2026-06-03,라이브,생활용품,358284,13237,0,True,False
O17710,C003,2026-06-03,라이브,생활용품,76226,4953,71273,False,False
O17711,C003,2026-06-03,라이브,식품,221619,7557,214062,False,False
O17712,C003,2026-06-03,라이브,식품,385932,15310,370622,False,False
O17713,C003,2026-06-03,라이브,패션잡화,362234,25106,337128,False,False
O17714,C003,2026-06-03,라이브,디지털,173882,12082,161800,False,False
O17715,C003,2026-06-03,라이브,생활용품,227906,14853,213053,False,False
O17716,C004,2026-06-03,오픈마켓,식품,327159,20562,306597,False,False
O17717,C004,2026-06-03,오픈마켓,생활용품,43549,1974,41575,False,False
O17718,C004,2026-06-03,오픈마켓,디지털,72663,5393,67270,False,False
O17719,C004,2026-06-03,오픈마켓,패션잡화,217113,6533,210580,False,False
O17720,C004,2026-06-03,오픈마켓,뷰티,174143,10460,163683,False,True
O17721,C004,2026-06-03,오픈마켓,생활용품,415007,18597,396410,False,False
O17722,C004,2026-06-03,오픈마켓,식품,315630,16011,299619,False,False
O17723,C004,2026-06-03,오픈마켓,뷰티,70601,3296,67305,False,False
O17724,C004,2026-06-03,오픈마켓,디지털,248372,7175,241197,False,True
O17725,C005,2026-06-03,자사몰,뷰티,62093,3037,59056,False,False
O17726,C005,2026-06-03,자사몰,생활용품,66211,1853,64358,False,False
O17727,C005,2026-06-03,자사몰,디지털,203185,7127,196058,False,False
O17728,C005,2026-06-03,자사몰,디지털,249110,17136,231974,False,False
O17729,C005,2026-06-03,자사몰,생활용품,289758,12696,277062,False,False
O17730,C005,2026-06-03,자사몰,패션잡화,132997,9405,123592,False,False
O17731,C001,2026-06-04,자사몰,디지털,138283,7016,131267,False,False
O17732,C001,2026-06-04,자사몰,생활용품,165306,5216,160090,False,False
O17733,C001,2026-06-04,자사몰,패션잡화,184107,7703,176404,False,False
O17734,C001,2026-06-04,자사몰,식품,89615,3929,85686,False,False
O17735,C001,2026-06-04,자사몰,식품,356993,18351,338642,False,False
O17736,C001,2026-06-04,자사몰,패션잡화,299663,15333,284330,False,False
O17737,C001,2026-06-04,자사몰,식품,382829,15542,367287,False,True
O17738,C001,2026-06-04,자사몰,디지털,193337,13856,179481,False,False
O17739,C002,2026-06-04,오픈마켓,뷰티,116080,7712,108368,False,False
O17740,C002,2026-06-04,오픈마켓,디지털,385465,22396,363069,False,False
O17741,C002,2026-06-04,오픈마켓,식품,168184,9223,158961,False,False
O17742,C002,2026-06-04,오픈마켓,생활용품,290735,16023,274712,False,False
O17743,C002,2026-06-04,오픈마켓,뷰티,388859,22706,0,True,False
O17744,C002,2026-06-04,오픈마켓,뷰티,253815,7558,246257,False,False
O17745,C002,2026-06-04,오픈마켓,패션잡화,331041,12809,318232,False,True
O17746,C002,2026-06-04,오픈마켓,식품,152049,10049,142000,False,False
O17747,C002,2026-06-04,오픈마켓,뷰티,365686,25762,339924,False,False
O17748,C002,2026-06-04,오픈마켓,식품,74794,4495,70299,False,False
O17749,C002,2026-06-04,오픈마켓,패션잡화,100579,7307,93272,False,False
O17750,C002,2026-06-04,오픈마켓,생활용품,60274,3817,56457,False,False
O17751,C002,2026-06-04,오픈마켓,생활용품,348456,16733,331723,False,False
O17752,C002,2026-06-04,오픈마켓,뷰티,83328,2937,80391,False,False
O17753,C002,2026-06-04,오픈마켓,디지털,207554,5581,201973,False,False
O17754,C002,2026-06-04,오픈마켓,패션잡화,332123,22438,309685,False,False
O17755,C003,2026-06-04,라이브,식품,87425,4439,82986,False,False
O17756,C003,2026-06-04,라이브,디지털,329091,17194,311897,False,False
O17757,C003,2026-06-04,라이브,뷰티,285067,20488,264579,False,False
O17758,C003,2026-06-04,라이브,생활용품,332490,9548,322942,False,False
O17759,C003,2026-06-04,라이브,디지털,211056,6935,204121,False,False
O17760,C003,2026-06-04,라이브,식품,153066,7046,146020,False,False
O17761,C003,2026-06-04,라이브,디지털,56501,2343,54158,False,False
O17762,C003,2026-06-04,라이브,생활용품,375461,14029,361432,False,False
O17763,C004,2026-06-04,오픈마켓,뷰티,382242,19287,362955,False,False
O17764,C004,2026-06-04,오픈마켓,식품,132768,3719,129049,False,False
O17765,C004,2026-06-04,오픈마켓,뷰티,176961,10425,166536,False,False
O17766,C004,2026-06-04,오픈마켓,패션잡화,109797,6167,103630,False,False
O17767,C004,2026-06-04,오픈마켓,생활용품,351129,17821,333308,False,False
O17768,C004,2026-06-04,오픈마켓,디지털,399499,28564,370935,False,False
O17769,C004,2026-06-04,오픈마켓,디지털,185305,5513,179792,False,False
O17770,C004,2026-06-04,오픈마켓,식품,203367,12350,191017,False,False
O17771,C004,2026-06-04,오픈마켓,디지털,268593,9501,259092,False,False
O17772,C004,2026-06-04,오픈마켓,패션잡화,45834,3050,0,True,False
O17773,C004,2026-06-04,오픈마켓,뷰티,180620,11542,169078,False,False
O17774,C005,2026-06-04,자사몰,식품,188291,14094,174197,False,False
O17775,C005,2026-06-04,자사몰,식품,364405,18074,346331,False,False
O17776,C005,2026-06-04,자사몰,식품,143436,8538,134898,False,False
O17777,C005,2026-06-04,자사몰,생활용품,120018,4897,115121,False,False
O17778,C005,2026-06-04,자사몰,생활용품,246097,13076,233021,False,True
O17779,C005,2026-06-04,자사몰,디지털,348788,20156,328632,False,False
O17780,C005,2026-06-04,자사몰,디지털,104283,5636,0,True,False
O17781,C005,2026-06-04,자사몰,생활용품,406665,26492,380173,False,False
O17782,C005,2026-06-04,자사몰,뷰티,40655,2927,37728,False,False
O17783,C005,2026-06-04,자사몰,패션잡화,223622,8345,215277,False,True
O17784,C001,2026-06-05,자사몰,패션잡화,48333,3543,44790,False,False
O17785,C001,2026-06-05,자사몰,뷰티,211928,13068,198860,False,False
O17786,C001,2026-06-05,자사몰,디지털,289384,9758,279626,False,False
O17787,C001,2026-06-05,자사몰,뷰티,228984,8012,220972,False,False
O17788,C001,2026-06-05,자사몰,뷰티,256295,14990,241305,False,False
O17789,C001,2026-06-05,자사몰,생활용품,418881,25969,392912,False,False
O17790,C001,2026-06-05,자사몰,생활용품,271103,19877,251226,False,False
O17791,C001,2026-06-05,자사몰,디지털,185552,8175,177377,False,False
O17792,C001,2026-06-05,자사몰,디지털,81841,3698,78143,False,False
O17793,C002,2026-06-05,오픈마켓,디지털,296680,10045,286635,False,False
O17794,C002,2026-06-05,오픈마켓,디지털,307229,21120,286109,False,False
O17795,C002,2026-06-05,오픈마켓,뷰티,240904,6902,234002,False,False
O17796,C002,2026-06-05,오픈마켓,식품,378540,22060,356480,False,False
O17797,C003,2026-06-05,라이브,디지털,315777,22474,293303,False,False
O17798,C003,2026-06-05,라이브,디지털,303198,16377,286821,False,False
O17799,C003,2026-06-05,라이브,디지털,85144,4600,80544,False,False
O17800,C003,2026-06-05,라이브,식품,180833,8188,172645,False,True
O17801,C003,2026-06-05,라이브,뷰티,65720,2422,63298,False,False
O17802,C003,2026-06-05,라이브,디지털,85782,3828,81954,False,False
O17803,C003,2026-06-05,라이브,식품,331636,23128,308508,False,False
O17804,C003,2026-06-05,라이브,뷰티,138538,4135,134403,False,True
O17805,C003,2026-06-05,라이브,생활용품,53637,1952,51685,False,False
O17806,C003,2026-06-05,라이브,패션잡화,401427,20028,381399,False,False
O17807,C003,2026-06-05,라이브,식품,222695,10784,211911,False,False
O17808,C004,2026-06-05,오픈마켓,패션잡화,258774,17784,240990,False,False
O17809,C004,2026-06-05,오픈마켓,디지털,266106,11073,255033,False,False
O17810,C004,2026-06-05,오픈마켓,패션잡화,227822,11462,216360,False,False
O17811,C004,2026-06-05,오픈마켓,뷰티,201307,9152,192155,False,False
O17812,C004,2026-06-05,오픈마켓,식품,184149,8453,175696,False,False
O17813,C004,2026-06-05,오픈마켓,식품,400600,11406,389194,False,False
O17814,C004,2026-06-05,오픈마켓,디지털,188803,9447,179356,False,False
O17815,C004,2026-06-05,오픈마켓,패션잡화,342933,11338,0,True,False
O17816,C004,2026-06-05,오픈마켓,디지털,211566,9320,202246,False,False
O17817,C004,2026-06-05,오픈마켓,뷰티,150863,7851,143012,False,False
O17818,C004,2026-06-05,오픈마켓,생활용품,276645,17065,259580,False,False
O17819,C004,2026-06-05,오픈마켓,디지털,129223,4142,125081,False,False
O17820,C004,2026-06-05,오픈마켓,패션잡화,346989,11055,335934,False,False
O17821,C004,2026-06-05,오픈마켓,패션잡화,91925,4504,87421,False,False
O17822,C004,2026-06-05,오픈마켓,식품,50429,1261,49168,False,False
O17823,C004,2026-06-05,오픈마켓,식품,53213,2124,51089,False,False
O17824,C005,2026-06-05,자사몰,패션잡화,197258,13827,183431,False,False
O17825,C005,2026-06-05,자사몰,생활용품,297973,11910,286063,False,False
O17826,C005,2026-06-05,자사몰,식품,229217,9341,219876,False,False
O17827,C005,2026-06-05,자사몰,디지털,41920,2967,38953,False,False
O17828,C005,2026-06-05,자사몰,생활용품,372163,26868,345295,False,False
O17829,C005,2026-06-05,자사몰,패션잡화,350608,21354,329254,False,False
O17830,C005,2026-06-05,자사몰,뷰티,251191,10352,240839,False,False
O17831,C005,2026-06-05,자사몰,뷰티,121268,7074,114194,False,False
O17832,C005,2026-06-05,자사몰,디지털,83999,4611,79388,False,False
O17833,C005,2026-06-05,자사몰,생활용품,81465,3323,78142,False,True
O17834,C005,2026-06-05,자사몰,뷰티,125301,5641,119660,False,False
O17835,C005,2026-06-05,자사몰,디지털,235519,12761,222758,False,False
O17836,C001,2026-06-06,자사몰,식품,130270,6625,123645,False,False
O17837,C001,2026-06-06,자사몰,디지털,189455,4927,184528,False,False
O17838,C001,2026-06-06,자사몰,생활용품,78933,5679,73254,False,False
O17839,C001,2026-06-06,자사몰,패션잡화,139997,9001,130996,False,False
O17840,C001,2026-06-06,자사몰,생활용품,273050,16454,256596,False,False
O17841,C001,2026-06-06,자사몰,식품,381767,19670,362097,False,False
O17842,C001,2026-06-06,자사몰,식품,139550,8845,130705,False,False
O17843,C002,2026-06-06,오픈마켓,뷰티,312084,13149,298935,False,True
O17844,C002,2026-06-06,오픈마켓,식품,262524,19006,243518,False,False
O17845,C002,2026-06-06,오픈마켓,패션잡화,186611,6137,180474,False,False
O17846,C002,2026-06-06,오픈마켓,디지털,188992,4971,0,True,False
O17847,C002,2026-06-06,오픈마켓,식품,295418,16628,278790,False,False
O17848,C002,2026-06-06,오픈마켓,생활용품,290650,7668,282982,False,False
O17849,C002,2026-06-06,오픈마켓,생활용품,110482,6674,103808,False,False
O17850,C002,2026-06-06,오픈마켓,디지털,89550,4751,84799,False,False
O17851,C002,2026-06-06,오픈마켓,뷰티,121803,8279,113524,False,False
O17852,C002,2026-06-06,오픈마켓,생활용품,341252,23502,317750,False,False
O17853,C002,2026-06-06,오픈마켓,뷰티,370679,24691,345988,False,False
O17854,C002,2026-06-06,오픈마켓,식품,112490,3709,108781,False,False
O17855,C002,2026-06-06,오픈마켓,식품,80244,5368,0,True,False
O17856,C002,2026-06-06,오픈마켓,생활용품,293419,14337,279082,False,False
O17857,C003,2026-06-06,라이브,생활용품,73204,2618,70586,False,False
O17858,C003,2026-06-06,라이브,식품,77526,4444,73082,False,False
O17859,C003,2026-06-06,라이브,패션잡화,130295,7632,122663,False,False
O17860,C003,2026-06-06,라이브,패션잡화,265514,18921,246593,False,False
O17861,C003,2026-06-06,라이브,디지털,218427,14187,0,True,False
O17862,C003,2026-06-06,라이브,식품,340557,22917,317640,False,False
O17863,C003,2026-06-06,라이브,뷰티,180150,8077,172073,False,False
O17864,C004,2026-06-06,오픈마켓,패션잡화,392810,25932,366878,False,False
O17865,C004,2026-06-06,오픈마켓,뷰티,291978,7300,284678,False,False
O17866,C004,2026-06-06,오픈마켓,뷰티,160419,8446,151973,False,True
O17867,C004,2026-06-06,오픈마켓,패션잡화,221484,11699,209785,False,False
O17868,C004,2026-06-06,오픈마켓,뷰티,294919,14513,280406,False,False
O17869,C004,2026-06-06,오픈마켓,뷰티,378385,23301,355084,False,False
O17870,C004,2026-06-06,오픈마켓,패션잡화,63085,4119,58966,False,False
O17871,C004,2026-06-06,오픈마켓,패션잡화,148541,10398,138143,False,False
O17872,C004,2026-06-06,오픈마켓,뷰티,243583,14771,228812,False,False
O17873,C004,2026-06-06,오픈마켓,뷰티,116486,8616,107870,False,False
O17874,C004,2026-06-06,오픈마켓,식품,328014,20711,307303,False,False
O17875,C005,2026-06-06,자사몰,생활용품,101133,5274,95859,False,False
O17876,C005,2026-06-06,자사몰,생활용품,277926,11618,266308,False,False
O17877,C005,2026-06-06,자사몰,식품,231774,14696,217078,False,True
O17878,C005,2026-06-06,자사몰,생활용품,43945,2945,41000,False,False
O17879,C005,2026-06-06,자사몰,식품,137901,7579,130322,False,False
O17880,C005,2026-06-06,자사몰,생활용품,287341,19331,268010,False,False
O17881,C005,2026-06-06,자사몰,생활용품,49293,3571,45722,False,False
O17882,C005,2026-06-06,자사몰,패션잡화,138102,7004,131098,False,False
O17883,C005,2026-06-06,자사몰,생활용품,236241,11936,224305,False,False
O17884,C005,2026-06-06,자사몰,생활용품,350215,9413,340802,False,False
O17885,C005,2026-06-06,자사몰,생활용품,234347,8704,225643,False,False
O17886,C005,2026-06-06,자사몰,생활용품,186882,11039,175843,False,False
O17887,C005,2026-06-06,자사몰,패션잡화,395156,29615,365541,False,False
O17888,C001,2026-06-07,자사몰,생활용품,194574,5313,189261,False,False
O17889,C001,2026-06-07,자사몰,뷰티,103500,5414,98086,False,False
O17890,C001,2026-06-07,자사몰,디지털,334104,15367,318737,False,False
O17891,C001,2026-06-07,자사몰,생활용품,274450,10343,264107,False,False
O17892,C001,2026-06-07,자사몰,디지털,261482,7910,253572,False,False
O17893,C001,2026-06-07,자사몰,뷰티,416520,21155,395365,False,False
O17894,C001,2026-06-07,자사몰,생활용품,92272,4598,87674,False,False
O17895,C001,2026-06-07,자사몰,패션잡화,84598,4599,79999,False,True
O17896,C001,2026-06-07,자사몰,디지털,34935,1811,33124,False,False
O17897,C001,2026-06-07,자사몰,뷰티,215112,12538,202574,False,False
O17898,C001,2026-06-07,자사몰,생활용품,46600,2915,43685,False,False
O17899,C002,2026-06-07,오픈마켓,식품,111707,7727,103980,False,False
O17900,C002,2026-06-07,오픈마켓,패션잡화,306617,12715,293902,False,False
O17901,C002,2026-06-07,오픈마켓,뷰티,104139,2832,101307,False,False
O17902,C002,2026-06-07,오픈마켓,패션잡화,167575,4217,163358,False,False
O17903,C002,2026-06-07,오픈마켓,식품,158667,7788,150879,False,False
O17904,C002,2026-06-07,오픈마켓,디지털,192846,14096,178750,False,False
O17905,C002,2026-06-07,오픈마켓,식품,314212,12573,301639,False,False
O17906,C002,2026-06-07,오픈마켓,생활용품,49118,1438,47680,False,False
O17907,C002,2026-06-07,오픈마켓,생활용품,187145,8843,178302,False,False
O17908,C002,2026-06-07,오픈마켓,패션잡화,96505,4883,91622,False,False
O17909,C002,2026-06-07,오픈마켓,디지털,172500,9242,163258,False,False
O17910,C002,2026-06-07,오픈마켓,생활용품,312693,16628,296065,False,False
O17911,C002,2026-06-07,오픈마켓,식품,111049,8058,102991,False,False
O17912,C003,2026-06-07,라이브,뷰티,63509,2106,61403,False,False
O17913,C003,2026-06-07,라이브,뷰티,126450,7269,119181,False,False
O17914,C003,2026-06-07,라이브,생활용품,172110,8828,163282,False,False
O17915,C003,2026-06-07,라이브,패션잡화,204030,13542,190488,False,False
O17916,C003,2026-06-07,라이브,식품,254614,9297,245317,False,False
O17917,C003,2026-06-07,라이브,생활용품,383403,10663,372740,False,False
O17918,C003,2026-06-07,라이브,식품,102295,6086,96209,False,False
O17919,C003,2026-06-07,라이브,식품,151059,10620,140439,False,False
O17920,C003,2026-06-07,라이브,디지털,164040,9901,154139,False,False
O17921,C004,2026-06-07,오픈마켓,생활용품,130010,7653,122357,False,False
O17922,C004,2026-06-07,오픈마켓,생활용품,319252,22078,297174,False,True
O17923,C004,2026-06-07,오픈마켓,식품,65544,4395,61149,False,False
O17924,C004,2026-06-07,오픈마켓,패션잡화,72021,1907,70114,False,False
O17925,C004,2026-06-07,오픈마켓,식품,221725,12898,208827,False,False
O17926,C004,2026-06-07,오픈마켓,생활용품,273851,20385,253466,False,False
O17927,C004,2026-06-07,오픈마켓,뷰티,111125,7043,104082,False,False
O17928,C004,2026-06-07,오픈마켓,패션잡화,361445,22089,339356,False,False
O17929,C004,2026-06-07,오픈마켓,패션잡화,365315,19973,345342,False,False
O17930,C004,2026-06-07,오픈마켓,생활용품,176654,12023,164631,False,False
O17931,C004,2026-06-07,오픈마켓,디지털,228020,8758,219262,False,True
O17932,C004,2026-06-07,오픈마켓,디지털,330273,8834,321439,False,False
O17933,C005,2026-06-07,자사몰,생활용품,175462,11661,163801,False,True
O17934,C005,2026-06-07,자사몰,식품,72946,2620,70326,False,False
O17935,C005,2026-06-07,자사몰,디지털,59490,2349,57141,False,False
O17936,C005,2026-06-07,자사몰,디지털,55662,2816,52846,False,False
O17937,C005,2026-06-07,자사몰,뷰티,325423,12774,312649,False,False
O17938,C005,2026-06-07,자사몰,디지털,308485,10217,298268,False,False
O17939,C005,2026-06-07,자사몰,패션잡화,165488,6368,159120,False,False
O17940,C005,2026-06-07,자사몰,디지털,377618,15254,362364,False,False
O17941,C005,2026-06-07,자사몰,식품,349369,19906,329463,False,False
O17942,C005,2026-06-07,자사몰,디지털,383000,19516,363484,False,False
O17943,C005,2026-06-07,자사몰,식품,89292,3566,85726,False,False
O17944,C005,2026-06-07,자사몰,패션잡화,318751,10040,308711,False,False
O17945,C005,2026-06-07,자사몰,디지털,61502,4549,56953,False,False
O17946,C005,2026-06-07,자사몰,뷰티,275383,12848,262535,False,False
O17947,C005,2026-06-07,자사몰,패션잡화,139498,6098,133400,False,False
O17948,C005,2026-06-07,자사몰,식품,242633,8478,234155,False,False
O17949,C001,2026-06-08,자사몰,생활용품,106488,3742,0,True,False
O17950,C001,2026-06-08,자사몰,식품,303758,11904,291854,False,False
O17951,C001,2026-06-08,자사몰,디지털,369768,22908,346860,False,False
O17952,C001,2026-06-08,자사몰,뷰티,237481,11014,226467,False,False
O17953,C001,2026-06-08,자사몰,뷰티,153048,6404,146644,False,False
O17954,C001,2026-06-08,자사몰,뷰티,175314,5306,170008,False,False
O17955,C001,2026-06-08,자사몰,디지털,47632,3276,44356,False,False
O17956,C001,2026-06-08,자사몰,뷰티,83948,5093,0,True,False
O17957,C001,2026-06-08,자사몰,디지털,351890,20985,330905,False,False
O17958,C002,2026-06-08,오픈마켓,식품,236138,6083,230055,False,False
O17959,C002,2026-06-08,오픈마켓,생활용품,362685,26517,336168,False,False
O17960,C002,2026-06-08,오픈마켓,생활용품,408669,19110,389559,False,False
O17961,C002,2026-06-08,오픈마켓,패션잡화,249242,6822,242420,False,False
O17962,C003,2026-06-08,라이브,패션잡화,300193,19024,281169,False,False
O17963,C003,2026-06-08,라이브,식품,308755,21529,287226,False,False
O17964,C003,2026-06-08,라이브,패션잡화,264432,19623,244809,False,False
O17965,C003,2026-06-08,라이브,패션잡화,53462,2469,50993,False,False
O17966,C003,2026-06-08,라이브,식품,303848,11032,292816,False,False
O17967,C003,2026-06-08,라이브,생활용품,261318,19529,241789,False,False
O17968,C003,2026-06-08,라이브,디지털,184546,6251,178295,False,False
O17969,C003,2026-06-08,라이브,패션잡화,33505,2376,31129,False,False
O17970,C003,2026-06-08,라이브,식품,106102,4335,101767,False,False
O17971,C003,2026-06-08,라이브,뷰티,113078,3142,109936,False,False
O17972,C003,2026-06-08,라이브,생활용품,362456,10836,351620,False,False
O17973,C004,2026-06-08,오픈마켓,식품,327951,20248,307703,False,True
O17974,C004,2026-06-08,오픈마켓,생활용품,165909,5489,160420,False,False
O17975,C004,2026-06-08,오픈마켓,패션잡화,209240,13645,195595,False,False
O17976,C004,2026-06-08,오픈마켓,디지털,176949,8805,168144,False,False
O17977,C004,2026-06-08,오픈마켓,패션잡화,390683,24915,365768,False,False
O17978,C004,2026-06-08,오픈마켓,디지털,127454,5552,121902,False,False
O17979,C004,2026-06-08,오픈마켓,생활용품,385909,16417,369492,False,False
O17980,C004,2026-06-08,오픈마켓,뷰티,95949,4687,91262,False,False
O17981,C004,2026-06-08,오픈마켓,식품,86040,2514,83526,False,False
O17982,C004,2026-06-08,오픈마켓,뷰티,253764,15373,238391,False,False
O17983,C004,2026-06-08,오픈마켓,식품,345720,23487,322233,False,False
O17984,C004,2026-06-08,오픈마켓,생활용품,99636,4220,0,True,False
O17985,C004,2026-06-08,오픈마켓,생활용품,77778,2662,75116,False,False
O17986,C004,2026-06-08,오픈마켓,패션잡화,143998,8981,135017,False,False
O17987,C004,2026-06-08,오픈마켓,패션잡화,297163,19989,277174,False,False
O17988,C004,2026-06-08,오픈마켓,뷰티,261225,13216,248009,False,False
O17989,C005,2026-06-08,자사몰,디지털,186703,12133,174570,False,False
O17990,C005,2026-06-08,자사몰,패션잡화,106585,5727,100858,False,False
O17991,C005,2026-06-08,자사몰,식품,162721,9439,153282,False,True
O17992,C005,2026-06-08,자사몰,디지털,339414,15272,324142,False,False
O17993,C005,2026-06-08,자사몰,뷰티,42213,2987,39226,False,False
O17994,C005,2026-06-08,자사몰,패션잡화,184577,6938,177639,False,False
O17995,C005,2026-06-08,자사몰,뷰티,64874,2335,62539,False,False
O17996,C005,2026-06-08,자사몰,뷰티,356380,17733,338647,False,False
O17997,C005,2026-06-08,자사몰,패션잡화,140122,8021,132101,False,False
O17998,C005,2026-06-08,자사몰,디지털,91685,6409,85276,False,False
O17999,C005,2026-06-08,자사몰,뷰티,152905,9112,143793,False,False
O18000,C005,2026-06-08,자사몰,패션잡화,273406,7908,265498,False,False
O18001,C005,2026-06-08,자사몰,패션잡화,328139,13673,314466,False,False
O18002,C005,2026-06-08,자사몰,패션잡화,286078,10591,275487,False,False
O18003,C001,2026-06-09,자사몰,식품,253760,18951,234809,False,False
O18004,C001,2026-06-09,자사몰,뷰티,369791,16383,353408,False,False
O18005,C001,2026-06-09,자사몰,생활용품,110562,6017,104545,False,False
O18006,C001,2026-06-09,자사몰,패션잡화,308035,9682,298353,False,False
O18007,C001,2026-06-09,자사몰,패션잡화,81373,3360,78013,False,False
O18008,C001,2026-06-09,자사몰,생활용품,35505,1983,33522,False,False
O18009,C001,2026-06-09,자사몰,디지털,90272,2885,87387,False,False
O18010,C001,2026-06-09,자사몰,디지털,327677,8827,318850,False,False
O18011,C001,2026-06-09,자사몰,디지털,191168,7134,184034,False,False
O18012,C001,2026-06-09,자사몰,패션잡화,187744,5128,182616,False,True
O18013,C001,2026-06-09,자사몰,패션잡화,360967,16943,344024,False,True
O18014,C001,2026-06-09,자사몰,뷰티,293790,10645,283145,False,False
O18015,C001,2026-06-09,자사몰,패션잡화,250414,13155,237259,False,False
O18016,C001,2026-06-09,자사몰,뷰티,329677,20702,308975,False,False
O18017,C001,2026-06-09,자사몰,식품,363266,13366,349900,False,False
O18018,C002,2026-06-09,오픈마켓,패션잡화,142615,7751,134864,False,False
O18019,C002,2026-06-09,오픈마켓,패션잡화,377176,21147,356029,False,False
O18020,C002,2026-06-09,오픈마켓,디지털,380131,15148,364983,False,False
O18021,C002,2026-06-09,오픈마켓,패션잡화,57840,2615,55225,False,True
O18022,C002,2026-06-09,오픈마켓,식품,66088,2633,63455,False,False
O18023,C002,2026-06-09,오픈마켓,식품,412516,16433,396083,False,False
O18024,C002,2026-06-09,오픈마켓,생활용품,115115,6268,108847,False,False
O18025,C002,2026-06-09,오픈마켓,식품,112723,5836,106887,False,False
O18026,C002,2026-06-09,오픈마켓,패션잡화,175053,12232,162821,False,False
O18027,C002,2026-06-09,오픈마켓,디지털,38823,2388,36435,False,False
O18028,C003,2026-06-09,라이브,식품,158384,4558,153826,False,True
O18029,C003,2026-06-09,라이브,뷰티,282539,15569,266970,False,False
O18030,C003,2026-06-09,라이브,생활용품,261741,19218,242523,False,False
O18031,C003,2026-06-09,라이브,뷰티,273855,13417,260438,False,True
O18032,C003,2026-06-09,라이브,디지털,116516,5137,111379,False,True
O18033,C003,2026-06-09,라이브,식품,280480,20463,260017,False,False
O18034,C004,2026-06-09,오픈마켓,생활용품,106763,6172,100591,False,False
O18035,C004,2026-06-09,오픈마켓,생활용품,268761,12982,255779,False,False
O18036,C004,2026-06-09,오픈마켓,패션잡화,243537,10014,233523,False,False
O18037,C004,2026-06-09,오픈마켓,디지털,265727,10026,255701,False,False
O18038,C004,2026-06-09,오픈마켓,식품,194559,12090,182469,False,False
O18039,C004,2026-06-09,오픈마켓,디지털,80205,3380,76825,False,False
O18040,C004,2026-06-09,오픈마켓,디지털,387397,10164,377233,False,False
O18041,C005,2026-06-09,자사몰,뷰티,295763,21105,274658,False,False
O18042,C005,2026-06-09,자사몰,패션잡화,365487,19266,346221,False,False
O18043,C005,2026-06-09,자사몰,패션잡화,39832,2814,37018,False,False
O18044,C005,2026-06-09,자사몰,생활용품,349530,14160,335370,False,False
O18045,C005,2026-06-09,자사몰,디지털,399827,26336,373491,False,False
O18046,C005,2026-06-09,자사몰,뷰티,383981,17074,0,True,False
O18047,C005,2026-06-09,자사몰,뷰티,396115,24982,371133,False,False
O18048,C005,2026-06-09,자사몰,식품,279898,9483,270415,False,False
O18049,C005,2026-06-09,자사몰,디지털,139229,7773,131456,False,False
O18050,C005,2026-06-09,자사몰,디지털,336805,14458,322347,False,False
O18051,C005,2026-06-09,자사몰,디지털,405413,11603,393810,False,False
O18052,C001,2026-06-10,자사몰,패션잡화,213571,8536,205035,False,False
O18053,C001,2026-06-10,자사몰,디지털,329093,15381,313712,False,False
O18054,C001,2026-06-10,자사몰,생활용품,72369,5087,67282,False,False
O18055,C001,2026-06-10,자사몰,식품,333600,20985,312615,False,False
O18056,C001,2026-06-10,자사몰,패션잡화,162741,4073,158668,False,False
O18057,C001,2026-06-10,자사몰,패션잡화,344839,13211,331628,False,False
O18058,C001,2026-06-10,자사몰,패션잡화,242996,6862,236134,False,False
O18059,C001,2026-06-10,자사몰,식품,345508,20111,325397,False,False
O18060,C001,2026-06-10,자사몰,뷰티,116966,7771,109195,False,False
O18061,C001,2026-06-10,자사몰,디지털,310146,20384,289762,False,False
O18062,C001,2026-06-10,자사몰,생활용품,219964,7101,212863,False,False
O18063,C002,2026-06-10,오픈마켓,식품,329843,23356,306487,False,False
O18064,C002,2026-06-10,오픈마켓,식품,117129,7730,109399,False,False
O18065,C002,2026-06-10,오픈마켓,패션잡화,360974,15622,345352,False,False
O18066,C002,2026-06-10,오픈마켓,식품,250233,13009,237224,False,True
O18067,C002,2026-06-10,오픈마켓,뷰티,74946,3007,71939,False,False
O18068,C003,2026-06-10,라이브,뷰티,194912,9279,185633,False,False
O18069,C003,2026-06-10,라이브,식품,178979,9429,169550,False,False
O18070,C003,2026-06-10,라이브,디지털,214614,11338,203276,False,True
O18071,C003,2026-06-10,라이브,식품,248520,18188,230332,False,False
O18072,C003,2026-06-10,라이브,패션잡화,356983,22651,334332,False,False
O18073,C003,2026-06-10,라이브,디지털,256258,17701,238557,False,False
O18074,C003,2026-06-10,라이브,식품,351554,24475,327079,False,False
O18075,C003,2026-06-10,라이브,식품,363414,14363,349051,False,False
O18076,C003,2026-06-10,라이브,생활용품,81518,4562,76956,False,True
O18077,C003,2026-06-10,라이브,식품,111942,6799,105143,False,False
O18078,C003,2026-06-10,라이브,식품,319242,21542,297700,False,False
O18079,C003,2026-06-10,라이브,디지털,196952,14455,182497,False,False
O18080,C004,2026-06-10,오픈마켓,디지털,70271,2111,68160,False,False
O18081,C004,2026-06-10,오픈마켓,생활용품,334793,23919,310874,False,False
O18082,C004,2026-06-10,오픈마켓,식품,406918,16887,390031,False,False
O18083,C004,2026-06-10,오픈마켓,뷰티,94985,2592,92393,False,False
O18084,C004,2026-06-10,오픈마켓,뷰티,163000,8666,154334,False,False
O18085,C005,2026-06-10,자사몰,디지털,212056,7176,204880,False,False
O18086,C005,2026-06-10,자사몰,식품,269089,18902,250187,False,False
O18087,C005,2026-06-10,자사몰,식품,217001,8393,208608,False,True
O18088,C005,2026-06-10,자사몰,식품,289602,14287,275315,False,False
O18089,C005,2026-06-10,자사몰,디지털,186575,7582,178993,False,False
O18090,C005,2026-06-10,자사몰,디지털,134592,5973,128619,False,False
O18091,C005,2026-06-10,자사몰,식품,248618,13020,0,True,False
O18092,C005,2026-06-10,자사몰,패션잡화,125645,4964,120681,False,False
O18093,C005,2026-06-10,자사몰,뷰티,130364,4880,125484,False,False
O18094,C005,2026-06-10,자사몰,디지털,110029,5926,104103,False,False
O18095,C005,2026-06-10,자사몰,디지털,255190,11883,243307,False,False
O18096,C005,2026-06-10,자사몰,패션잡화,267399,14632,252767,False,False
O18097,C005,2026-06-10,자사몰,뷰티,297637,19044,278593,False,False
O18098,C005,2026-06-10,자사몰,디지털,348884,11795,337089,False,False
O18099,C005,2026-06-10,자사몰,뷰티,236983,8258,228725,False,False
O18100,C001,2026-06-11,자사몰,디지털,252765,16019,236746,False,False
O18101,C001,2026-06-11,자사몰,식품,203179,7749,195430,False,False
O18102,C001,2026-06-11,자사몰,생활용품,194642,11653,182989,False,False
O18103,C001,2026-06-11,자사몰,생활용품,34365,1775,32590,False,False
O18104,C001,2026-06-11,자사몰,뷰티,401372,17441,383931,False,False
O18105,C001,2026-06-11,자사몰,생활용품,280118,11691,268427,False,False
O18106,C001,2026-06-11,자사몰,뷰티,316140,17287,298853,False,False
O18107,C002,2026-06-11,오픈마켓,뷰티,289043,11794,277249,False,False
O18108,C002,2026-06-11,오픈마켓,뷰티,162418,9348,153070,False,False
O18109,C002,2026-06-11,오픈마켓,생활용품,203588,5312,198276,False,False
O18110,C002,2026-06-11,오픈마켓,패션잡화,79882,3661,76221,False,False
O18111,C002,2026-06-11,오픈마켓,뷰티,301620,21654,279966,False,False
O18112,C002,2026-06-11,오픈마켓,패션잡화,356065,11601,344464,False,False
O18113,C002,2026-06-11,오픈마켓,생활용품,303315,17712,0,True,False
O18114,C002,2026-06-11,오픈마켓,생활용품,102521,6200,96321,False,False
O18115,C003,2026-06-11,라이브,디지털,182625,8461,174164,False,False
O18116,C003,2026-06-11,라이브,뷰티,378780,25992,352788,False,False
O18117,C003,2026-06-11,라이브,뷰티,384245,17307,366938,False,False
O18118,C003,2026-06-11,라이브,패션잡화,246713,8538,238175,False,False
O18119,C003,2026-06-11,라이브,패션잡화,327526,22405,305121,False,False
O18120,C003,2026-06-11,라이브,식품,206494,9859,196635,False,False
O18121,C003,2026-06-11,라이브,생활용품,50691,2187,48504,False,False
O18122,C003,2026-06-11,라이브,뷰티,239844,13341,226503,False,False
O18123,C003,2026-06-11,라이브,식품,70317,2723,67594,False,False
O18124,C003,2026-06-11,라이브,식품,221985,9345,212640,False,False
O18125,C003,2026-06-11,라이브,뷰티,245151,14088,231063,False,False
O18126,C003,2026-06-11,라이브,식품,326304,21833,304471,False,False
O18127,C003,2026-06-11,라이브,뷰티,213116,5454,207662,False,False
O18128,C004,2026-06-11,오픈마켓,뷰티,202983,7309,195674,False,False
O18129,C004,2026-06-11,오픈마켓,패션잡화,239990,11207,228783,False,True
O18130,C004,2026-06-11,오픈마켓,뷰티,296967,16766,280201,False,False
O18131,C004,2026-06-11,오픈마켓,디지털,394097,13743,380354,False,False
O18132,C004,2026-06-11,오픈마켓,패션잡화,63686,2374,61312,False,False
O18133,C004,2026-06-11,오픈마켓,패션잡화,388545,10491,378054,False,False
O18134,C005,2026-06-11,자사몰,패션잡화,205587,7737,197850,False,False
O18135,C005,2026-06-11,자사몰,식품,128151,4659,123492,False,False
O18136,C005,2026-06-11,자사몰,디지털,297560,14708,282852,False,False
O18137,C005,2026-06-11,자사몰,식품,53646,2848,50798,False,False
O18138,C005,2026-06-11,자사몰,패션잡화,255475,11504,243971,False,False
O18139,C005,2026-06-11,자사몰,디지털,186963,10615,176348,False,False
O18140,C005,2026-06-11,자사몰,생활용품,101367,2683,98684,False,False
O18141,C005,2026-06-11,자사몰,디지털,369534,14597,354937,False,False
O18142,C001,2026-06-12,자사몰,패션잡화,155679,10077,145602,False,False
O18143,C001,2026-06-12,자사몰,식품,393714,11517,382197,False,False
O18144,C001,2026-06-12,자사몰,뷰티,98772,3913,94859,False,True
O18145,C001,2026-06-12,자사몰,생활용품,324249,21290,302959,False,False
O18146,C001,2026-06-12,자사몰,생활용품,50071,3158,46913,False,False
O18147,C001,2026-06-12,자사몰,디지털,160831,4862,155969,False,True
O18148,C002,2026-06-12,오픈마켓,생활용품,46093,3266,42827,False,False
O18149,C002,2026-06-12,오픈마켓,식품,191470,8092,183378,False,False
O18150,C002,2026-06-12,오픈마켓,뷰티,87176,4617,82559,False,False
O18151,C002,2026-06-12,오픈마켓,디지털,311942,19922,292020,False,True
O18152,C002,2026-06-12,오픈마켓,생활용품,290285,7888,282397,False,False
O18153,C002,2026-06-12,오픈마켓,식품,154548,8204,146344,False,False
O18154,C002,2026-06-12,오픈마켓,생활용품,321867,17812,304055,False,False
O18155,C002,2026-06-12,오픈마켓,디지털,130346,9752,120594,False,False
O18156,C002,2026-06-12,오픈마켓,디지털,64827,2945,61882,False,False
O18157,C002,2026-06-12,오픈마켓,패션잡화,154163,7549,146614,False,False
O18158,C002,2026-06-12,오픈마켓,식품,218367,16161,202206,False,False
O18159,C002,2026-06-12,오픈마켓,식품,45851,2033,43818,False,False
O18160,C002,2026-06-12,오픈마켓,뷰티,335002,22705,312297,False,False
O18161,C002,2026-06-12,오픈마켓,패션잡화,57687,2767,54920,False,False
O18162,C002,2026-06-12,오픈마켓,뷰티,76415,5607,70808,False,False
O18163,C003,2026-06-12,라이브,생활용품,383041,16269,0,True,False
O18164,C003,2026-06-12,라이브,생활용품,173015,10749,162266,False,False
O18165,C003,2026-06-12,라이브,뷰티,172206,10461,161745,False,False
O18166,C003,2026-06-12,라이브,생활용품,163582,11170,152412,False,False
O18167,C003,2026-06-12,라이브,뷰티,332960,9171,323789,False,False
O18168,C004,2026-06-12,오픈마켓,디지털,253679,11519,242160,False,False
O18169,C004,2026-06-12,오픈마켓,생활용품,118155,3627,114528,False,False
O18170,C004,2026-06-12,오픈마켓,식품,412917,25197,387720,False,False
O18171,C004,2026-06-12,오픈마켓,뷰티,214205,11822,202383,False,False
O18172,C004,2026-06-12,오픈마켓,식품,162590,8554,154036,False,False
O18173,C004,2026-06-12,오픈마켓,디지털,40408,2789,37619,False,False
O18174,C004,2026-06-12,오픈마켓,디지털,367415,20432,346983,False,False
O18175,C004,2026-06-12,오픈마켓,생활용품,235475,14213,221262,False,False
O18176,C004,2026-06-12,오픈마켓,뷰티,98382,6897,91485,False,False
O18177,C004,2026-06-12,오픈마켓,뷰티,165808,10676,155132,False,False
O18178,C004,2026-06-12,오픈마켓,패션잡화,383275,14265,369010,False,False
O18179,C004,2026-06-12,오픈마켓,뷰티,223591,7983,215608,False,False
O18180,C004,2026-06-12,오픈마켓,패션잡화,284368,11835,272533,False,False
O18181,C004,2026-06-12,오픈마켓,패션잡화,156478,7190,149288,False,False
O18182,C004,2026-06-12,오픈마켓,뷰티,356107,24663,331444,False,False
O18183,C005,2026-06-12,자사몰,식품,117540,6233,111307,False,False
O18184,C005,2026-06-12,자사몰,패션잡화,408723,25195,383528,False,False
O18185,C005,2026-06-12,자사몰,패션잡화,369475,16337,353138,False,False
O18186,C005,2026-06-12,자사몰,생활용품,380003,17020,362983,False,False
O18187,C005,2026-06-12,자사몰,식품,242526,11328,231198,False,False
O18188,C001,2026-06-13,자사몰,패션잡화,168894,10060,158834,False,False
O18189,C001,2026-06-13,자사몰,생활용품,344740,18302,326438,False,False
O18190,C001,2026-06-13,자사몰,뷰티,273520,10686,262834,False,False
O18191,C001,2026-06-13,자사몰,디지털,358310,20507,337803,False,False
O18192,C001,2026-06-13,자사몰,뷰티,251249,11307,239942,False,False
O18193,C001,2026-06-13,자사몰,뷰티,102137,7509,94628,False,False
O18194,C001,2026-06-13,자사몰,식품,328684,11726,316958,False,False
O18195,C001,2026-06-13,자사몰,패션잡화,182561,10550,172011,False,True
O18196,C001,2026-06-13,자사몰,디지털,32638,1205,31433,False,False
O18197,C001,2026-06-13,자사몰,생활용품,161792,11833,149959,False,False
O18198,C002,2026-06-13,오픈마켓,생활용품,114609,6664,107945,False,False
O18199,C002,2026-06-13,오픈마켓,디지털,340935,15022,325913,False,True
O18200,C002,2026-06-13,오픈마켓,식품,153882,4070,149812,False,False
O18201,C002,2026-06-13,오픈마켓,식품,71364,5242,66122,False,False
O18202,C003,2026-06-13,라이브,식품,239334,14773,224561,False,False
O18203,C003,2026-06-13,라이브,식품,84574,3903,80671,False,False
O18204,C003,2026-06-13,라이브,식품,295761,8847,286914,False,True
O18205,C003,2026-06-13,라이브,디지털,73037,2229,70808,False,False
O18206,C003,2026-06-13,라이브,뷰티,416298,19017,397281,False,False
O18207,C003,2026-06-13,라이브,식품,366983,16185,350798,False,False
O18208,C003,2026-06-13,라이브,뷰티,107796,3071,104725,False,False
O18209,C003,2026-06-13,라이브,뷰티,104927,6560,98367,False,False
O18210,C003,2026-06-13,라이브,디지털,177973,8390,169583,False,False
O18211,C003,2026-06-13,라이브,식품,47795,1534,46261,False,False
O18212,C003,2026-06-13,라이브,뷰티,405476,15117,0,True,False
O18213,C003,2026-06-13,라이브,뷰티,243421,14424,228997,False,False
O18214,C003,2026-06-13,라이브,디지털,180451,6454,173997,False,False
O18215,C003,2026-06-13,라이브,뷰티,111299,4675,106624,False,False
O18216,C004,2026-06-13,오픈마켓,식품,306428,8268,298160,False,False
O18217,C004,2026-06-13,오픈마켓,뷰티,334876,21940,312936,False,False
O18218,C004,2026-06-13,오픈마켓,뷰티,129224,7827,121397,False,False
O18219,C004,2026-06-13,오픈마켓,식품,304505,17652,286853,False,False
O18220,C004,2026-06-13,오픈마켓,생활용품,41316,1466,39850,False,False
O18221,C004,2026-06-13,오픈마켓,뷰티,270099,18708,251391,False,False
O18222,C004,2026-06-13,오픈마켓,패션잡화,256882,11139,245743,False,False
O18223,C004,2026-06-13,오픈마켓,패션잡화,133740,4266,129474,False,False
O18224,C004,2026-06-13,오픈마켓,생활용품,307676,8005,299671,False,False
O18225,C004,2026-06-13,오픈마켓,디지털,86042,3712,82330,False,False
O18226,C004,2026-06-13,오픈마켓,생활용품,385933,28277,357656,False,False
O18227,C005,2026-06-13,자사몰,생활용품,144603,3620,140983,False,True
O18228,C005,2026-06-13,자사몰,디지털,398466,14614,383852,False,False
O18229,C005,2026-06-13,자사몰,디지털,326158,22977,303181,False,False
O18230,C005,2026-06-13,자사몰,디지털,340793,11153,329640,False,False
O18231,C005,2026-06-13,자사몰,생활용품,92011,2802,89209,False,False
O18232,C005,2026-06-13,자사몰,식품,386284,16464,369820,False,False
O18233,C005,2026-06-13,자사몰,생활용품,146655,8379,138276,False,False
O18234,C005,2026-06-13,자사몰,디지털,357820,15142,342678,False,False
O18235,C005,2026-06-13,자사몰,패션잡화,389719,9995,379724,False,False
O18236,C005,2026-06-13,자사몰,생활용품,304617,19699,284918,False,False
O18237,C005,2026-06-13,자사몰,패션잡화,44568,1686,42882,False,False
O18238,C001,2026-06-14,자사몰,패션잡화,313990,20422,293568,False,False
O18239,C001,2026-06-14,자사몰,디지털,279332,16823,262509,False,False
O18240,C001,2026-06-14,자사몰,뷰티,173695,12588,161107,False,False
O18241,C001,2026-06-14,자사몰,식품,195413,6877,188536,False,False
O18242,C001,2026-06-14,자사몰,식품,152220,5309,146911,False,False
O18243,C001,2026-06-14,자사몰,식품,198156,14842,183314,False,False
O18244,C001,2026-06-14,자사몰,디지털,325364,19201,306163,False,True
O18245,C001,2026-06-14,자사몰,뷰티,203579,6984,196595,False,False
O18246,C002,2026-06-14,오픈마켓,뷰티,273746,14383,259363,False,False
O18247,C002,2026-06-14,오픈마켓,생활용품,42962,2479,40483,False,False
O18248,C002,2026-06-14,오픈마켓,패션잡화,141753,9444,132309,False,False
O18249,C002,2026-06-14,오픈마켓,패션잡화,402973,20407,382566,False,False
O18250,C002,2026-06-14,오픈마켓,뷰티,151555,10438,141117,False,False
O18251,C002,2026-06-14,오픈마켓,디지털,146406,8558,137848,False,False
O18252,C002,2026-06-14,오픈마켓,디지털,196900,11248,185652,False,False
O18253,C002,2026-06-14,오픈마켓,디지털,311135,9940,0,True,False
O18254,C002,2026-06-14,오픈마켓,뷰티,336337,10535,325802,False,False
O18255,C002,2026-06-14,오픈마켓,디지털,216187,10313,205874,False,False
O18256,C002,2026-06-14,오픈마켓,디지털,169497,7673,0,True,False
O18257,C002,2026-06-14,오픈마켓,뷰티,414506,28720,385786,False,False
O18258,C003,2026-06-14,라이브,식품,401195,25634,375561,False,False
O18259,C003,2026-06-14,라이브,식품,115557,5911,109646,False,False
O18260,C003,2026-06-14,라이브,패션잡화,180242,9754,170488,False,False
O18261,C003,2026-06-14,라이브,패션잡화,393449,13335,380114,False,False
O18262,C003,2026-06-14,라이브,뷰티,147936,10778,137158,False,False
O18263,C003,2026-06-14,라이브,생활용품,337175,12066,325109,False,True
O18264,C003,2026-06-14,라이브,디지털,320398,15272,305126,False,False
O18265,C003,2026-06-14,라이브,생활용품,61882,2322,59560,False,False
O18266,C003,2026-06-14,라이브,식품,50142,3579,46563,False,False
O18267,C003,2026-06-14,라이브,디지털,331937,10263,321674,False,False
O18268,C003,2026-06-14,라이브,생활용품,167522,8026,159496,False,False
O18269,C003,2026-06-14,라이브,생활용품,285984,7234,278750,False,False
O18270,C004,2026-06-14,오픈마켓,패션잡화,312277,13209,299068,False,False
O18271,C004,2026-06-14,오픈마켓,식품,174677,8874,165803,False,False
O18272,C004,2026-06-14,오픈마켓,패션잡화,197244,14173,183071,False,False
O18273,C004,2026-06-14,오픈마켓,뷰티,278352,11465,266887,False,False
O18274,C004,2026-06-14,오픈마켓,패션잡화,100357,5174,95183,False,False
O18275,C004,2026-06-14,오픈마켓,뷰티,404649,19008,385641,False,False
O18276,C004,2026-06-14,오픈마켓,디지털,304969,8576,296393,False,False
O18277,C004,2026-06-14,오픈마켓,식품,261016,18717,242299,False,False
O18278,C004,2026-06-14,오픈마켓,생활용품,43004,1933,41071,False,False
O18279,C004,2026-06-14,오픈마켓,식품,262407,9273,253134,False,False
O18280,C004,2026-06-14,오픈마켓,식품,184617,13581,171036,False,False
O18281,C004,2026-06-14,오픈마켓,뷰티,173945,11049,162896,False,False
O18282,C004,2026-06-14,오픈마켓,식품,348207,12467,335740,False,False
O18283,C004,2026-06-14,오픈마켓,패션잡화,390450,11334,379116,False,False
O18284,C004,2026-06-14,오픈마켓,생활용품,139159,8324,130835,False,False
O18285,C005,2026-06-14,자사몰,식품,229457,12862,216595,False,False
O18286,C005,2026-06-14,자사몰,패션잡화,258104,16722,241382,False,False
O18287,C005,2026-06-14,자사몰,디지털,237760,12868,224892,False,False
O18288,C005,2026-06-14,자사몰,디지털,336798,24581,312217,False,True
O18289,C005,2026-06-14,자사몰,디지털,87466,4475,82991,False,False
O18290,C005,2026-06-14,자사몰,생활용품,211676,9292,202384,False,False
O18291,C005,2026-06-14,자사몰,식품,402079,21101,380978,False,False
O18292,C005,2026-06-14,자사몰,디지털,133889,5635,128254,False,False
O18293,C005,2026-06-14,자사몰,뷰티,96623,6262,90361,False,False
O18294,C005,2026-06-14,자사몰,패션잡화,112259,3423,108836,False,False
O18295,C005,2026-06-14,자사몰,뷰티,139596,6181,133415,False,False
O18296,C005,2026-06-14,자사몰,패션잡화,262282,11949,250333,False,False
O18297,C005,2026-06-14,자사몰,패션잡화,294521,9354,285167,False,False
O18298,C005,2026-06-14,자사몰,패션잡화,412498,29729,382769,False,False
O18299,C005,2026-06-14,자사몰,뷰티,382784,16800,365984,False,False
O18300,C001,2026-06-15,자사몰,뷰티,208752,5899,202853,False,False
O18301,C001,2026-06-15,자사몰,뷰티,111237,4045,107192,False,False
O18302,C001,2026-06-15,자사몰,디지털,375754,11578,364176,False,False
O18303,C001,2026-06-15,자사몰,생활용품,251508,18074,233434,False,False
O18304,C001,2026-06-15,자사몰,식품,315672,13787,301885,False,False
O18305,C001,2026-06-15,자사몰,패션잡화,48353,2776,45577,False,False
O18306,C001,2026-06-15,자사몰,디지털,230254,11798,218456,False,False
O18307,C001,2026-06-15,자사몰,생활용품,308088,13377,294711,False,False
O18308,C001,2026-06-15,자사몰,식품,332322,9227,323095,False,False
O18309,C001,2026-06-15,자사몰,디지털,381591,19402,362189,False,False
O18310,C001,2026-06-15,자사몰,디지털,165870,9181,156689,False,False
O18311,C001,2026-06-15,자사몰,식품,231885,9634,222251,False,False
O18312,C001,2026-06-15,자사몰,뷰티,164550,6191,158359,False,False
O18313,C002,2026-06-15,오픈마켓,디지털,274425,18737,255688,False,False
O18314,C002,2026-06-15,오픈마켓,디지털,166341,6442,159899,False,False
O18315,C002,2026-06-15,오픈마켓,뷰티,263440,10109,253331,False,False
O18316,C002,2026-06-15,오픈마켓,디지털,393870,19343,374527,False,False
O18317,C002,2026-06-15,오픈마켓,패션잡화,117073,7071,110002,False,False
O18318,C002,2026-06-15,오픈마켓,뷰티,71895,3320,68575,False,False
O18319,C002,2026-06-15,오픈마켓,패션잡화,156518,5331,151187,False,False
O18320,C002,2026-06-15,오픈마켓,디지털,242735,10239,232496,False,False
O18321,C002,2026-06-15,오픈마켓,생활용품,262731,17621,245110,False,False
O18322,C002,2026-06-15,오픈마켓,디지털,339900,21076,318824,False,False
O18323,C003,2026-06-15,라이브,패션잡화,62642,3946,58696,False,False
O18324,C003,2026-06-15,라이브,뷰티,138961,8983,129978,False,False
O18325,C003,2026-06-15,라이브,뷰티,296056,16192,279864,False,False
O18326,C003,2026-06-15,라이브,뷰티,225953,8704,217249,False,False
O18327,C003,2026-06-15,라이브,뷰티,402733,28295,374438,False,False
O18328,C003,2026-06-15,라이브,식품,159091,5532,153559,False,False
O18329,C004,2026-06-15,오픈마켓,패션잡화,373000,24689,348311,False,False
O18330,C004,2026-06-15,오픈마켓,식품,295743,20761,274982,False,False
O18331,C004,2026-06-15,오픈마켓,뷰티,46407,2480,43927,False,False
O18332,C004,2026-06-15,오픈마켓,패션잡화,223751,13749,0,True,False
O18333,C004,2026-06-15,오픈마켓,디지털,50722,3075,47647,False,True
O18334,C004,2026-06-15,오픈마켓,식품,137610,5573,132037,False,False
O18335,C004,2026-06-15,오픈마켓,패션잡화,371732,16033,355699,False,False
O18336,C004,2026-06-15,오픈마켓,패션잡화,375538,20444,355094,False,False
O18337,C004,2026-06-15,오픈마켓,식품,60056,1633,58423,False,False
O18338,C004,2026-06-15,오픈마켓,패션잡화,372034,19709,352325,False,True
O18339,C004,2026-06-15,오픈마켓,생활용품,310377,8313,302064,False,True
O18340,C004,2026-06-15,오픈마켓,뷰티,235193,7189,228004,False,False
O18341,C005,2026-06-15,자사몰,뷰티,42724,3030,39694,False,False
O18342,C005,2026-06-15,자사몰,디지털,302519,20381,282138,False,False
O18343,C005,2026-06-15,자사몰,패션잡화,227782,12596,215186,False,False
O18344,C005,2026-06-15,자사몰,생활용품,210539,7018,203521,False,False
O18345,C005,2026-06-15,자사몰,패션잡화,347282,14283,332999,False,False
O18346,C005,2026-06-15,자사몰,패션잡화,134082,6757,127325,False,False
O18347,C005,2026-06-15,자사몰,패션잡화,181148,7684,173464,False,False
O18348,C005,2026-06-15,자사몰,식품,364049,24291,339758,False,False
O18349,C005,2026-06-15,자사몰,디지털,351739,9342,342397,False,False
O18350,C005,2026-06-15,자사몰,패션잡화,132710,7415,125295,False,False
O18351,C005,2026-06-15,자사몰,패션잡화,320961,13926,307035,False,False
O18352,C005,2026-06-15,자사몰,뷰티,364763,21935,342828,False,True
O18353,C001,2026-06-16,자사몰,디지털,307844,8827,299017,False,False
O18354,C001,2026-06-16,자사몰,패션잡화,154292,7228,0,True,False
O18355,C001,2026-06-16,자사몰,뷰티,35194,1016,34178,False,False
O18356,C001,2026-06-16,자사몰,생활용품,386385,23513,362872,False,False
O18357,C001,2026-06-16,자사몰,디지털,212485,12643,199842,False,False
O18358,C001,2026-06-16,자사몰,디지털,348718,11849,0,True,False
O18359,C001,2026-06-16,자사몰,식품,358409,19846,338563,False,False
O18360,C001,2026-06-16,자사몰,식품,243777,11292,232485,False,False
O18361,C001,2026-06-16,자사몰,패션잡화,270585,9678,260907,False,False
O18362,C001,2026-06-16,자사몰,뷰티,317519,16746,300773,False,False
O18363,C001,2026-06-16,자사몰,생활용품,383875,12606,371269,False,False
O18364,C001,2026-06-16,자사몰,패션잡화,280000,12496,267504,False,False
O18365,C001,2026-06-16,자사몰,뷰티,268210,15855,252355,False,False
O18366,C002,2026-06-16,오픈마켓,디지털,220957,13769,207188,False,False
O18367,C002,2026-06-16,오픈마켓,식품,269905,11021,258884,False,False
O18368,C002,2026-06-16,오픈마켓,생활용품,280704,8356,272348,False,False
O18369,C002,2026-06-16,오픈마켓,패션잡화,44689,2380,42309,False,False
O18370,C002,2026-06-16,오픈마켓,패션잡화,129868,6947,122921,False,False
O18371,C002,2026-06-16,오픈마켓,패션잡화,74483,4943,0,True,False
O18372,C002,2026-06-16,오픈마켓,식품,53747,3245,50502,False,False
O18373,C002,2026-06-16,오픈마켓,생활용품,259015,8227,250788,False,False
O18374,C002,2026-06-16,오픈마켓,식품,265656,11436,254220,False,False
O18375,C002,2026-06-16,오픈마켓,식품,195467,11693,183774,False,False
O18376,C002,2026-06-16,오픈마켓,뷰티,310845,21683,289162,False,False
O18377,C002,2026-06-16,오픈마켓,뷰티,80021,4044,75977,False,False
O18378,C002,2026-06-16,오픈마켓,디지털,278024,8284,269740,False,False
O18379,C003,2026-06-16,라이브,뷰티,199963,9576,190387,False,False
O18380,C003,2026-06-16,라이브,패션잡화,348693,17953,330740,False,False
O18381,C003,2026-06-16,라이브,식품,126707,8253,118454,False,False
O18382,C003,2026-06-16,라이브,디지털,257142,16681,240461,False,False
O18383,C003,2026-06-16,라이브,뷰티,193584,5118,188466,False,False
O18384,C003,2026-06-16,라이브,디지털,145189,4257,0,True,False
O18385,C003,2026-06-16,라이브,뷰티,310704,17223,293481,False,False
O18386,C003,2026-06-16,라이브,디지털,244316,7025,237291,False,False
O18387,C003,2026-06-16,라이브,뷰티,393329,13718,379611,False,False
O18388,C003,2026-06-16,라이브,뷰티,137916,6742,131174,False,False
O18389,C003,2026-06-16,라이브,패션잡화,405331,23952,381379,False,True
O18390,C004,2026-06-16,오픈마켓,생활용품,248136,6973,0,True,False
O18391,C004,2026-06-16,오픈마켓,생활용품,207755,14217,193538,False,False
O18392,C004,2026-06-16,오픈마켓,패션잡화,205902,5958,199944,False,False
O18393,C004,2026-06-16,오픈마켓,뷰티,332015,15977,316038,False,False
O18394,C005,2026-06-16,자사몰,디지털,50333,1401,48932,False,False
O18395,C005,2026-06-16,자사몰,디지털,327647,11964,315683,False,False
O18396,C005,2026-06-16,자사몰,뷰티,104372,5865,98507,False,False
O18397,C005,2026-06-16,자사몰,식품,58690,3334,55356,False,False
O18398,C005,2026-06-16,자사몰,생활용품,46580,3103,43477,False,False
O18399,C001,2026-06-17,자사몰,패션잡화,340194,16220,323974,False,False
O18400,C001,2026-06-17,자사몰,생활용품,244302,17169,227133,False,False
O18401,C001,2026-06-17,자사몰,생활용품,346163,24976,321187,False,False
O18402,C001,2026-06-17,자사몰,디지털,72238,3714,68524,False,False
O18403,C001,2026-06-17,자사몰,뷰티,196114,6837,189277,False,False
O18404,C001,2026-06-17,자사몰,식품,156020,7636,148384,False,False
O18405,C001,2026-06-17,자사몰,뷰티,300326,22245,278081,False,False
O18406,C001,2026-06-17,자사몰,패션잡화,192755,13274,179481,False,False
O18407,C001,2026-06-17,자사몰,디지털,310922,9303,0,True,False
O18408,C001,2026-06-17,자사몰,디지털,292467,11106,281361,False,False
O18409,C001,2026-06-17,자사몰,패션잡화,161894,4231,157663,False,False
O18410,C002,2026-06-17,오픈마켓,디지털,92894,4469,88425,False,False
O18411,C002,2026-06-17,오픈마켓,생활용품,167092,12376,154716,False,False
O18412,C002,2026-06-17,오픈마켓,생활용품,355713,10560,345153,False,False
O18413,C002,2026-06-17,오픈마켓,식품,268153,7569,260584,False,False
O18414,C002,2026-06-17,오픈마켓,생활용품,345499,19587,325912,False,False
O18415,C002,2026-06-17,오픈마켓,패션잡화,408517,17078,391439,False,False
O18416,C003,2026-06-17,라이브,패션잡화,266464,15049,251415,False,False
O18417,C003,2026-06-17,라이브,디지털,346951,25979,320972,False,False
O18418,C003,2026-06-17,라이브,뷰티,237860,14361,223499,False,False
O18419,C003,2026-06-17,라이브,식품,110886,5244,105642,False,False
O18420,C003,2026-06-17,라이브,뷰티,406800,24184,382616,False,False
O18421,C003,2026-06-17,라이브,디지털,147835,4168,143667,False,False
O18422,C003,2026-06-17,라이브,뷰티,65226,3142,62084,False,False
O18423,C003,2026-06-17,라이브,뷰티,311862,10164,301698,False,False
O18424,C003,2026-06-17,라이브,디지털,326769,17782,308987,False,False
O18425,C004,2026-06-17,오픈마켓,뷰티,122340,8459,113881,False,False
O18426,C004,2026-06-17,오픈마켓,식품,307338,8596,298742,False,False
O18427,C004,2026-06-17,오픈마켓,디지털,264118,8467,255651,False,False
O18428,C004,2026-06-17,오픈마켓,생활용품,100670,4715,95955,False,False
O18429,C004,2026-06-17,오픈마켓,뷰티,227770,15267,212503,False,False
O18430,C004,2026-06-17,오픈마켓,디지털,252927,10478,242449,False,False
O18431,C004,2026-06-17,오픈마켓,생활용품,190765,10331,180434,False,False
O18432,C004,2026-06-17,오픈마켓,생활용품,232902,6055,226847,False,False
O18433,C004,2026-06-17,오픈마켓,뷰티,87532,5269,82263,False,False
O18434,C004,2026-06-17,오픈마켓,식품,296164,9571,286593,False,False
O18435,C004,2026-06-17,오픈마켓,식품,87224,4500,0,True,False
O18436,C004,2026-06-17,오픈마켓,디지털,85047,4443,80604,False,False
O18437,C005,2026-06-17,자사몰,패션잡화,188297,7632,180665,False,False
O18438,C005,2026-06-17,자사몰,디지털,110510,4188,106322,False,False
O18439,C005,2026-06-17,자사몰,패션잡화,105419,6182,99237,False,False
O18440,C005,2026-06-17,자사몰,식품,237109,6825,230284,False,False
O18441,C005,2026-06-17,자사몰,디지털,233309,7475,225834,False,False
O18442,C005,2026-06-17,자사몰,디지털,395957,24905,371052,False,False
O18443,C005,2026-06-17,자사몰,디지털,387030,17233,369797,False,False
O18444,C005,2026-06-17,자사몰,생활용품,249662,15530,234132,False,False
O18445,C005,2026-06-17,자사몰,식품,206750,5692,201058,False,False
O18446,C001,2026-06-18,자사몰,디지털,352948,17976,334972,False,False
O18447,C001,2026-06-18,자사몰,패션잡화,406444,18871,387573,False,False
O18448,C001,2026-06-18,자사몰,패션잡화,378690,20675,358015,False,False
O18449,C001,2026-06-18,자사몰,뷰티,396048,10396,385652,False,False
O18450,C001,2026-06-18,자사몰,패션잡화,232863,8743,224120,False,False
O18451,C001,2026-06-18,자사몰,생활용품,151365,8492,142873,False,False
O18452,C001,2026-06-18,자사몰,식품,238203,14027,224176,False,False
O18453,C001,2026-06-18,자사몰,디지털,259330,8707,250623,False,False
O18454,C001,2026-06-18,자사몰,디지털,312730,13075,299655,False,False
O18455,C001,2026-06-18,자사몰,패션잡화,291969,19308,272661,False,False
O18456,C001,2026-06-18,자사몰,식품,361796,22245,339551,False,False
O18457,C001,2026-06-18,자사몰,패션잡화,88790,3989,84801,False,False
O18458,C001,2026-06-18,자사몰,디지털,99839,5005,94834,False,False
O18459,C002,2026-06-18,오픈마켓,패션잡화,253651,14700,238951,False,False
O18460,C002,2026-06-18,오픈마켓,생활용품,111000,6941,104059,False,False
O18461,C002,2026-06-18,오픈마켓,뷰티,366496,21663,344833,False,False
O18462,C002,2026-06-18,오픈마켓,뷰티,226127,6179,219948,False,False
O18463,C002,2026-06-18,오픈마켓,패션잡화,318332,23130,295202,False,False
O18464,C002,2026-06-18,오픈마켓,디지털,85255,4879,80376,False,False
O18465,C002,2026-06-18,오픈마켓,생활용품,226095,7472,218623,False,False
O18466,C002,2026-06-18,오픈마켓,식품,138479,8352,130127,False,False
O18467,C002,2026-06-18,오픈마켓,디지털,396796,28022,368774,False,False
O18468,C002,2026-06-18,오픈마켓,디지털,97738,5128,92610,False,False
O18469,C002,2026-06-18,오픈마켓,식품,54925,3891,51034,False,False
O18470,C002,2026-06-18,오픈마켓,패션잡화,102384,6668,95716,False,False
O18471,C002,2026-06-18,오픈마켓,디지털,107691,6594,101097,False,False
O18472,C002,2026-06-18,오픈마켓,뷰티,82390,3169,79221,False,False
O18473,C003,2026-06-18,라이브,디지털,108984,5896,103088,False,False
O18474,C003,2026-06-18,라이브,패션잡화,121665,9057,112608,False,False
O18475,C003,2026-06-18,라이브,디지털,385275,17044,368231,False,False
O18476,C003,2026-06-18,라이브,디지털,363258,26759,336499,False,False
O18477,C003,2026-06-18,라이브,뷰티,63039,2460,60579,False,True
O18478,C003,2026-06-18,라이브,식품,277066,10505,266561,False,False
O18479,C004,2026-06-18,오픈마켓,생활용품,358497,16835,341662,False,True
O18480,C004,2026-06-18,오픈마켓,디지털,133547,6859,126688,False,False
O18481,C004,2026-06-18,오픈마켓,뷰티,358985,10301,348684,False,False
O18482,C004,2026-06-18,오픈마켓,생활용품,389451,22296,0,True,False
O18483,C004,2026-06-18,오픈마켓,생활용품,76406,5652,70754,False,False
O18484,C004,2026-06-18,오픈마켓,패션잡화,43223,1966,41257,False,False
O18485,C004,2026-06-18,오픈마켓,식품,324870,12266,312604,False,False
O18486,C004,2026-06-18,오픈마켓,패션잡화,195784,7263,188521,False,False
O18487,C004,2026-06-18,오픈마켓,생활용품,72182,3105,69077,False,False
O18488,C004,2026-06-18,오픈마켓,디지털,285262,18376,266886,False,False
O18489,C004,2026-06-18,오픈마켓,디지털,102334,2989,99345,False,False
O18490,C004,2026-06-18,오픈마켓,생활용품,206992,7722,199270,False,False
O18491,C004,2026-06-18,오픈마켓,뷰티,63832,1597,62235,False,False
O18492,C004,2026-06-18,오픈마켓,생활용품,313571,14153,299418,False,True
O18493,C004,2026-06-18,오픈마켓,디지털,79871,2365,77506,False,False
O18494,C005,2026-06-18,자사몰,뷰티,258162,9270,248892,False,False
O18495,C005,2026-06-18,자사몰,패션잡화,152733,11198,141535,False,False
O18496,C005,2026-06-18,자사몰,생활용품,364204,26755,337449,False,False
O18497,C005,2026-06-18,자사몰,디지털,81772,2533,79239,False,False
O18498,C005,2026-06-18,자사몰,식품,89770,2809,86961,False,False
O18499,C005,2026-06-18,자사몰,패션잡화,347128,14559,332569,False,False
O18500,C005,2026-06-18,자사몰,뷰티,144467,6922,137545,False,False
O18501,C005,2026-06-18,자사몰,식품,204207,14325,0,True,False
O18502,C005,2026-06-18,자사몰,디지털,229982,14472,215510,False,False
O18503,C005,2026-06-18,자사몰,생활용품,328936,16387,312549,False,False
O18504,C005,2026-06-18,자사몰,생활용품,344226,9666,334560,False,True
O18505,C005,2026-06-18,자사몰,패션잡화,193884,12567,181317,False,False
O18506,C005,2026-06-18,자사몰,식품,147846,8585,139261,False,False
O18507,C005,2026-06-18,자사몰,패션잡화,397919,13738,384181,False,False
O18508,C001,2026-06-19,자사몰,생활용품,56729,2969,53760,False,False
O18509,C001,2026-06-19,자사몰,식품,149261,9519,139742,False,True
O18510,C001,2026-06-19,자사몰,생활용품,380988,27672,353316,False,False
O18511,C001,2026-06-19,자사몰,생활용품,305962,17210,288752,False,False
O18512,C001,2026-06-19,자사몰,생활용품,105144,7834,97310,False,False
O18513,C001,2026-06-19,자사몰,디지털,44308,2375,41933,False,False
O18514,C001,2026-06-19,자사몰,식품,418938,11901,407037,False,False
O18515,C002,2026-06-19,오픈마켓,디지털,114801,7187,107614,False,False
O18516,C002,2026-06-19,오픈마켓,디지털,57802,1683,56119,False,False
O18517,C002,2026-06-19,오픈마켓,식품,362570,25603,336967,False,False
O18518,C002,2026-06-19,오픈마켓,식품,295736,15139,280597,False,False
O18519,C002,2026-06-19,오픈마켓,뷰티,378440,28197,350243,False,False
O18520,C002,2026-06-19,오픈마켓,식품,401047,20929,380118,False,False
O18521,C003,2026-06-19,라이브,뷰티,267076,7358,259718,False,False
O18522,C003,2026-06-19,라이브,식품,86627,5579,81048,False,False
O18523,C003,2026-06-19,라이브,생활용품,384490,17985,366505,False,False
O18524,C003,2026-06-19,라이브,식품,232359,7531,224828,False,False
O18525,C003,2026-06-19,라이브,디지털,210569,5889,204680,False,False
O18526,C003,2026-06-19,라이브,뷰티,309542,10053,299489,False,False
O18527,C003,2026-06-19,라이브,뷰티,58587,3597,54990,False,False
O18528,C003,2026-06-19,라이브,식품,72807,2586,70221,False,False
O18529,C003,2026-06-19,라이브,식품,176727,8512,168215,False,False
O18530,C003,2026-06-19,라이브,생활용품,401603,21446,380157,False,False
O18531,C003,2026-06-19,라이브,디지털,169451,7096,162355,False,False
O18532,C004,2026-06-19,오픈마켓,뷰티,174409,5020,169389,False,False
O18533,C004,2026-06-19,오픈마켓,식품,182315,7124,175191,False,False
O18534,C004,2026-06-19,오픈마켓,뷰티,57121,2024,55097,False,False
O18535,C004,2026-06-19,오픈마켓,식품,331881,15982,315899,False,False
O18536,C004,2026-06-19,오픈마켓,식품,202838,7922,194916,False,True
O18537,C004,2026-06-19,오픈마켓,생활용품,201362,7304,194058,False,False
O18538,C005,2026-06-19,자사몰,디지털,387662,11267,376395,False,False
O18539,C005,2026-06-19,자사몰,생활용품,235183,14566,220617,False,True
O18540,C005,2026-06-19,자사몰,식품,305200,11984,293216,False,False
O18541,C005,2026-06-19,자사몰,패션잡화,54935,2173,52762,False,False
O18542,C005,2026-06-19,자사몰,식품,404876,24624,380252,False,False
O18543,C005,2026-06-19,자사몰,디지털,130677,4422,126255,False,False
O18544,C005,2026-06-19,자사몰,패션잡화,54603,3087,51516,False,False
O18545,C005,2026-06-19,자사몰,디지털,267831,6700,261131,False,False
O18546,C005,2026-06-19,자사몰,패션잡화,370918,11938,358980,False,False
O18547,C005,2026-06-19,자사몰,식품,387602,22840,364762,False,False
O18548,C005,2026-06-19,자사몰,패션잡화,128849,6378,0,True,False
O18549,C005,2026-06-19,자사몰,뷰티,236265,12121,224144,False,False
O18550,C001,2026-06-20,자사몰,뷰티,127021,7551,119470,False,False
O18551,C001,2026-06-20,자사몰,패션잡화,193629,14486,179143,False,False
O18552,C001,2026-06-20,자사몰,디지털,395704,24531,371173,False,False
O18553,C001,2026-06-20,자사몰,패션잡화,350771,14354,336417,False,False
O18554,C001,2026-06-20,자사몰,디지털,154407,4736,149671,False,False
O18555,C001,2026-06-20,자사몰,뷰티,152241,9442,142799,False,False
O18556,C001,2026-06-20,자사몰,디지털,113240,4694,108546,False,False
O18557,C002,2026-06-20,오픈마켓,디지털,151415,11225,140190,False,False
O18558,C002,2026-06-20,오픈마켓,뷰티,194036,14126,179910,False,False
O18559,C002,2026-06-20,오픈마켓,식품,386615,20819,365796,False,False
O18560,C002,2026-06-20,오픈마켓,패션잡화,221933,8286,213647,False,False
O18561,C002,2026-06-20,오픈마켓,생활용품,413677,26619,387058,False,False
O18562,C002,2026-06-20,오픈마켓,뷰티,294048,17349,276699,False,False
O18563,C002,2026-06-20,오픈마켓,뷰티,69318,4949,64369,False,False
O18564,C002,2026-06-20,오픈마켓,생활용품,244906,16149,0,True,False
O18565,C002,2026-06-20,오픈마켓,식품,387712,21891,365821,False,False
O18566,C002,2026-06-20,오픈마켓,생활용품,257450,11210,246240,False,False
O18567,C002,2026-06-20,오픈마켓,생활용품,305457,16125,289332,False,False
O18568,C002,2026-06-20,오픈마켓,패션잡화,113520,4463,109057,False,False
O18569,C003,2026-06-20,라이브,디지털,276132,16808,259324,False,False
O18570,C003,2026-06-20,라이브,디지털,161101,10710,150391,False,False
O18571,C003,2026-06-20,라이브,디지털,243843,8274,235569,False,False
O18572,C003,2026-06-20,라이브,패션잡화,204740,13720,191020,False,False
O18573,C003,2026-06-20,라이브,식품,418477,13828,404649,False,False
O18574,C003,2026-06-20,라이브,패션잡화,167232,8754,158478,False,False
O18575,C003,2026-06-20,라이브,디지털,298881,10664,288217,False,False
O18576,C003,2026-06-20,라이브,생활용품,351180,19860,331320,False,True
O18577,C003,2026-06-20,라이브,패션잡화,90341,5504,84837,False,False
O18578,C004,2026-06-20,오픈마켓,뷰티,211731,9676,202055,False,False
O18579,C004,2026-06-20,오픈마켓,식품,226237,13057,213180,False,False
O18580,C004,2026-06-20,오픈마켓,식품,234634,11928,222706,False,False
O18581,C004,2026-06-20,오픈마켓,패션잡화,290024,12753,277271,False,False
O18582,C004,2026-06-20,오픈마켓,생활용품,72690,3944,68746,False,True
O18583,C004,2026-06-20,오픈마켓,생활용품,99262,3276,95986,False,True
O18584,C004,2026-06-20,오픈마켓,디지털,132997,5305,127692,False,False
O18585,C004,2026-06-20,오픈마켓,패션잡화,46670,1796,44874,False,False
O18586,C004,2026-06-20,오픈마켓,뷰티,232654,13648,219006,False,False
O18587,C004,2026-06-20,오픈마켓,디지털,58327,3946,54381,False,False
O18588,C004,2026-06-20,오픈마켓,식품,57495,3733,53762,False,False
O18589,C004,2026-06-20,오픈마켓,패션잡화,98574,3471,95103,False,False
O18590,C004,2026-06-20,오픈마켓,디지털,336654,14269,322385,False,False
O18591,C004,2026-06-20,오픈마켓,뷰티,182278,7170,175108,False,False
O18592,C005,2026-06-20,자사몰,생활용품,185368,10204,175164,False,True
O18593,C005,2026-06-20,자사몰,패션잡화,119241,8047,111194,False,False
O18594,C005,2026-06-20,자사몰,뷰티,133193,3792,129401,False,False
O18595,C005,2026-06-20,자사몰,패션잡화,252563,9914,242649,False,False
O18596,C005,2026-06-20,자사몰,생활용품,112709,5030,107679,False,False
O18597,C005,2026-06-20,자사몰,식품,214162,6490,207672,False,False
O18598,C005,2026-06-20,자사몰,디지털,227301,12094,215207,False,False
O18599,C005,2026-06-20,자사몰,디지털,318330,8031,310299,False,False
O18600,C005,2026-06-20,자사몰,생활용품,119008,7851,111157,False,False
O18601,C005,2026-06-20,자사몰,뷰티,218192,7198,210994,False,False
O18602,C001,2026-06-21,자사몰,생활용품,116702,4380,112322,False,False
O18603,C001,2026-06-21,자사몰,생활용품,244787,15837,228950,False,False
O18604,C001,2026-06-21,자사몰,디지털,309966,10580,299386,False,False
O18605,C001,2026-06-21,자사몰,패션잡화,184997,4906,180091,False,False
O18606,C001,2026-06-21,자사몰,디지털,56072,1929,54143,False,False
O18607,C001,2026-06-21,자사몰,뷰티,275624,15037,260587,False,False
O18608,C001,2026-06-21,자사몰,디지털,81277,3576,77701,False,False
O18609,C001,2026-06-21,자사몰,패션잡화,368108,21711,346397,False,False
O18610,C002,2026-06-21,오픈마켓,식품,371516,18373,353143,False,False
O18611,C002,2026-06-21,오픈마켓,패션잡화,299315,8841,290474,False,False
O18612,C002,2026-06-21,오픈마켓,뷰티,141089,6800,134289,False,True
O18613,C002,2026-06-21,오픈마켓,생활용품,319968,12074,307894,False,True
O18614,C002,2026-06-21,오픈마켓,디지털,329877,10269,319608,False,False
O18615,C002,2026-06-21,오픈마켓,식품,132179,3766,128413,False,False
O18616,C002,2026-06-21,오픈마켓,뷰티,201614,9657,191957,False,False
O18617,C002,2026-06-21,오픈마켓,뷰티,54217,3005,51212,False,False
O18618,C003,2026-06-21,라이브,뷰티,407075,18366,388709,False,False
O18619,C003,2026-06-21,라이브,뷰티,234578,6338,228240,False,False
O18620,C003,2026-06-21,라이브,생활용품,74611,5580,69031,False,False
O18621,C003,2026-06-21,라이브,패션잡화,355558,22096,333462,False,False
O18622,C003,2026-06-21,라이브,뷰티,288952,20045,268907,False,False
O18623,C003,2026-06-21,라이브,식품,395592,25190,370402,False,False
O18624,C003,2026-06-21,라이브,패션잡화,48243,2305,45938,False,False
O18625,C003,2026-06-21,라이브,식품,252555,16304,236251,False,False
O18626,C003,2026-06-21,라이브,생활용품,108258,3389,104869,False,False
O18627,C003,2026-06-21,라이브,패션잡화,291626,7869,283757,False,False
O18628,C003,2026-06-21,라이브,식품,147527,5047,142480,False,False
O18629,C003,2026-06-21,라이브,패션잡화,379993,10287,369706,False,False
O18630,C003,2026-06-21,라이브,식품,209064,9331,199733,False,False
O18631,C003,2026-06-21,라이브,식품,51065,3715,47350,False,False
O18632,C003,2026-06-21,라이브,디지털,217880,14823,203057,False,False
O18633,C003,2026-06-21,라이브,뷰티,273604,14323,259281,False,False
O18634,C004,2026-06-21,오픈마켓,생활용품,41073,2801,38272,False,False
O18635,C004,2026-06-21,오픈마켓,식품,301180,16129,285051,False,False
O18636,C004,2026-06-21,오픈마켓,뷰티,335507,16148,319359,False,False
O18637,C004,2026-06-21,오픈마켓,패션잡화,306039,14590,291449,False,False
O18638,C004,2026-06-21,오픈마켓,식품,416910,25423,391487,False,False
O18639,C004,2026-06-21,오픈마켓,뷰티,369740,23942,345798,False,False
O18640,C004,2026-06-21,오픈마켓,뷰티,141257,9046,132211,False,False
O18641,C004,2026-06-21,오픈마켓,뷰티,233831,11055,222776,False,False
O18642,C004,2026-06-21,오픈마켓,뷰티,261574,12468,249106,False,False
O18643,C004,2026-06-21,오픈마켓,디지털,258437,15484,242953,False,False
O18644,C004,2026-06-21,오픈마켓,생활용품,247742,7846,239896,False,False
O18645,C004,2026-06-21,오픈마켓,뷰티,128505,9209,119296,False,False
O18646,C004,2026-06-21,오픈마켓,패션잡화,265755,19808,245947,False,False
O18647,C005,2026-06-21,자사몰,식품,139692,5189,134503,False,False
O18648,C005,2026-06-21,자사몰,뷰티,322736,19525,303211,False,False
O18649,C005,2026-06-21,자사몰,생활용품,114574,6299,108275,False,False
O18650,C005,2026-06-21,자사몰,패션잡화,132663,7447,125216,False,False
O18651,C001,2026-06-22,자사몰,생활용품,90245,2661,87584,False,True
O18652,C001,2026-06-22,자사몰,생활용품,172231,9128,163103,False,False
O18653,C001,2026-06-22,자사몰,패션잡화,208293,7188,201105,False,True
O18654,C001,2026-06-22,자사몰,생활용품,134947,8831,126116,False,False
O18655,C001,2026-06-22,자사몰,식품,342726,22277,320449,False,False
O18656,C001,2026-06-22,자사몰,생활용품,214185,6515,207670,False,False
O18657,C001,2026-06-22,자사몰,식품,217093,5565,211528,False,False
O18658,C001,2026-06-22,자사몰,디지털,359904,24318,335586,False,False
O18659,C001,2026-06-22,자사몰,뷰티,249842,7640,242202,False,False
O18660,C001,2026-06-22,자사몰,뷰티,355371,9608,345763,False,False
O18661,C001,2026-06-22,자사몰,패션잡화,353013,16341,336672,False,False
O18662,C001,2026-06-22,자사몰,생활용품,166958,10772,0,True,False
O18663,C002,2026-06-22,오픈마켓,패션잡화,185318,11932,173386,False,False
O18664,C002,2026-06-22,오픈마켓,생활용품,381113,20674,360439,False,False
O18665,C002,2026-06-22,오픈마켓,패션잡화,120419,3520,116899,False,True
O18666,C002,2026-06-22,오픈마켓,패션잡화,177756,11589,166167,False,False
O18667,C002,2026-06-22,오픈마켓,식품,387071,19398,367673,False,False
O18668,C002,2026-06-22,오픈마켓,뷰티,248375,6973,241402,False,False
O18669,C002,2026-06-22,오픈마켓,뷰티,53771,4027,49744,False,False
O18670,C002,2026-06-22,오픈마켓,디지털,397689,22696,0,True,False
O18671,C002,2026-06-22,오픈마켓,생활용품,346022,19541,326481,False,False
O18672,C003,2026-06-22,라이브,뷰티,217516,15155,202361,False,False
O18673,C003,2026-06-22,라이브,생활용품,187253,5641,181612,False,False
O18674,C003,2026-06-22,라이브,패션잡화,329534,9482,320052,False,False
O18675,C003,2026-06-22,라이브,식품,178530,8489,170041,False,True
O18676,C003,2026-06-22,라이브,뷰티,103660,2656,101004,False,False
O18677,C003,2026-06-22,라이브,식품,43555,1756,41799,False,False
O18678,C004,2026-06-22,오픈마켓,뷰티,91965,5326,86639,False,False
O18679,C004,2026-06-22,오픈마켓,식품,408594,28797,379797,False,False
O18680,C004,2026-06-22,오픈마켓,패션잡화,246757,12987,233770,False,False
O18681,C004,2026-06-22,오픈마켓,디지털,241583,13512,228071,False,False
O18682,C005,2026-06-22,자사몰,식품,107486,5310,102176,False,False
O18683,C005,2026-06-22,자사몰,디지털,321602,15970,305632,False,False
O18684,C005,2026-06-22,자사몰,패션잡화,94778,3558,91220,False,False
O18685,C005,2026-06-22,자사몰,디지털,342556,10309,332247,False,False
O18686,C005,2026-06-22,자사몰,생활용품,321678,22326,299352,False,False
O18687,C005,2026-06-22,자사몰,디지털,355231,17120,338111,False,False
O18688,C001,2026-06-23,자사몰,식품,155188,4833,150355,False,False
O18689,C001,2026-06-23,자사몰,디지털,134841,9376,125465,False,False
O18690,C001,2026-06-23,자사몰,패션잡화,377895,19928,357967,False,False
O18691,C001,2026-06-23,자사몰,식품,153917,9227,144690,False,False
O18692,C001,2026-06-23,자사몰,식품,124479,3948,0,True,False
O18693,C001,2026-06-23,자사몰,뷰티,177607,6335,171272,False,False
O18694,C002,2026-06-23,오픈마켓,패션잡화,387699,12354,375345,False,False
O18695,C002,2026-06-23,오픈마켓,패션잡화,296745,9893,286852,False,False
O18696,C002,2026-06-23,오픈마켓,뷰티,155348,6886,148462,False,False
O18697,C002,2026-06-23,오픈마켓,생활용품,362966,25626,337340,False,False
O18698,C002,2026-06-23,오픈마켓,식품,248665,9754,238911,False,False
O18699,C002,2026-06-23,오픈마켓,패션잡화,260568,9175,251393,False,False
O18700,C002,2026-06-23,오픈마켓,식품,304151,9147,295004,False,False
O18701,C002,2026-06-23,오픈마켓,생활용품,231466,16608,214858,False,False
O18702,C002,2026-06-23,오픈마켓,디지털,409727,16846,392881,False,False
O18703,C002,2026-06-23,오픈마켓,패션잡화,298318,13565,284753,False,False
O18704,C002,2026-06-23,오픈마켓,식품,295563,10766,284797,False,False
O18705,C002,2026-06-23,오픈마켓,뷰티,287421,20164,267257,False,False
O18706,C002,2026-06-23,오픈마켓,생활용품,199879,13342,186537,False,False
O18707,C003,2026-06-23,라이브,식품,63417,1763,61654,False,False
O18708,C003,2026-06-23,라이브,생활용품,365194,16555,348639,False,False
O18709,C003,2026-06-23,라이브,패션잡화,97086,6163,90923,False,False
O18710,C003,2026-06-23,라이브,디지털,185902,8580,177322,False,False
O18711,C003,2026-06-23,라이브,패션잡화,338447,10137,328310,False,False
O18712,C003,2026-06-23,라이브,식품,282717,16874,265843,False,False
O18713,C003,2026-06-23,라이브,디지털,76044,4967,71077,False,False
O18714,C003,2026-06-23,라이브,패션잡화,101159,2681,98478,False,False
O18715,C003,2026-06-23,라이브,뷰티,309922,21390,288532,False,False
O18716,C003,2026-06-23,라이브,생활용품,190405,12847,177558,False,False
O18717,C004,2026-06-23,오픈마켓,뷰티,163514,4739,0,True,False
O18718,C004,2026-06-23,오픈마켓,패션잡화,46043,3429,42614,False,False
O18719,C004,2026-06-23,오픈마켓,식품,207071,12791,0,True,False
O18720,C004,2026-06-23,오픈마켓,뷰티,164268,11001,153267,False,False
O18721,C005,2026-06-23,자사몰,뷰티,53743,1573,0,True,False
O18722,C005,2026-06-23,자사몰,식품,47393,1213,46180,False,False
O18723,C005,2026-06-23,자사몰,뷰티,198925,14011,184914,False,False
O18724,C005,2026-06-23,자사몰,패션잡화,347613,23799,323814,False,False
O18725,C005,2026-06-23,자사몰,패션잡화,403211,15071,388140,False,False
O18726,C005,2026-06-23,자사몰,디지털,253768,10788,242980,False,False
O18727,C005,2026-06-23,자사몰,생활용품,244436,6640,237796,False,False
O18728,C005,2026-06-23,자사몰,디지털,402206,14437,387769,False,False
O18729,C005,2026-06-23,자사몰,디지털,219150,5728,213422,False,False
O18730,C005,2026-06-23,자사몰,패션잡화,200574,10647,189927,False,False
O18731,C005,2026-06-23,자사몰,뷰티,367418,25992,341426,False,False
O18732,C005,2026-06-23,자사몰,디지털,179434,13358,166076,False,False
O18733,C005,2026-06-23,자사몰,뷰티,183868,6009,177859,False,False
O18734,C005,2026-06-23,자사몰,생활용품,246578,16590,229988,False,False
O18735,C005,2026-06-23,자사몰,생활용품,393340,28444,364896,False,False
O18736,C001,2026-06-24,자사몰,식품,140286,5283,135003,False,False
O18737,C001,2026-06-24,자사몰,생활용품,88305,3615,84690,False,False
O18738,C001,2026-06-24,자사몰,뷰티,86776,5416,81360,False,False
O18739,C001,2026-06-24,자사몰,디지털,363805,22351,341454,False,False
O18740,C001,2026-06-24,자사몰,생활용품,253844,13463,240381,False,False
O18741,C002,2026-06-24,오픈마켓,디지털,330224,24639,305585,False,False
O18742,C002,2026-06-24,오픈마켓,생활용품,380708,15264,365444,False,False
O18743,C002,2026-06-24,오픈마켓,생활용품,138260,8930,129330,False,False
O18744,C002,2026-06-24,오픈마켓,디지털,193802,10922,182880,False,False
O18745,C002,2026-06-24,오픈마켓,디지털,320378,9192,311186,False,False
O18746,C002,2026-06-24,오픈마켓,생활용품,225303,14083,211220,False,False
O18747,C002,2026-06-24,오픈마켓,디지털,68441,1821,66620,False,False
O18748,C002,2026-06-24,오픈마켓,생활용품,175803,9764,166039,False,False
O18749,C002,2026-06-24,오픈마켓,패션잡화,278566,17121,261445,False,False
O18750,C002,2026-06-24,오픈마켓,패션잡화,263615,19269,244346,False,False
O18751,C002,2026-06-24,오픈마켓,식품,367549,12925,354624,False,False
O18752,C002,2026-06-24,오픈마켓,패션잡화,105462,7322,98140,False,False
O18753,C002,2026-06-24,오픈마켓,생활용품,254910,15638,239272,False,False
O18754,C002,2026-06-24,오픈마켓,뷰티,115064,6340,108724,False,False
O18755,C003,2026-06-24,라이브,뷰티,54451,1606,52845,False,False
O18756,C003,2026-06-24,라이브,패션잡화,203340,11160,192180,False,False
O18757,C003,2026-06-24,라이브,식품,290689,11708,278981,False,False
O18758,C003,2026-06-24,라이브,디지털,97969,6561,91408,False,True
O18759,C003,2026-06-24,라이브,식품,186822,8416,178406,False,False
O18760,C003,2026-06-24,라이브,식품,84077,4950,79127,False,False
O18761,C004,2026-06-24,오픈마켓,식품,46098,2473,43625,False,False
O18762,C004,2026-06-24,오픈마켓,생활용품,100033,7272,92761,False,False
O18763,C004,2026-06-24,오픈마켓,디지털,92682,3265,89417,False,False
O18764,C004,2026-06-24,오픈마켓,디지털,168860,6875,161985,False,False
O18765,C004,2026-06-24,오픈마켓,식품,83271,4438,78833,False,False
O18766,C004,2026-06-24,오픈마켓,식품,52737,1982,50755,False,False
O18767,C004,2026-06-24,오픈마켓,식품,38902,1524,37378,False,False
O18768,C004,2026-06-24,오픈마켓,뷰티,194846,11044,183802,False,False
O18769,C004,2026-06-24,오픈마켓,디지털,140740,7687,133053,False,False
O18770,C004,2026-06-24,오픈마켓,생활용품,275855,15517,260338,False,False
O18771,C004,2026-06-24,오픈마켓,생활용품,350183,19557,0,True,False
O18772,C004,2026-06-24,오픈마켓,패션잡화,64288,1832,62456,False,False
O18773,C004,2026-06-24,오픈마켓,패션잡화,129446,4539,124907,False,False
O18774,C004,2026-06-24,오픈마켓,생활용품,237667,15119,222548,False,False
O18775,C004,2026-06-24,오픈마켓,뷰티,101185,5683,95502,False,False
O18776,C005,2026-06-24,자사몰,뷰티,336808,12837,323971,False,False
O18777,C005,2026-06-24,자사몰,디지털,266266,13698,252568,False,False
O18778,C005,2026-06-24,자사몰,생활용품,43206,2428,40778,False,False
O18779,C005,2026-06-24,자사몰,패션잡화,377398,16457,360941,False,False
O18780,C005,2026-06-24,자사몰,디지털,49670,1417,48253,False,False
O18781,C005,2026-06-24,자사몰,식품,299284,22298,276986,False,False
O18782,C005,2026-06-24,자사몰,디지털,272407,13510,258897,False,False
O18783,C005,2026-06-24,자사몰,뷰티,376909,9608,367301,False,False
O18784,C005,2026-06-24,자사몰,생활용품,282348,19420,262928,False,False
O18785,C005,2026-06-24,자사몰,디지털,83004,4726,0,True,False
O18786,C005,2026-06-24,자사몰,디지털,212934,5950,206984,False,False
O18787,C001,2026-06-25,자사몰,식품,158477,8509,149968,False,False
O18788,C001,2026-06-25,자사몰,생활용품,157887,4396,153491,False,False
O18789,C001,2026-06-25,자사몰,생활용품,182708,5574,177134,False,True
O18790,C001,2026-06-25,자사몰,생활용품,311673,10971,300702,False,False
O18791,C001,2026-06-25,자사몰,식품,135127,7745,127382,False,False
O18792,C001,2026-06-25,자사몰,생활용품,357580,16967,340613,False,False
O18793,C001,2026-06-25,자사몰,패션잡화,150343,5176,145167,False,False
O18794,C001,2026-06-25,자사몰,식품,77677,5184,72493,False,False
O18795,C001,2026-06-25,자사몰,식품,123827,4621,119206,False,False
O18796,C001,2026-06-25,자사몰,뷰티,215458,11348,204110,False,False
O18797,C001,2026-06-25,자사몰,패션잡화,40459,2669,0,True,False
O18798,C001,2026-06-25,자사몰,패션잡화,75918,5270,70648,False,False
O18799,C001,2026-06-25,자사몰,식품,215712,7923,207789,False,False
O18800,C001,2026-06-25,자사몰,뷰티,67533,2037,65496,False,False
O18801,C001,2026-06-25,자사몰,뷰티,319275,10842,308433,False,False
O18802,C002,2026-06-25,오픈마켓,디지털,59032,3159,55873,False,False
O18803,C002,2026-06-25,오픈마켓,식품,370035,27389,342646,False,False
O18804,C002,2026-06-25,오픈마켓,식품,407947,27533,380414,False,False
O18805,C002,2026-06-25,오픈마켓,패션잡화,192154,7593,184561,False,False
O18806,C002,2026-06-25,오픈마켓,생활용품,392143,25106,367037,False,False
O18807,C002,2026-06-25,오픈마켓,식품,247278,16630,230648,False,True
O18808,C002,2026-06-25,오픈마켓,생활용품,135980,4871,131109,False,False
O18809,C002,2026-06-25,오픈마켓,뷰티,99537,5878,0,True,False
O18810,C002,2026-06-25,오픈마켓,생활용품,246197,12501,233696,False,False
O18811,C002,2026-06-25,오픈마켓,패션잡화,183223,10073,173150,False,False
O18812,C002,2026-06-25,오픈마켓,패션잡화,53544,3998,49546,False,False
O18813,C003,2026-06-25,라이브,식품,38918,1855,0,True,False
O18814,C003,2026-06-25,라이브,식품,123924,4395,119529,False,False
O18815,C003,2026-06-25,라이브,패션잡화,403966,19216,384750,False,True
O18816,C003,2026-06-25,라이브,디지털,70591,4384,66207,False,False
O18817,C003,2026-06-25,라이브,식품,363520,23595,339925,False,False
O18818,C003,2026-06-25,라이브,디지털,379625,27560,352065,False,False
O18819,C003,2026-06-25,라이브,생활용품,229652,8299,221353,False,False
O18820,C003,2026-06-25,라이브,디지털,358771,26338,332433,False,False
O18821,C003,2026-06-25,라이브,생활용품,271938,10486,261452,False,False
O18822,C003,2026-06-25,라이브,생활용품,326178,18537,307641,False,False
O18823,C003,2026-06-25,라이브,뷰티,402574,21400,0,True,False
O18824,C004,2026-06-25,오픈마켓,패션잡화,169530,8665,160865,False,False
O18825,C004,2026-06-25,오픈마켓,생활용품,154193,4348,149845,False,False
O18826,C004,2026-06-25,오픈마켓,생활용품,396097,26546,369551,False,False
O18827,C004,2026-06-25,오픈마켓,식품,152482,8563,143919,False,False
O18828,C004,2026-06-25,오픈마켓,디지털,307285,7738,299547,False,False
O18829,C005,2026-06-25,자사몰,패션잡화,176420,10063,166357,False,False
O18830,C005,2026-06-25,자사몰,디지털,346048,25493,320555,False,False
O18831,C005,2026-06-25,자사몰,패션잡화,305519,16880,288639,False,False
O18832,C005,2026-06-25,자사몰,패션잡화,226854,9226,217628,False,False
O18833,C005,2026-06-25,자사몰,디지털,402072,26174,375898,False,False
O18834,C005,2026-06-25,자사몰,디지털,176520,6891,169629,False,False
O18835,C005,2026-06-25,자사몰,디지털,167314,10639,156675,False,False
O18836,C005,2026-06-25,자사몰,패션잡화,188651,4812,183839,False,False
O18837,C005,2026-06-25,자사몰,디지털,183012,6803,176209,False,False
O18838,C005,2026-06-25,자사몰,디지털,206046,7148,198898,False,False
O18839,C005,2026-06-25,자사몰,뷰티,52059,1436,50623,False,False
O18840,C005,2026-06-25,자사몰,생활용품,235168,13904,221264,False,False
O18841,C005,2026-06-25,자사몰,식품,313730,8285,305445,False,False
O18842,C005,2026-06-25,자사몰,생활용품,130397,8887,121510,False,False
O18843,C001,2026-06-26,자사몰,생활용품,194431,9923,184508,False,False
O18844,C001,2026-06-26,자사몰,뷰티,305722,13836,291886,False,False
O18845,C001,2026-06-26,자사몰,뷰티,270537,10113,260424,False,False
O18846,C001,2026-06-26,자사몰,식품,284373,19171,265202,False,False
O18847,C002,2026-06-26,오픈마켓,식품,388401,18810,369591,False,False
O18848,C002,2026-06-26,오픈마켓,디지털,389065,19687,369378,False,False
O18849,C002,2026-06-26,오픈마켓,생활용품,402145,11519,390626,False,True
O18850,C002,2026-06-26,오픈마켓,식품,245139,7511,237628,False,False
O18851,C002,2026-06-26,오픈마켓,디지털,36982,1249,35733,False,False
O18852,C002,2026-06-26,오픈마켓,디지털,39045,1314,37731,False,False
O18853,C002,2026-06-26,오픈마켓,뷰티,340234,19502,320732,False,False
O18854,C002,2026-06-26,오픈마켓,디지털,410951,28792,382159,False,False
O18855,C002,2026-06-26,오픈마켓,뷰티,161710,6222,155488,False,False
O18856,C003,2026-06-26,라이브,생활용품,128049,9573,118476,False,False
O18857,C003,2026-06-26,라이브,디지털,237443,6230,0,True,False
O18858,C003,2026-06-26,라이브,뷰티,388242,26171,362071,False,False
O18859,C003,2026-06-26,라이브,생활용품,335667,10625,325042,False,False
O18860,C003,2026-06-26,라이브,패션잡화,165262,7259,158003,False,False
O18861,C003,2026-06-26,라이브,식품,182900,7815,175085,False,False
O18862,C003,2026-06-26,라이브,뷰티,101991,3341,98650,False,True
O18863,C003,2026-06-26,라이브,뷰티,393169,13381,379788,False,False
O18864,C003,2026-06-26,라이브,디지털,302469,19417,283052,False,False
O18865,C003,2026-06-26,라이브,식품,238949,15513,223436,False,False
O18866,C003,2026-06-26,라이브,패션잡화,310687,20362,290325,False,False
O18867,C003,2026-06-26,라이브,디지털,48828,1589,47239,False,False
O18868,C003,2026-06-26,라이브,디지털,368239,13802,354437,False,False
O18869,C004,2026-06-26,오픈마켓,패션잡화,146871,7528,139343,False,False
O18870,C004,2026-06-26,오픈마켓,뷰티,198157,9733,188424,False,False
O18871,C004,2026-06-26,오픈마켓,식품,206972,10926,196046,False,False
O18872,C004,2026-06-26,오픈마켓,생활용품,357827,18461,339366,False,False
O18873,C004,2026-06-26,오픈마켓,패션잡화,244040,9163,234877,False,False
O18874,C004,2026-06-26,오픈마켓,디지털,61192,3674,57518,False,False
O18875,C004,2026-06-26,오픈마켓,생활용품,264955,12924,252031,False,False
O18876,C004,2026-06-26,오픈마켓,뷰티,92762,3308,89454,False,False
O18877,C004,2026-06-26,오픈마켓,디지털,98608,7127,91481,False,False
O18878,C004,2026-06-26,오픈마켓,뷰티,281800,10443,271357,False,False
O18879,C004,2026-06-26,오픈마켓,디지털,238111,6532,231579,False,True
O18880,C004,2026-06-26,오픈마켓,디지털,76739,3559,73180,False,False
O18881,C004,2026-06-26,오픈마켓,식품,277303,15720,261583,False,False
O18882,C004,2026-06-26,오픈마켓,패션잡화,36324,1232,35092,False,False
O18883,C005,2026-06-26,자사몰,생활용품,290144,19335,270809,False,False
O18884,C005,2026-06-26,자사몰,패션잡화,186505,12788,173717,False,False
O18885,C005,2026-06-26,자사몰,식품,77582,4399,73183,False,False
O18886,C005,2026-06-26,자사몰,패션잡화,210080,10006,200074,False,False
O18887,C005,2026-06-26,자사몰,식품,168201,5865,162336,False,False
O18888,C005,2026-06-26,자사몰,식품,417837,19694,398143,False,False
O18889,C005,2026-06-26,자사몰,생활용품,418321,18128,400193,False,True
O18890,C005,2026-06-26,자사몰,디지털,124969,7973,116996,False,False
O18891,C001,2026-06-27,자사몰,생활용품,217946,6299,211647,False,False
O18892,C001,2026-06-27,자사몰,식품,393027,15161,377866,False,False
O18893,C001,2026-06-27,자사몰,식품,388692,19984,368708,False,True
O18894,C001,2026-06-27,자사몰,패션잡화,413002,15055,397947,False,False
O18895,C001,2026-06-27,자사몰,패션잡화,264303,8752,255551,False,False
O18896,C001,2026-06-27,자사몰,식품,178942,4688,174254,False,False
O18897,C001,2026-06-27,자사몰,뷰티,97723,5864,91859,False,False
O18898,C001,2026-06-27,자사몰,식품,180337,11059,169278,False,False
O18899,C001,2026-06-27,자사몰,뷰티,343937,23356,0,True,False
O18900,C001,2026-06-27,자사몰,뷰티,266316,9939,256377,False,False
O18901,C001,2026-06-27,자사몰,생활용품,141820,9482,132338,False,False
O18902,C001,2026-06-27,자사몰,생활용품,136207,3521,132686,False,False
O18903,C001,2026-06-27,자사몰,뷰티,74875,5183,69692,False,False
O18904,C001,2026-06-27,자사몰,식품,147186,5745,141441,False,False
O18905,C001,2026-06-27,자사몰,생활용품,170210,5552,164658,False,False
O18906,C001,2026-06-27,자사몰,뷰티,107878,6143,101735,False,False
O18907,C002,2026-06-27,오픈마켓,뷰티,296475,20094,276381,False,False
O18908,C002,2026-06-27,오픈마켓,패션잡화,44363,3150,41213,False,False
O18909,C002,2026-06-27,오픈마켓,생활용품,59671,4054,55617,False,False
O18910,C002,2026-06-27,오픈마켓,뷰티,136287,9844,126443,False,False
O18911,C002,2026-06-27,오픈마켓,생활용품,415268,29285,385983,False,False
O18912,C002,2026-06-27,오픈마켓,패션잡화,103315,7105,96210,False,False
O18913,C002,2026-06-27,오픈마켓,식품,89756,3250,86506,False,False
O18914,C002,2026-06-27,오픈마켓,생활용품,309744,15454,0,True,False
O18915,C002,2026-06-27,오픈마켓,디지털,88337,2744,0,True,False
O18916,C002,2026-06-27,오픈마켓,식품,70504,4863,65641,False,False
O18917,C002,2026-06-27,오픈마켓,식품,263362,8302,255060,False,False
O18918,C002,2026-06-27,오픈마켓,패션잡화,394431,23043,371388,False,False
O18919,C003,2026-06-27,라이브,뷰티,49827,2827,47000,False,False
O18920,C003,2026-06-27,라이브,식품,405464,12059,393405,False,False
O18921,C003,2026-06-27,라이브,패션잡화,110508,5821,104687,False,False
O18922,C003,2026-06-27,라이브,생활용품,227739,11520,216219,False,False
O18923,C003,2026-06-27,라이브,생활용품,315803,9018,306785,False,False
O18924,C003,2026-06-27,라이브,생활용품,380813,27710,353103,False,False
O18925,C003,2026-06-27,라이브,패션잡화,102619,5251,97368,False,False
O18926,C003,2026-06-27,라이브,디지털,357585,17620,339965,False,False
O18927,C003,2026-06-27,라이브,패션잡화,167731,8472,159259,False,False
O18928,C003,2026-06-27,라이브,디지털,358914,24894,334020,False,False
O18929,C004,2026-06-27,오픈마켓,뷰티,126549,8549,118000,False,True
O18930,C004,2026-06-27,오픈마켓,뷰티,385010,15912,369098,False,True
O18931,C004,2026-06-27,오픈마켓,디지털,275065,19805,255260,False,False
O18932,C004,2026-06-27,오픈마켓,뷰티,191438,11775,179663,False,False
O18933,C004,2026-06-27,오픈마켓,디지털,114014,3163,110851,False,False
O18934,C004,2026-06-27,오픈마켓,식품,280776,14432,266344,False,False
O18935,C004,2026-06-27,오픈마켓,뷰티,60663,1806,58857,False,False
O18936,C004,2026-06-27,오픈마켓,식품,395970,28854,367116,False,False
O18937,C004,2026-06-27,오픈마켓,생활용품,417199,19971,397228,False,False
O18938,C004,2026-06-27,오픈마켓,생활용품,272396,17070,255326,False,False
O18939,C004,2026-06-27,오픈마켓,식품,176569,7764,168805,False,False
O18940,C005,2026-06-27,자사몰,패션잡화,375562,13209,362353,False,False
O18941,C005,2026-06-27,자사몰,생활용품,197600,9707,187893,False,False
O18942,C005,2026-06-27,자사몰,생활용품,168311,11295,157016,False,False
O18943,C005,2026-06-27,자사몰,식품,323442,14291,309151,False,False
O18944,C005,2026-06-27,자사몰,식품,89298,5352,83946,False,False
O18945,C005,2026-06-27,자사몰,디지털,65986,3536,62450,False,False
O18946,C005,2026-06-27,자사몰,디지털,297058,17738,279320,False,False
O18947,C005,2026-06-27,자사몰,디지털,42296,3003,39293,False,False
O18948,C005,2026-06-27,자사몰,디지털,209281,7206,202075,False,False
O18949,C005,2026-06-27,자사몰,식품,341366,24604,316762,False,False
O18950,C005,2026-06-27,자사몰,디지털,38296,2057,36239,False,False
O18951,C005,2026-06-27,자사몰,패션잡화,50195,3544,46651,False,False
O18952,C001,2026-06-28,자사몰,디지털,114705,3197,111508,False,False
O18953,C001,2026-06-28,자사몰,뷰티,333938,24842,309096,False,True
O18954,C001,2026-06-28,자사몰,식품,370718,18046,352672,False,False
O18955,C001,2026-06-28,자사몰,식품,66635,2710,63925,False,False
O18956,C001,2026-06-28,자사몰,뷰티,224767,14240,210527,False,False
O18957,C001,2026-06-28,자사몰,생활용품,355056,11987,343069,False,False
O18958,C001,2026-06-28,자사몰,생활용품,81505,5075,76430,False,False
O18959,C002,2026-06-28,오픈마켓,뷰티,141366,7066,134300,False,False
O18960,C002,2026-06-28,오픈마켓,디지털,88609,2297,86312,False,False
O18961,C002,2026-06-28,오픈마켓,뷰티,263177,7920,255257,False,False
O18962,C002,2026-06-28,오픈마켓,디지털,197956,12873,185083,False,False
O18963,C002,2026-06-28,오픈마켓,식품,378142,14037,364105,False,False
O18964,C002,2026-06-28,오픈마켓,디지털,218529,6700,211829,False,False
O18965,C002,2026-06-28,오픈마켓,생활용품,179310,6316,172994,False,False
O18966,C002,2026-06-28,오픈마켓,식품,255963,11997,243966,False,False
O18967,C002,2026-06-28,오픈마켓,식품,157700,10667,147033,False,False
O18968,C002,2026-06-28,오픈마켓,패션잡화,295228,19488,275740,False,False
O18969,C002,2026-06-28,오픈마켓,생활용품,353560,19295,334265,False,False
O18970,C002,2026-06-28,오픈마켓,패션잡화,320550,16112,304438,False,True
O18971,C002,2026-06-28,오픈마켓,생활용품,219139,8389,210750,False,False
O18972,C002,2026-06-28,오픈마켓,뷰티,36566,2552,34014,False,False
O18973,C002,2026-06-28,오픈마켓,디지털,56483,3319,53164,False,False
O18974,C003,2026-06-28,라이브,생활용품,400060,19862,380198,False,False
O18975,C003,2026-06-28,라이브,뷰티,135332,6462,0,True,False
O18976,C003,2026-06-28,라이브,패션잡화,409291,21127,0,True,False
O18977,C003,2026-06-28,라이브,디지털,371387,16102,355285,False,False
O18978,C003,2026-06-28,라이브,식품,336722,9283,327439,False,False
O18979,C003,2026-06-28,라이브,디지털,74983,4045,70938,False,False
O18980,C003,2026-06-28,라이브,뷰티,328848,9186,319662,False,False
O18981,C003,2026-06-28,라이브,뷰티,297470,9171,288299,False,False
O18982,C004,2026-06-28,오픈마켓,디지털,40519,2499,38020,False,False
O18983,C004,2026-06-28,오픈마켓,디지털,41657,1816,39841,False,False
O18984,C004,2026-06-28,오픈마켓,패션잡화,375291,19659,355632,False,False
O18985,C004,2026-06-28,오픈마켓,식품,216926,15970,200956,False,False
O18986,C004,2026-06-28,오픈마켓,디지털,241018,7615,233403,False,False
O18987,C004,2026-06-28,오픈마켓,패션잡화,219118,10855,208263,False,False
O18988,C004,2026-06-28,오픈마켓,디지털,167175,7209,159966,False,False
O18989,C004,2026-06-28,오픈마켓,생활용품,416086,28504,387582,False,False
O18990,C004,2026-06-28,오픈마켓,디지털,293595,14490,279105,False,False
O18991,C004,2026-06-28,오픈마켓,뷰티,405339,17085,388254,False,False
O18992,C004,2026-06-28,오픈마켓,디지털,228122,5799,222323,False,False
O18993,C004,2026-06-28,오픈마켓,생활용품,411429,10786,400643,False,False
O18994,C005,2026-06-28,자사몰,뷰티,50282,1271,49011,False,False
O18995,C005,2026-06-28,자사몰,식품,348789,20902,327887,False,False
O18996,C005,2026-06-28,자사몰,디지털,256684,17179,239505,False,False
O18997,C005,2026-06-28,자사몰,생활용품,257754,13582,244172,False,False
O18998,C005,2026-06-28,자사몰,식품,59635,2637,56998,False,True
O18999,C005,2026-06-28,자사몰,식품,212254,12190,200064,False,False
O19000,C005,2026-06-28,자사몰,디지털,303101,12840,290261,False,False
O19001,C005,2026-06-28,자사몰,디지털,104304,3716,100588,False,False
O19002,C005,2026-06-28,자사몰,뷰티,332150,18990,313160,False,False
O19003,C005,2026-06-28,자사몰,생활용품,377492,14230,0,True,False
O19004,C005,2026-06-28,자사몰,식품,274078,11687,262391,False,False
O19005,C005,2026-06-28,자사몰,디지털,201164,11805,0,True,False
O19006,C005,2026-06-28,자사몰,식품,301572,20475,281097,False,False
O19007,C005,2026-06-28,자사몰,디지털,180486,11784,168702,False,False
O19008,C001,2026-06-29,자사몰,식품,209360,14788,194572,False,False
O19009,C001,2026-06-29,자사몰,디지털,415423,20371,395052,False,False
O19010,C001,2026-06-29,자사몰,식품,381124,14568,366556,False,False
O19011,C001,2026-06-29,자사몰,패션잡화,96628,5065,91563,False,False
O19012,C001,2026-06-29,자사몰,패션잡화,140493,7687,132806,False,False
O19013,C001,2026-06-29,자사몰,생활용품,137574,4505,0,True,False
O19014,C001,2026-06-29,자사몰,생활용품,142395,4175,138220,False,False
O19015,C001,2026-06-29,자사몰,패션잡화,177172,10843,166329,False,False
O19016,C001,2026-06-29,자사몰,식품,202976,13632,189344,False,False
O19017,C001,2026-06-29,자사몰,뷰티,323893,17933,305960,False,False
O19018,C001,2026-06-29,자사몰,디지털,173940,7860,166080,False,False
O19019,C001,2026-06-29,자사몰,뷰티,228871,16538,212333,False,False
O19020,C001,2026-06-29,자사몰,디지털,256081,8557,0,True,False
O19021,C002,2026-06-29,오픈마켓,생활용품,218433,13510,204923,False,True
O19022,C002,2026-06-29,오픈마켓,생활용품,362046,23475,338571,False,False
O19023,C002,2026-06-29,오픈마켓,생활용품,414014,15369,398645,False,False
O19024,C002,2026-06-29,오픈마켓,뷰티,278002,17175,260827,False,False
O19025,C002,2026-06-29,오픈마켓,패션잡화,212241,14485,197756,False,False
O19026,C003,2026-06-29,라이브,뷰티,213718,14000,199718,False,False
O19027,C003,2026-06-29,라이브,뷰티,275231,10292,264939,False,False
O19028,C003,2026-06-29,라이브,생활용품,230129,6674,223455,False,False
O19029,C003,2026-06-29,라이브,뷰티,385512,18716,366796,False,False
O19030,C003,2026-06-29,라이브,식품,391735,16279,375456,False,False
O19031,C003,2026-06-29,라이브,생활용품,375004,12840,362164,False,False
O19032,C003,2026-06-29,라이브,식품,407781,24298,383483,False,False
O19033,C003,2026-06-29,라이브,패션잡화,253581,10483,243098,False,False
O19034,C003,2026-06-29,라이브,식품,158054,8775,149279,False,False
O19035,C003,2026-06-29,라이브,패션잡화,324407,9490,314917,False,False
O19036,C003,2026-06-29,라이브,디지털,370140,15735,354405,False,False
O19037,C003,2026-06-29,라이브,생활용품,79735,5362,74373,False,False
O19038,C004,2026-06-29,오픈마켓,생활용품,384286,23171,361115,False,False
O19039,C004,2026-06-29,오픈마켓,디지털,36506,1739,34767,False,False
O19040,C004,2026-06-29,오픈마켓,패션잡화,197892,7212,190680,False,False
O19041,C004,2026-06-29,오픈마켓,디지털,59758,4278,55480,False,False
O19042,C004,2026-06-29,오픈마켓,생활용품,147184,9712,137472,False,False
O19043,C004,2026-06-29,오픈마켓,디지털,57815,2487,55328,False,False
O19044,C004,2026-06-29,오픈마켓,뷰티,48682,1687,46995,False,False
O19045,C005,2026-06-29,자사몰,생활용품,190197,12758,177439,False,False
O19046,C005,2026-06-29,자사몰,뷰티,343990,9279,334711,False,False
O19047,C005,2026-06-29,자사몰,패션잡화,374479,27280,347199,False,False
O19048,C005,2026-06-29,자사몰,뷰티,94278,6623,87655,False,True
O19049,C005,2026-06-29,자사몰,식품,322295,21871,0,True,False
O19050,C005,2026-06-29,자사몰,패션잡화,38816,2397,36419,False,False
O19051,C005,2026-06-29,자사몰,패션잡화,115337,6523,108814,False,False
O19052,C005,2026-06-29,자사몰,디지털,354875,24822,330053,False,False
O19053,C005,2026-06-29,자사몰,생활용품,286226,16924,269302,False,False
O19054,C005,2026-06-29,자사몰,식품,310422,13510,296912,False,False
O19055,C005,2026-06-29,자사몰,식품,324580,18075,306505,False,False
O19056,C005,2026-06-29,자사몰,뷰티,329675,9627,320048,False,False
O19057,C005,2026-06-29,자사몰,생활용품,349092,9430,339662,False,False
O19058,C005,2026-06-29,자사몰,식품,323447,12147,311300,False,False
